[
    {
        "basicInfo": {
            "userID": 36511958,
            "name": "- Bous",
            "userType": 1,
            "iconID": 247,
            "level": 443
        },
        "userSettings": {
            "blockFriendRequests": false,
            "block_clan_requests": false,
            "equipped_emblem": 247
        },
        "friendStatus": 0,
        "stats": {
            "seasonal_stats": [
                {
                    "season": 0,
                    "ranked": {
                        "k": 4526,
                        "d": 4147,
                        "a": 568,
                        "w": 190,
                        "l": 203
                    },
                    "casual": {
                        "k": 0,
                        "d": 0,
                        "a": 0,
                        "w": 0,
                        "l": 0
                    },
                    "custom": {
                        "k": 21955,
                        "d": 13295,
                        "a": 1525,
                        "w": 0,
                        "l": 0
                    }
                },
                {
                    "season": 1,
                    "ranked": {
                        "k": 506,
                        "d": 392,
                        "a": 58,
                        "w": 22,
                        "l": 20
                    },
                    "casual": {
                        "k": 0,
                        "d": 0,
                        "a": 0,
                        "w": 2,
                        "l": 2
                    },
                    "custom": {
                        "k": 0,
                        "d": 0,
                        "a": 0,
                        "w": 0,
                        "l": 0
                    }
                },
                {
                    "season": 2,
                    "ranked": {
                        "k": 652,
                        "d": 455,
                        "a": 68,
                        "w": 22,
                        "l": 27
                    },
                    "casual": {
                        "k": 0,
                        "d": 0,
                        "a": 0,
                        "w": 2,
                        "l": 0
                    },
                    "custom": {
                        "k": 0,
                        "d": 0,
                        "a": 0,
                        "w": 0,
                        "l": 0
                    }
                },
                {
                    "season": 3,
                    "ranked": {
                        "k": 9683,
                        "d": 8553,
                        "a": 1041,
                        "w": 318,
                        "l": 259
                    },
                    "casual": {
                        "k": 3149,
                        "d": 1765,
                        "a": 297,
                        "w": 70,
                        "l": 48
                    },
                    "custom": {
                        "k": 8294,
                        "d": 6043,
                        "a": 78,
                        "w": 0,
                        "l": 0
                    }
                },
                {
                    "season": 4,
                    "ranked": {
                        "k": 7084,
                        "d": 6459,
                        "a": 810,
                        "w": 254,
                        "l": 209
                    },
                    "casual": {
                        "k": 3372,
                        "d": 2095,
                        "a": 341,
                        "w": 123,
                        "l": 50
                    },
                    "custom": {
                        "k": 5789,
                        "d": 4416,
                        "a": 50,
                        "w": 0,
                        "l": 0
                    }
                },
                {
                    "season": 5,
                    "ranked": {
                        "k": 3632,
                        "d": 2411,
                        "a": 320,
                        "w": 164,
                        "l": 49
                    },
                    "casual": {
                        "k": 2621,
                        "d": 1873,
                        "a": 299,
                        "w": 136,
                        "l": 51
                    },
                    "custom": {
                        "k": 1959,
                        "d": 2191,
                        "a": 107,
                        "w": 0,
                        "l": 0
                    }
                },
                {
                    "season": 6,
                    "ranked": {
                        "k": 744,
                        "d": 454,
                        "a": 46,
                        "w": 33,
                        "l": 10
                    },
                    "casual": {
                        "k": 2337,
                        "d": 1437,
                        "a": 278,
                        "w": 108,
                        "l": 29
                    },
                    "custom": {
                        "k": 705,
                        "d": 812,
                        "a": 24,
                        "w": 0,
                        "l": 0
                    }
                }
            ],
            "ranked": {
                "placement_matches_left": 0,
                "highest_rank": 9,
                "rating": 2208,
                "global_position": 147,
                "rank": 9
            }
        },
        "ban": null,
        "reports": []
    }
]