[
    {
        "basicInfo": {
            "userID": 52701336,
            "name": "- Kirito-",
            "userType": 1,
            "iconID": 42,
            "level": 634
        },
        "userSettings": {
            "blockFriendRequests": false,
            "block_clan_requests": false,
            "equipped_emblem": 42
        },
        "friendStatus": 0,
        "stats": {
            "seasonal_stats": [
                {
                    "season": 0,
                    "ranked": {
                        "k": 33909,
                        "d": 20714,
                        "a": 3954,
                        "w": 1918,
                        "l": 685
                    },
                    "casual": {
                        "k": 0,
                        "d": 0,
                        "a": 0,
                        "w": 0,
                        "l": 0
                    },
                    "custom": {
                        "k": 539500,
                        "d": 219561,
                        "a": 34571,
                        "w": 0,
                        "l": 0
                    }
                },
                {
                    "season": 1,
                    "ranked": {
                        "k": 997,
                        "d": 659,
                        "a": 89,
                        "w": 43,
                        "l": 27
                    },
                    "casual": {
                        "k": 0,
                        "d": 0,
                        "a": 0,
                        "w": 157,
                        "l": 15
                    },
                    "custom": {
                        "k": 0,
                        "d": 0,
                        "a": 0,
                        "w": 0,
                        "l": 0
                    }
                },
                {
                    "season": 2,
                    "ranked": {
                        "k": 1936,
                        "d": 1106,
                        "a": 197,
                        "w": 122,
                        "l": 32
                    },
                    "casual": {
                        "k": 969,
                        "d": 355,
                        "a": 50,
                        "w": 1877,
                        "l": 316
                    },
                    "custom": {
                        "k": 53,
                        "d": 51,
                        "a": 9,
                        "w": 0,
                        "l": 0
                    }
                },
                {
                    "season": 3,
                    "ranked": {
                        "k": 438,
                        "d": 346,
                        "a": 67,
                        "w": 23,
                        "l": 6
                    },
                    "casual": {
                        "k": 88029,
                        "d": 27426,
                        "a": 4227,
                        "w": 793,
                        "l": 111
                    },
                    "custom": {
                        "k": 9512,
                        "d": 7415,
                        "a": 1155,
                        "w": 0,
                        "l": 0
                    }
                },
                {
                    "season": 4,
                    "ranked": {
                        "k": 2972,
                        "d": 2334,
                        "a": 347,
                        "w": 115,
                        "l": 65
                    },
                    "casual": {
                        "k": 68525,
                        "d": 22844,
                        "a": 3018,
                        "w": 623,
                        "l": 82
                    },
                    "custom": {
                        "k": 10056,
                        "d": 7736,
                        "a": 1089,
                        "w": 0,
                        "l": 0
                    }
                },
                {
                    "season": 5,
                    "ranked": {
                        "k": 2439,
                        "d": 2214,
                        "a": 304,
                        "w": 100,
                        "l": 56
                    },
                    "casual": {
                        "k": 41630,
                        "d": 14359,
                        "a": 2062,
                        "w": 300,
                        "l": 36
                    },
                    "custom": {
                        "k": 6139,
                        "d": 4634,
                        "a": 715,
                        "w": 0,
                        "l": 0
                    }
                },
                {
                    "season": 6,
                    "ranked": {
                        "k": 1666,
                        "d": 1553,
                        "a": 251,
                        "w": 102,
                        "l": 19
                    },
                    "casual": {
                        "k": 17739,
                        "d": 6011,
                        "a": 862,
                        "w": 177,
                        "l": 24
                    },
                    "custom": {
                        "k": 861,
                        "d": 749,
                        "a": 94,
                        "w": 0,
                        "l": 0
                    }
                }
            ],
            "ranked": {
                "placement_matches_left": 0,
                "highest_rank": 9,
                "rating": 2318,
                "global_position": 35,
                "rank": 9
            }
        },
        "ban": null,
        "reports": [],
        "clan": {
            "basicInfo": {
                "name": "REIGN",
                "tag": "RGN"
            },
            "id": 4439,
            "memberRank": 10
        }
    }
]