[
    {
        "basicInfo": {
            "userID": 95904652,
            "name": "-A1phaa-",
            "userType": 1,
            "iconID": 318,
            "level": 338
        },
        "userSettings": {
            "blockFriendRequests": false,
            "block_clan_requests": false,
            "equipped_emblem": 20
        },
        "friendStatus": 0,
        "stats": {
            "seasonal_stats": [
                {
                    "season": 0,
                    "ranked": {
                        "k": 14076,
                        "d": 13123,
                        "a": 1881,
                        "w": 670,
                        "l": 607
                    },
                    "casual": {
                        "k": 0,
                        "d": 0,
                        "a": 0,
                        "w": 0,
                        "l": 0
                    },
                    "custom": {
                        "k": 78666,
                        "d": 51488,
                        "a": 7128,
                        "w": 0,
                        "l": 0
                    }
                },
                {
                    "season": 1,
                    "ranked": {
                        "k": 947,
                        "d": 873,
                        "a": 116,
                        "w": 45,
                        "l": 39
                    },
                    "casual": {
                        "k": 0,
                        "d": 0,
                        "a": 0,
                        "w": 99,
                        "l": 23
                    },
                    "custom": {
                        "k": 0,
                        "d": 0,
                        "a": 0,
                        "w": 0,
                        "l": 0
                    }
                },
                {
                    "season": 2,
                    "ranked": {
                        "k": 3899,
                        "d": 3860,
                        "a": 659,
                        "w": 191,
                        "l": 175
                    },
                    "casual": {
                        "k": 122,
                        "d": 72,
                        "a": 15,
                        "w": 206,
                        "l": 104
                    },
                    "custom": {
                        "k": 134,
                        "d": 115,
                        "a": 18,
                        "w": 0,
                        "l": 0
                    }
                },
                {
                    "season": 3,
                    "ranked": {
                        "k": 2694,
                        "d": 2893,
                        "a": 361,
                        "w": 98,
                        "l": 78
                    },
                    "casual": {
                        "k": 6303,
                        "d": 2629,
                        "a": 531,
                        "w": 163,
                        "l": 61
                    },
                    "custom": {
                        "k": 3629,
                        "d": 3608,
                        "a": 386,
                        "w": 0,
                        "l": 0
                    }
                },
                {
                    "season": 4,
                    "ranked": {
                        "k": 3234,
                        "d": 3937,
                        "a": 530,
                        "w": 130,
                        "l": 117
                    },
                    "casual": {
                        "k": 8971,
                        "d": 4361,
                        "a": 696,
                        "w": 113,
                        "l": 46
                    },
                    "custom": {
                        "k": 6062,
                        "d": 7104,
                        "a": 765,
                        "w": 0,
                        "l": 0
                    }
                },
                {
                    "season": 5,
                    "ranked": {
                        "k": 1884,
                        "d": 1325,
                        "a": 217,
                        "w": 61,
                        "l": 37
                    },
                    "casual": {
                        "k": 4324,
                        "d": 1663,
                        "a": 223,
                        "w": 38,
                        "l": 6
                    },
                    "custom": {
                        "k": 4779,
                        "d": 2520,
                        "a": 306,
                        "w": 0,
                        "l": 0
                    }
                },
                {
                    "season": 6,
                    "ranked": {
                        "k": 3128,
                        "d": 2092,
                        "a": 414,
                        "w": 167,
                        "l": 22
                    },
                    "casual": {
                        "k": 3745,
                        "d": 1194,
                        "a": 157,
                        "w": 37,
                        "l": 7
                    },
                    "custom": {
                        "k": 1910,
                        "d": 1686,
                        "a": 277,
                        "w": 0,
                        "l": 0
                    }
                }
            ],
            "ranked": {
                "placement_matches_left": 0,
                "highest_rank": 9,
                "rating": 2426,
                "global_position": 6,
                "rank": 9
            }
        },
        "ban": null,
        "reports": [],
        "clan": {
            "basicInfo": {
                "name": "Valorous Gaming",
                "tag": "VLRS"
            },
            "id": 78818,
            "memberRank": 10
        }
    }
]