[
    {
        "basicInfo": {
            "userID": 182938930,
            "name": "-Ax1Le-",
            "userType": 1,
            "iconID": 1,
            "level": 33
        },
        "userSettings": {
            "blockFriendRequests": false,
            "block_clan_requests": false,
            "equipped_emblem": 1
        },
        "friendStatus": 0,
        "stats": {
            "seasonal_stats": [
                {
                    "season": 0,
                    "ranked": {
                        "k": 0,
                        "d": 0,
                        "a": 0,
                        "w": 0,
                        "l": 0
                    },
                    "casual": {
                        "k": 0,
                        "d": 0,
                        "a": 0,
                        "w": 0,
                        "l": 0
                    },
                    "custom": {
                        "k": 0,
                        "d": 0,
                        "a": 0,
                        "w": 0,
                        "l": 0
                    }
                },
                {
                    "season": 1,
                    "ranked": {
                        "k": 0,
                        "d": 0,
                        "a": 0,
                        "w": 0,
                        "l": 0
                    },
                    "casual": {
                        "k": 0,
                        "d": 0,
                        "a": 0,
                        "w": 0,
                        "l": 0
                    },
                    "custom": {
                        "k": 0,
                        "d": 0,
                        "a": 0,
                        "w": 0,
                        "l": 0
                    }
                },
                {
                    "season": 2,
                    "ranked": {
                        "k": 0,
                        "d": 0,
                        "a": 0,
                        "w": 0,
                        "l": 0
                    },
                    "casual": {
                        "k": 0,
                        "d": 0,
                        "a": 0,
                        "w": 0,
                        "l": 0
                    },
                    "custom": {
                        "k": 0,
                        "d": 0,
                        "a": 0,
                        "w": 0,
                        "l": 0
                    }
                },
                {
                    "season": 3,
                    "ranked": {
                        "k": 26,
                        "d": 16,
                        "a": 2,
                        "w": 0,
                        "l": 1
                    },
                    "casual": {
                        "k": 281,
                        "d": 84,
                        "a": 16,
                        "w": 5,
                        "l": 1
                    },
                    "custom": {
                        "k": 0,
                        "d": 0,
                        "a": 0,
                        "w": 0,
                        "l": 0
                    }
                },
                {
                    "season": 4,
                    "ranked": {
                        "k": 553,
                        "d": 173,
                        "a": 35,
                        "w": 15,
                        "l": 2
                    },
                    "casual": {
                        "k": 503,
                        "d": 139,
                        "a": 25,
                        "w": 6,
                        "l": 1
                    },
                    "custom": {
                        "k": 19,
                        "d": 14,
                        "a": 4,
                        "w": 0,
                        "l": 0
                    }
                },
                {
                    "season": 5,
                    "ranked": {
                        "k": 575,
                        "d": 494,
                        "a": 77,
                        "w": 25,
                        "l": 9
                    },
                    "casual": {
                        "k": 204,
                        "d": 85,
                        "a": 18,
                        "w": 1,
                        "l": 0
                    },
                    "custom": {
                        "k": 0,
                        "d": 0,
                        "a": 0,
                        "w": 0,
                        "l": 0
                    }
                },
                {
                    "season": 6,
                    "ranked": {
                        "k": 561,
                        "d": 460,
                        "a": 65,
                        "w": 26,
                        "l": 7
                    },
                    "casual": {
                        "k": 681,
                        "d": 317,
                        "a": 42,
                        "w": 3,
                        "l": 0
                    },
                    "custom": {
                        "k": 177,
                        "d": 197,
                        "a": 50,
                        "w": 0,
                        "l": 0
                    }
                }
            ],
            "ranked": {
                "placement_matches_left": 0,
                "highest_rank": 9,
                "rating": 2205,
                "global_position": 154,
                "rank": 9
            }
        },
        "ban": null,
        "reports": []
    }
]