[
    {
        "basicInfo": {
            "userID": 55141644,
            "name": "-DemonicaL",
            "userType": 1,
            "iconID": 150,
            "level": 413
        },
        "userSettings": {
            "blockFriendRequests": false,
            "block_clan_requests": false,
            "equipped_emblem": 140
        },
        "friendStatus": 0,
        "stats": {
            "seasonal_stats": [
                {
                    "season": 0,
                    "ranked": {
                        "k": 18060,
                        "d": 12070,
                        "a": 1911,
                        "w": 1010,
                        "l": 438
                    },
                    "casual": {
                        "k": 0,
                        "d": 0,
                        "a": 0,
                        "w": 0,
                        "l": 0
                    },
                    "custom": {
                        "k": 106624,
                        "d": 41220,
                        "a": 5445,
                        "w": 0,
                        "l": 0
                    }
                },
                {
                    "season": 1,
                    "ranked": {
                        "k": 2161,
                        "d": 1387,
                        "a": 204,
                        "w": 115,
                        "l": 53
                    },
                    "casual": {
                        "k": 0,
                        "d": 0,
                        "a": 0,
                        "w": 246,
                        "l": 17
                    },
                    "custom": {
                        "k": 0,
                        "d": 0,
                        "a": 0,
                        "w": 0,
                        "l": 0
                    }
                },
                {
                    "season": 2,
                    "ranked": {
                        "k": 413,
                        "d": 302,
                        "a": 41,
                        "w": 28,
                        "l": 9
                    },
                    "casual": {
                        "k": 22,
                        "d": 17,
                        "a": 1,
                        "w": 272,
                        "l": 23
                    },
                    "custom": {
                        "k": 155,
                        "d": 112,
                        "a": 7,
                        "w": 0,
                        "l": 0
                    }
                },
                {
                    "season": 3,
                    "ranked": {
                        "k": 276,
                        "d": 185,
                        "a": 16,
                        "w": 10,
                        "l": 4
                    },
                    "casual": {
                        "k": 7571,
                        "d": 2611,
                        "a": 428,
                        "w": 48,
                        "l": 8
                    },
                    "custom": {
                        "k": 3421,
                        "d": 1989,
                        "a": 151,
                        "w": 0,
                        "l": 0
                    }
                },
                {
                    "season": 4,
                    "ranked": {
                        "k": 219,
                        "d": 118,
                        "a": 17,
                        "w": 7,
                        "l": 3
                    },
                    "casual": {
                        "k": 10823,
                        "d": 3345,
                        "a": 605,
                        "w": 170,
                        "l": 1
                    },
                    "custom": {
                        "k": 5082,
                        "d": 3258,
                        "a": 343,
                        "w": 0,
                        "l": 0
                    }
                },
                {
                    "season": 5,
                    "ranked": {
                        "k": 162,
                        "d": 96,
                        "a": 15,
                        "w": 7,
                        "l": 3
                    },
                    "casual": {
                        "k": 11482,
                        "d": 3578,
                        "a": 584,
                        "w": 43,
                        "l": 0
                    },
                    "custom": {
                        "k": 1419,
                        "d": 1032,
                        "a": 126,
                        "w": 0,
                        "l": 0
                    }
                },
                {
                    "season": 6,
                    "ranked": {
                        "k": 221,
                        "d": 176,
                        "a": 28,
                        "w": 13,
                        "l": 2
                    },
                    "casual": {
                        "k": 4530,
                        "d": 1467,
                        "a": 236,
                        "w": 2,
                        "l": 1
                    },
                    "custom": {
                        "k": 960,
                        "d": 689,
                        "a": 13,
                        "w": 0,
                        "l": 0
                    }
                }
            ],
            "ranked": {
                "placement_matches_left": 0,
                "highest_rank": 9,
                "rating": 2253,
                "global_position": 84,
                "rank": 9
            }
        },
        "ban": null,
        "reports": [],
        "clan": {
            "basicInfo": {
                "name": "Syntese X",
                "tag": "sX7"
            },
            "id": 78816,
            "memberRank": 40
        }
    }
]