[
    {
        "basicInfo": {
            "userID": 10838497,
            "name": "-kniGGel253",
            "userType": 1,
            "iconID": 110,
            "level": 913
        },
        "userSettings": {
            "blockFriendRequests": false,
            "block_clan_requests": false,
            "equipped_emblem": 315
        },
        "friendStatus": 0,
        "stats": {
            "seasonal_stats": [
                {
                    "season": 0,
                    "ranked": {
                        "k": 4483,
                        "d": 5037,
                        "a": 717,
                        "w": 221,
                        "l": 266
                    },
                    "casual": {
                        "k": 1,
                        "d": 0,
                        "a": 0,
                        "w": 1,
                        "l": 0
                    },
                    "custom": {
                        "k": 81857,
                        "d": 42772,
                        "a": 6675,
                        "w": 0,
                        "l": 0
                    }
                },
                {
                    "season": 1,
                    "ranked": {
                        "k": 443,
                        "d": 371,
                        "a": 52,
                        "w": 18,
                        "l": 20
                    },
                    "casual": {
                        "k": 0,
                        "d": 0,
                        "a": 0,
                        "w": 437,
                        "l": 194
                    },
                    "custom": {
                        "k": 0,
                        "d": 0,
                        "a": 0,
                        "w": 0,
                        "l": 0
                    }
                },
                {
                    "season": 2,
                    "ranked": {
                        "k": 387,
                        "d": 477,
                        "a": 71,
                        "w": 21,
                        "l": 27
                    },
                    "casual": {
                        "k": 14,
                        "d": 18,
                        "a": 0,
                        "w": 591,
                        "l": 413
                    },
                    "custom": {
                        "k": 11,
                        "d": 7,
                        "a": 0,
                        "w": 0,
                        "l": 0
                    }
                },
                {
                    "season": 3,
                    "ranked": {
                        "k": 576,
                        "d": 704,
                        "a": 76,
                        "w": 28,
                        "l": 18
                    },
                    "casual": {
                        "k": 8916,
                        "d": 5093,
                        "a": 883,
                        "w": 388,
                        "l": 131
                    },
                    "custom": {
                        "k": 1827,
                        "d": 1009,
                        "a": 88,
                        "w": 0,
                        "l": 0
                    }
                },
                {
                    "season": 4,
                    "ranked": {
                        "k": 4183,
                        "d": 4008,
                        "a": 517,
                        "w": 149,
                        "l": 122
                    },
                    "casual": {
                        "k": 7289,
                        "d": 4021,
                        "a": 752,
                        "w": 363,
                        "l": 74
                    },
                    "custom": {
                        "k": 3729,
                        "d": 1151,
                        "a": 84,
                        "w": 0,
                        "l": 0
                    }
                },
                {
                    "season": 5,
                    "ranked": {
                        "k": 1089,
                        "d": 787,
                        "a": 139,
                        "w": 49,
                        "l": 14
                    },
                    "casual": {
                        "k": 4553,
                        "d": 2645,
                        "a": 479,
                        "w": 223,
                        "l": 53
                    },
                    "custom": {
                        "k": 2450,
                        "d": 1235,
                        "a": 42,
                        "w": 0,
                        "l": 0
                    }
                },
                {
                    "season": 6,
                    "ranked": {
                        "k": 450,
                        "d": 320,
                        "a": 48,
                        "w": 20,
                        "l": 5
                    },
                    "casual": {
                        "k": 1602,
                        "d": 1058,
                        "a": 197,
                        "w": 61,
                        "l": 7
                    },
                    "custom": {
                        "k": 392,
                        "d": 184,
                        "a": 10,
                        "w": 0,
                        "l": 0
                    }
                }
            ],
            "ranked": {
                "placement_matches_left": 0,
                "highest_rank": 9,
                "rating": 2280,
                "global_position": 58,
                "rank": 9
            }
        },
        "ban": null,
        "reports": [],
        "clan": {
            "basicInfo": {
                "name": "Supreme Gaming",
                "tag": "s2G"
            },
            "id": 45369,
            "memberRank": 10
        }
    }
]