[
    {
        "basicInfo": {
            "userID": 187576198,
            "name": "0rgs",
            "userType": 1,
            "iconID": 0,
            "level": 49
        },
        "userSettings": {
            "blockFriendRequests": false,
            "block_clan_requests": false,
            "equipped_emblem": 307
        },
        "friendStatus": 0,
        "stats": {
            "seasonal_stats": [
                {
                    "season": 0,
                    "ranked": {
                        "k": 0,
                        "d": 0,
                        "a": 0,
                        "w": 0,
                        "l": 0
                    },
                    "casual": {
                        "k": 0,
                        "d": 0,
                        "a": 0,
                        "w": 0,
                        "l": 0
                    },
                    "custom": {
                        "k": 0,
                        "d": 0,
                        "a": 0,
                        "w": 0,
                        "l": 0
                    }
                },
                {
                    "season": 1,
                    "ranked": {
                        "k": 0,
                        "d": 0,
                        "a": 0,
                        "w": 0,
                        "l": 0
                    },
                    "casual": {
                        "k": 0,
                        "d": 0,
                        "a": 0,
                        "w": 0,
                        "l": 0
                    },
                    "custom": {
                        "k": 0,
                        "d": 0,
                        "a": 0,
                        "w": 0,
                        "l": 0
                    }
                },
                {
                    "season": 2,
                    "ranked": {
                        "k": 0,
                        "d": 0,
                        "a": 0,
                        "w": 0,
                        "l": 0
                    },
                    "casual": {
                        "k": 0,
                        "d": 0,
                        "a": 0,
                        "w": 0,
                        "l": 0
                    },
                    "custom": {
                        "k": 0,
                        "d": 0,
                        "a": 0,
                        "w": 0,
                        "l": 0
                    }
                },
                {
                    "season": 3,
                    "ranked": {
                        "k": 0,
                        "d": 0,
                        "a": 0,
                        "w": 0,
                        "l": 0
                    },
                    "casual": {
                        "k": 0,
                        "d": 0,
                        "a": 0,
                        "w": 0,
                        "l": 0
                    },
                    "custom": {
                        "k": 0,
                        "d": 0,
                        "a": 0,
                        "w": 0,
                        "l": 0
                    }
                },
                {
                    "season": 4,
                    "ranked": {
                        "k": 111,
                        "d": 33,
                        "a": 6,
                        "w": 5,
                        "l": 0
                    },
                    "casual": {
                        "k": 252,
                        "d": 70,
                        "a": 13,
                        "w": 3,
                        "l": 0
                    },
                    "custom": {
                        "k": 0,
                        "d": 0,
                        "a": 0,
                        "w": 0,
                        "l": 0
                    }
                },
                {
                    "season": 5,
                    "ranked": {
                        "k": 1384,
                        "d": 1112,
                        "a": 200,
                        "w": 45,
                        "l": 34
                    },
                    "casual": {
                        "k": 1111,
                        "d": 399,
                        "a": 63,
                        "w": 8,
                        "l": 0
                    },
                    "custom": {
                        "k": 2840,
                        "d": 1245,
                        "a": 96,
                        "w": 0,
                        "l": 0
                    }
                },
                {
                    "season": 6,
                    "ranked": {
                        "k": 1040,
                        "d": 862,
                        "a": 167,
                        "w": 52,
                        "l": 14
                    },
                    "casual": {
                        "k": 247,
                        "d": 113,
                        "a": 21,
                        "w": 1,
                        "l": 0
                    },
                    "custom": {
                        "k": 2231,
                        "d": 1926,
                        "a": 85,
                        "w": 0,
                        "l": 0
                    }
                }
            ],
            "ranked": {
                "placement_matches_left": 0,
                "highest_rank": 9,
                "rating": 2174,
                "global_position": 230,
                "rank": 9
            }
        },
        "ban": null,
        "reports": []
    }
]