[
    {
        "basicInfo": {
            "userID": 76784522,
            "name": "1ankey",
            "userType": 1,
            "iconID": 317,
            "level": 652
        },
        "userSettings": {
            "blockFriendRequests": false,
            "block_clan_requests": false,
            "equipped_emblem": 207
        },
        "friendStatus": 0,
        "stats": {
            "seasonal_stats": [
                {
                    "season": 0,
                    "ranked": {
                        "k": 12861,
                        "d": 11969,
                        "a": 1734,
                        "w": 652,
                        "l": 522
                    },
                    "casual": {
                        "k": 0,
                        "d": 0,
                        "a": 0,
                        "w": 0,
                        "l": 1
                    },
                    "custom": {
                        "k": 55879,
                        "d": 26118,
                        "a": 3614,
                        "w": 0,
                        "l": 0
                    }
                },
                {
                    "season": 1,
                    "ranked": {
                        "k": 5361,
                        "d": 4422,
                        "a": 710,
                        "w": 251,
                        "l": 206
                    },
                    "casual": {
                        "k": 0,
                        "d": 0,
                        "a": 0,
                        "w": 250,
                        "l": 86
                    },
                    "custom": {
                        "k": 0,
                        "d": 0,
                        "a": 0,
                        "w": 0,
                        "l": 0
                    }
                },
                {
                    "season": 2,
                    "ranked": {
                        "k": 16308,
                        "d": 13191,
                        "a": 2211,
                        "w": 782,
                        "l": 621
                    },
                    "casual": {
                        "k": 0,
                        "d": 0,
                        "a": 0,
                        "w": 210,
                        "l": 183
                    },
                    "custom": {
                        "k": 0,
                        "d": 0,
                        "a": 0,
                        "w": 0,
                        "l": 0
                    }
                },
                {
                    "season": 3,
                    "ranked": {
                        "k": 4697,
                        "d": 4656,
                        "a": 627,
                        "w": 164,
                        "l": 147
                    },
                    "casual": {
                        "k": 2980,
                        "d": 1504,
                        "a": 292,
                        "w": 54,
                        "l": 20
                    },
                    "custom": {
                        "k": 6311,
                        "d": 5323,
                        "a": 621,
                        "w": 0,
                        "l": 0
                    }
                },
                {
                    "season": 4,
                    "ranked": {
                        "k": 3741,
                        "d": 3215,
                        "a": 409,
                        "w": 125,
                        "l": 92
                    },
                    "casual": {
                        "k": 1749,
                        "d": 788,
                        "a": 125,
                        "w": 35,
                        "l": 4
                    },
                    "custom": {
                        "k": 13548,
                        "d": 2928,
                        "a": 360,
                        "w": 0,
                        "l": 0
                    }
                },
                {
                    "season": 5,
                    "ranked": {
                        "k": 3251,
                        "d": 2510,
                        "a": 319,
                        "w": 95,
                        "l": 82
                    },
                    "casual": {
                        "k": 444,
                        "d": 233,
                        "a": 41,
                        "w": 12,
                        "l": 1
                    },
                    "custom": {
                        "k": 653,
                        "d": 593,
                        "a": 85,
                        "w": 0,
                        "l": 0
                    }
                },
                {
                    "season": 6,
                    "ranked": {
                        "k": 1390,
                        "d": 1281,
                        "a": 190,
                        "w": 58,
                        "l": 31
                    },
                    "casual": {
                        "k": 183,
                        "d": 78,
                        "a": 19,
                        "w": 5,
                        "l": 2
                    },
                    "custom": {
                        "k": 279,
                        "d": 230,
                        "a": 36,
                        "w": 0,
                        "l": 0
                    }
                }
            ],
            "ranked": {
                "placement_matches_left": 0,
                "highest_rank": 9,
                "rating": 2184,
                "global_position": 202,
                "rank": 9
            }
        },
        "ban": null,
        "reports": [],
        "clan": {
            "basicInfo": {
                "name": "Warhawks",
                "tag": "PHWK"
            },
            "id": 100662,
            "memberRank": 10
        }
    }
]