[
    {
        "basicInfo": {
            "userID": 58827602,
            "name": "1kurby",
            "userType": 1,
            "iconID": 203,
            "level": 369
        },
        "userSettings": {
            "blockFriendRequests": false,
            "block_clan_requests": false,
            "equipped_emblem": 307
        },
        "friendStatus": 0,
        "stats": {
            "seasonal_stats": [
                {
                    "season": 0,
                    "ranked": {
                        "k": 8586,
                        "d": 7402,
                        "a": 835,
                        "w": 526,
                        "l": 302
                    },
                    "casual": {
                        "k": 0,
                        "d": 0,
                        "a": 0,
                        "w": 0,
                        "l": 0
                    },
                    "custom": {
                        "k": 94268,
                        "d": 53549,
                        "a": 6293,
                        "w": 0,
                        "l": 0
                    }
                },
                {
                    "season": 1,
                    "ranked": {
                        "k": 1136,
                        "d": 870,
                        "a": 113,
                        "w": 73,
                        "l": 37
                    },
                    "casual": {
                        "k": 0,
                        "d": 0,
                        "a": 0,
                        "w": 23,
                        "l": 4
                    },
                    "custom": {
                        "k": 0,
                        "d": 0,
                        "a": 0,
                        "w": 0,
                        "l": 0
                    }
                },
                {
                    "season": 2,
                    "ranked": {
                        "k": 3750,
                        "d": 3484,
                        "a": 419,
                        "w": 226,
                        "l": 141
                    },
                    "casual": {
                        "k": 20,
                        "d": 10,
                        "a": 1,
                        "w": 186,
                        "l": 73
                    },
                    "custom": {
                        "k": 196,
                        "d": 139,
                        "a": 16,
                        "w": 0,
                        "l": 0
                    }
                },
                {
                    "season": 3,
                    "ranked": {
                        "k": 2165,
                        "d": 1828,
                        "a": 217,
                        "w": 80,
                        "l": 50
                    },
                    "casual": {
                        "k": 9640,
                        "d": 3244,
                        "a": 590,
                        "w": 169,
                        "l": 49
                    },
                    "custom": {
                        "k": 5513,
                        "d": 5145,
                        "a": 537,
                        "w": 0,
                        "l": 0
                    }
                },
                {
                    "season": 4,
                    "ranked": {
                        "k": 1477,
                        "d": 1496,
                        "a": 153,
                        "w": 64,
                        "l": 40
                    },
                    "casual": {
                        "k": 8244,
                        "d": 3184,
                        "a": 502,
                        "w": 146,
                        "l": 28
                    },
                    "custom": {
                        "k": 3908,
                        "d": 4166,
                        "a": 424,
                        "w": 0,
                        "l": 0
                    }
                },
                {
                    "season": 5,
                    "ranked": {
                        "k": 626,
                        "d": 626,
                        "a": 78,
                        "w": 26,
                        "l": 17
                    },
                    "casual": {
                        "k": 6411,
                        "d": 2531,
                        "a": 342,
                        "w": 77,
                        "l": 22
                    },
                    "custom": {
                        "k": 1929,
                        "d": 2181,
                        "a": 204,
                        "w": 0,
                        "l": 0
                    }
                },
                {
                    "season": 6,
                    "ranked": {
                        "k": 365,
                        "d": 305,
                        "a": 43,
                        "w": 24,
                        "l": 3
                    },
                    "casual": {
                        "k": 3212,
                        "d": 1172,
                        "a": 170,
                        "w": 39,
                        "l": 7
                    },
                    "custom": {
                        "k": 659,
                        "d": 902,
                        "a": 86,
                        "w": 0,
                        "l": 0
                    }
                }
            ],
            "ranked": {
                "placement_matches_left": 0,
                "highest_rank": 9,
                "rating": 2259,
                "global_position": 75,
                "rank": 9
            }
        },
        "ban": null,
        "reports": [],
        "clan": {
            "basicInfo": {
                "name": "Team Privilege",
                "tag": "p V"
            },
            "id": 112691,
            "memberRank": 10
        }
    }
]