[
    {
        "basicInfo": {
            "userID": 43369050,
            "name": "1mirage",
            "userType": 1,
            "iconID": 52,
            "level": 183
        },
        "userSettings": {
            "blockFriendRequests": false,
            "block_clan_requests": false,
            "equipped_emblem": 204
        },
        "friendStatus": 0,
        "stats": {
            "seasonal_stats": [
                {
                    "season": 0,
                    "ranked": {
                        "k": 7607,
                        "d": 6568,
                        "a": 1034,
                        "w": 402,
                        "l": 229
                    },
                    "casual": {
                        "k": 0,
                        "d": 0,
                        "a": 0,
                        "w": 0,
                        "l": 0
                    },
                    "custom": {
                        "k": 171546,
                        "d": 110759,
                        "a": 12826,
                        "w": 0,
                        "l": 0
                    }
                },
                {
                    "season": 1,
                    "ranked": {
                        "k": 1089,
                        "d": 690,
                        "a": 117,
                        "w": 52,
                        "l": 27
                    },
                    "casual": {
                        "k": 0,
                        "d": 0,
                        "a": 0,
                        "w": 33,
                        "l": 7
                    },
                    "custom": {
                        "k": 0,
                        "d": 0,
                        "a": 0,
                        "w": 0,
                        "l": 0
                    }
                },
                {
                    "season": 2,
                    "ranked": {
                        "k": 1137,
                        "d": 847,
                        "a": 156,
                        "w": 55,
                        "l": 34
                    },
                    "casual": {
                        "k": 17,
                        "d": 9,
                        "a": 0,
                        "w": 282,
                        "l": 96
                    },
                    "custom": {
                        "k": 282,
                        "d": 234,
                        "a": 24,
                        "w": 1,
                        "l": 1
                    }
                },
                {
                    "season": 3,
                    "ranked": {
                        "k": 1519,
                        "d": 1265,
                        "a": 205,
                        "w": 62,
                        "l": 26
                    },
                    "casual": {
                        "k": 13906,
                        "d": 4926,
                        "a": 885,
                        "w": 228,
                        "l": 70
                    },
                    "custom": {
                        "k": 17998,
                        "d": 14741,
                        "a": 1412,
                        "w": 0,
                        "l": 0
                    }
                },
                {
                    "season": 4,
                    "ranked": {
                        "k": 1046,
                        "d": 812,
                        "a": 135,
                        "w": 33,
                        "l": 22
                    },
                    "casual": {
                        "k": 22438,
                        "d": 7192,
                        "a": 1295,
                        "w": 291,
                        "l": 56
                    },
                    "custom": {
                        "k": 18750,
                        "d": 15481,
                        "a": 1382,
                        "w": 0,
                        "l": 0
                    }
                },
                {
                    "season": 5,
                    "ranked": {
                        "k": 1203,
                        "d": 871,
                        "a": 153,
                        "w": 41,
                        "l": 23
                    },
                    "casual": {
                        "k": 14028,
                        "d": 4880,
                        "a": 782,
                        "w": 151,
                        "l": 40
                    },
                    "custom": {
                        "k": 8386,
                        "d": 6916,
                        "a": 774,
                        "w": 0,
                        "l": 0
                    }
                },
                {
                    "season": 6,
                    "ranked": {
                        "k": 196,
                        "d": 112,
                        "a": 29,
                        "w": 12,
                        "l": 0
                    },
                    "casual": {
                        "k": 4457,
                        "d": 1505,
                        "a": 268,
                        "w": 57,
                        "l": 11
                    },
                    "custom": {
                        "k": 2504,
                        "d": 2039,
                        "a": 220,
                        "w": 0,
                        "l": 0
                    }
                }
            ],
            "ranked": {
                "placement_matches_left": 0,
                "highest_rank": 9,
                "rating": 2246,
                "global_position": 91,
                "rank": 9
            }
        },
        "ban": null,
        "reports": [],
        "clan": {
            "basicInfo": {
                "name": "Team Privilege",
                "tag": "p V"
            },
            "id": 112691,
            "memberRank": 10
        }
    }
]