[
    {
        "basicInfo": {
            "userID": 69643815,
            "name": "1scott",
            "userType": 1,
            "iconID": 317,
            "level": 402
        },
        "userSettings": {
            "blockFriendRequests": false,
            "block_clan_requests": false,
            "equipped_emblem": 317
        },
        "friendStatus": 0,
        "stats": {
            "seasonal_stats": [
                {
                    "season": 0,
                    "ranked": {
                        "k": 6602,
                        "d": 4212,
                        "a": 826,
                        "w": 286,
                        "l": 193
                    },
                    "casual": {
                        "k": 0,
                        "d": 0,
                        "a": 0,
                        "w": 0,
                        "l": 0
                    },
                    "custom": {
                        "k": 48973,
                        "d": 30908,
                        "a": 4482,
                        "w": 0,
                        "l": 0
                    }
                },
                {
                    "season": 1,
                    "ranked": {
                        "k": 437,
                        "d": 318,
                        "a": 60,
                        "w": 21,
                        "l": 12
                    },
                    "casual": {
                        "k": 0,
                        "d": 0,
                        "a": 0,
                        "w": 3,
                        "l": 1
                    },
                    "custom": {
                        "k": 0,
                        "d": 0,
                        "a": 0,
                        "w": 0,
                        "l": 0
                    }
                },
                {
                    "season": 2,
                    "ranked": {
                        "k": 1824,
                        "d": 1384,
                        "a": 242,
                        "w": 84,
                        "l": 59
                    },
                    "casual": {
                        "k": 0,
                        "d": 0,
                        "a": 0,
                        "w": 17,
                        "l": 5
                    },
                    "custom": {
                        "k": 0,
                        "d": 0,
                        "a": 0,
                        "w": 0,
                        "l": 0
                    }
                },
                {
                    "season": 3,
                    "ranked": {
                        "k": 5864,
                        "d": 3549,
                        "a": 626,
                        "w": 214,
                        "l": 71
                    },
                    "casual": {
                        "k": 7567,
                        "d": 2504,
                        "a": 504,
                        "w": 140,
                        "l": 27
                    },
                    "custom": {
                        "k": 17005,
                        "d": 925,
                        "a": 107,
                        "w": 0,
                        "l": 0
                    }
                },
                {
                    "season": 4,
                    "ranked": {
                        "k": 2171,
                        "d": 1590,
                        "a": 289,
                        "w": 86,
                        "l": 40
                    },
                    "casual": {
                        "k": 13117,
                        "d": 4201,
                        "a": 789,
                        "w": 235,
                        "l": 36
                    },
                    "custom": {
                        "k": 9592,
                        "d": 7642,
                        "a": 1113,
                        "w": 0,
                        "l": 0
                    }
                },
                {
                    "season": 5,
                    "ranked": {
                        "k": 1631,
                        "d": 1147,
                        "a": 237,
                        "w": 84,
                        "l": 13
                    },
                    "casual": {
                        "k": 5657,
                        "d": 2067,
                        "a": 369,
                        "w": 96,
                        "l": 15
                    },
                    "custom": {
                        "k": 6943,
                        "d": 5552,
                        "a": 1007,
                        "w": 0,
                        "l": 0
                    }
                },
                {
                    "season": 6,
                    "ranked": {
                        "k": 1327,
                        "d": 782,
                        "a": 196,
                        "w": 74,
                        "l": 5
                    },
                    "casual": {
                        "k": 5065,
                        "d": 1657,
                        "a": 341,
                        "w": 95,
                        "l": 6
                    },
                    "custom": {
                        "k": 2506,
                        "d": 2050,
                        "a": 396,
                        "w": 0,
                        "l": 0
                    }
                }
            ],
            "ranked": {
                "placement_matches_left": 0,
                "highest_rank": 9,
                "rating": 2415,
                "global_position": 9,
                "rank": 9
            }
        },
        "ban": null,
        "reports": [],
        "clan": {
            "basicInfo": {
                "name": "SeMinaI",
                "tag": "SeM"
            },
            "id": 115034,
            "memberRank": 40
        }
    }
]