[
    {
        "basicInfo": {
            "userID": 69057014,
            "name": "1vape",
            "userType": 1,
            "iconID": 50,
            "level": 215
        },
        "userSettings": {
            "blockFriendRequests": true,
            "block_clan_requests": false,
            "equipped_emblem": 50
        },
        "friendStatus": 0,
        "stats": {
            "seasonal_stats": [
                {
                    "season": 0,
                    "ranked": {
                        "k": 14053,
                        "d": 12235,
                        "a": 1816,
                        "w": 706,
                        "l": 509
                    },
                    "casual": {
                        "k": 0,
                        "d": 0,
                        "a": 0,
                        "w": 0,
                        "l": 0
                    },
                    "custom": {
                        "k": 139614,
                        "d": 89583,
                        "a": 11847,
                        "w": 0,
                        "l": 0
                    }
                },
                {
                    "season": 1,
                    "ranked": {
                        "k": 1936,
                        "d": 1557,
                        "a": 241,
                        "w": 99,
                        "l": 66
                    },
                    "casual": {
                        "k": 0,
                        "d": 0,
                        "a": 0,
                        "w": 10,
                        "l": 0
                    },
                    "custom": {
                        "k": 0,
                        "d": 0,
                        "a": 0,
                        "w": 0,
                        "l": 0
                    }
                },
                {
                    "season": 2,
                    "ranked": {
                        "k": 1487,
                        "d": 1157,
                        "a": 181,
                        "w": 66,
                        "l": 53
                    },
                    "casual": {
                        "k": 0,
                        "d": 0,
                        "a": 0,
                        "w": 25,
                        "l": 19
                    },
                    "custom": {
                        "k": 142,
                        "d": 124,
                        "a": 11,
                        "w": 0,
                        "l": 0
                    }
                },
                {
                    "season": 3,
                    "ranked": {
                        "k": 2031,
                        "d": 1593,
                        "a": 255,
                        "w": 64,
                        "l": 51
                    },
                    "casual": {
                        "k": 5785,
                        "d": 2072,
                        "a": 390,
                        "w": 131,
                        "l": 35
                    },
                    "custom": {
                        "k": 14089,
                        "d": 12252,
                        "a": 1521,
                        "w": 0,
                        "l": 0
                    }
                },
                {
                    "season": 4,
                    "ranked": {
                        "k": 1350,
                        "d": 1180,
                        "a": 187,
                        "w": 48,
                        "l": 34
                    },
                    "casual": {
                        "k": 6416,
                        "d": 2370,
                        "a": 407,
                        "w": 119,
                        "l": 26
                    },
                    "custom": {
                        "k": 13375,
                        "d": 10735,
                        "a": 1410,
                        "w": 0,
                        "l": 0
                    }
                },
                {
                    "season": 5,
                    "ranked": {
                        "k": 438,
                        "d": 317,
                        "a": 65,
                        "w": 23,
                        "l": 4
                    },
                    "casual": {
                        "k": 309,
                        "d": 90,
                        "a": 16,
                        "w": 5,
                        "l": 0
                    },
                    "custom": {
                        "k": 6325,
                        "d": 5523,
                        "a": 749,
                        "w": 0,
                        "l": 0
                    }
                },
                {
                    "season": 6,
                    "ranked": {
                        "k": 524,
                        "d": 329,
                        "a": 96,
                        "w": 33,
                        "l": 2
                    },
                    "casual": {
                        "k": 62,
                        "d": 38,
                        "a": 2,
                        "w": 1,
                        "l": 0
                    },
                    "custom": {
                        "k": 2440,
                        "d": 2233,
                        "a": 404,
                        "w": 0,
                        "l": 0
                    }
                }
            ],
            "ranked": {
                "placement_matches_left": 0,
                "highest_rank": 9,
                "rating": 2353,
                "global_position": 25,
                "rank": 9
            }
        },
        "ban": null,
        "reports": [],
        "clan": {
            "basicInfo": {
                "name": "Team Privilege",
                "tag": "p V"
            },
            "id": 112691,
            "memberRank": 10
        }
    }
]