[
    {
        "basicInfo": {
            "userID": 126135260,
            "name": "7wirll",
            "userType": 1,
            "iconID": 213,
            "level": 343
        },
        "userSettings": {
            "blockFriendRequests": false,
            "block_clan_requests": false,
            "equipped_emblem": 315
        },
        "friendStatus": 0,
        "stats": {
            "seasonal_stats": [
                {
                    "season": 0,
                    "ranked": {
                        "k": 2908,
                        "d": 2207,
                        "a": 334,
                        "w": 129,
                        "l": 105
                    },
                    "casual": {
                        "k": 0,
                        "d": 0,
                        "a": 0,
                        "w": 0,
                        "l": 0
                    },
                    "custom": {
                        "k": 80822,
                        "d": 51498,
                        "a": 6756,
                        "w": 0,
                        "l": 0
                    }
                },
                {
                    "season": 1,
                    "ranked": {
                        "k": 3478,
                        "d": 3240,
                        "a": 406,
                        "w": 168,
                        "l": 139
                    },
                    "casual": {
                        "k": 0,
                        "d": 0,
                        "a": 0,
                        "w": 9,
                        "l": 0
                    },
                    "custom": {
                        "k": 0,
                        "d": 0,
                        "a": 0,
                        "w": 0,
                        "l": 0
                    }
                },
                {
                    "season": 2,
                    "ranked": {
                        "k": 9976,
                        "d": 9052,
                        "a": 1272,
                        "w": 485,
                        "l": 392
                    },
                    "casual": {
                        "k": 251,
                        "d": 126,
                        "a": 21,
                        "w": 120,
                        "l": 21
                    },
                    "custom": {
                        "k": 10,
                        "d": 20,
                        "a": 4,
                        "w": 0,
                        "l": 0
                    }
                },
                {
                    "season": 3,
                    "ranked": {
                        "k": 3204,
                        "d": 2964,
                        "a": 395,
                        "w": 113,
                        "l": 86
                    },
                    "casual": {
                        "k": 2059,
                        "d": 881,
                        "a": 166,
                        "w": 38,
                        "l": 6
                    },
                    "custom": {
                        "k": 5506,
                        "d": 6747,
                        "a": 687,
                        "w": 0,
                        "l": 0
                    }
                },
                {
                    "season": 4,
                    "ranked": {
                        "k": 1107,
                        "d": 1112,
                        "a": 139,
                        "w": 45,
                        "l": 32
                    },
                    "casual": {
                        "k": 3233,
                        "d": 1243,
                        "a": 222,
                        "w": 51,
                        "l": 7
                    },
                    "custom": {
                        "k": 4409,
                        "d": 5963,
                        "a": 544,
                        "w": 0,
                        "l": 0
                    }
                },
                {
                    "season": 5,
                    "ranked": {
                        "k": 3153,
                        "d": 3431,
                        "a": 446,
                        "w": 111,
                        "l": 107
                    },
                    "casual": {
                        "k": 1681,
                        "d": 676,
                        "a": 113,
                        "w": 21,
                        "l": 4
                    },
                    "custom": {
                        "k": 2575,
                        "d": 3128,
                        "a": 312,
                        "w": 0,
                        "l": 0
                    }
                },
                {
                    "season": 6,
                    "ranked": {
                        "k": 3337,
                        "d": 3360,
                        "a": 486,
                        "w": 134,
                        "l": 85
                    },
                    "casual": {
                        "k": 1350,
                        "d": 451,
                        "a": 98,
                        "w": 17,
                        "l": 1
                    },
                    "custom": {
                        "k": 1471,
                        "d": 1645,
                        "a": 150,
                        "w": 0,
                        "l": 0
                    }
                }
            ],
            "ranked": {
                "placement_matches_left": 0,
                "highest_rank": 9,
                "rating": 2184,
                "global_position": 207,
                "rank": 9
            }
        },
        "ban": null,
        "reports": [],
        "clan": {
            "basicInfo": {
                "name": "Vigorous eSports",
                "tag": "VGRS"
            },
            "id": 89355,
            "memberRank": 10
        }
    }
]