[
    {
        "basicInfo": {
            "userID": 34132079,
            "name": "_G T A_",
            "userType": 1,
            "iconID": 302,
            "level": 234
        },
        "userSettings": {
            "blockFriendRequests": false,
            "block_clan_requests": false,
            "equipped_emblem": 302
        },
        "friendStatus": 0,
        "stats": {
            "seasonal_stats": [
                {
                    "season": 0,
                    "ranked": {
                        "k": 25731,
                        "d": 19209,
                        "a": 2765,
                        "w": 1255,
                        "l": 906
                    },
                    "casual": {
                        "k": 0,
                        "d": 0,
                        "a": 0,
                        "w": 0,
                        "l": 0
                    },
                    "custom": {
                        "k": 204014,
                        "d": 112192,
                        "a": 15807,
                        "w": 0,
                        "l": 0
                    }
                },
                {
                    "season": 1,
                    "ranked": {
                        "k": 1443,
                        "d": 1283,
                        "a": 178,
                        "w": 66,
                        "l": 63
                    },
                    "casual": {
                        "k": 0,
                        "d": 0,
                        "a": 0,
                        "w": 1,
                        "l": 0
                    },
                    "custom": {
                        "k": 0,
                        "d": 0,
                        "a": 0,
                        "w": 0,
                        "l": 0
                    }
                },
                {
                    "season": 2,
                    "ranked": {
                        "k": 5135,
                        "d": 4774,
                        "a": 677,
                        "w": 287,
                        "l": 192
                    },
                    "casual": {
                        "k": 14,
                        "d": 7,
                        "a": 0,
                        "w": 117,
                        "l": 48
                    },
                    "custom": {
                        "k": 186,
                        "d": 167,
                        "a": 10,
                        "w": 0,
                        "l": 0
                    }
                },
                {
                    "season": 3,
                    "ranked": {
                        "k": 528,
                        "d": 394,
                        "a": 67,
                        "w": 25,
                        "l": 5
                    },
                    "casual": {
                        "k": 5805,
                        "d": 2210,
                        "a": 373,
                        "w": 20,
                        "l": 12
                    },
                    "custom": {
                        "k": 7576,
                        "d": 7141,
                        "a": 587,
                        "w": 0,
                        "l": 0
                    }
                },
                {
                    "season": 4,
                    "ranked": {
                        "k": 3003,
                        "d": 2523,
                        "a": 330,
                        "w": 83,
                        "l": 74
                    },
                    "casual": {
                        "k": 2793,
                        "d": 1211,
                        "a": 164,
                        "w": 17,
                        "l": 0
                    },
                    "custom": {
                        "k": 8950,
                        "d": 8608,
                        "a": 1061,
                        "w": 0,
                        "l": 0
                    }
                },
                {
                    "season": 5,
                    "ranked": {
                        "k": 2466,
                        "d": 2054,
                        "a": 297,
                        "w": 82,
                        "l": 55
                    },
                    "casual": {
                        "k": 3273,
                        "d": 1319,
                        "a": 174,
                        "w": 13,
                        "l": 1
                    },
                    "custom": {
                        "k": 5910,
                        "d": 4675,
                        "a": 592,
                        "w": 0,
                        "l": 0
                    }
                },
                {
                    "season": 6,
                    "ranked": {
                        "k": 1677,
                        "d": 1307,
                        "a": 224,
                        "w": 65,
                        "l": 25
                    },
                    "casual": {
                        "k": 486,
                        "d": 206,
                        "a": 45,
                        "w": 1,
                        "l": 0
                    },
                    "custom": {
                        "k": 1871,
                        "d": 1678,
                        "a": 294,
                        "w": 0,
                        "l": 0
                    }
                }
            ],
            "ranked": {
                "placement_matches_left": 0,
                "highest_rank": 9,
                "rating": 2167,
                "global_position": 245,
                "rank": 9
            }
        },
        "ban": null,
        "reports": [],
        "clan": {
            "basicInfo": {
                "name": "Whelve",
                "tag": "WlV"
            },
            "id": 93498,
            "memberRank": 40
        }
    }
]