[
    {
        "basicInfo": {
            "userID": 135056978,
            "name": "A lex",
            "userType": 1,
            "iconID": 41,
            "level": 231
        },
        "userSettings": {
            "blockFriendRequests": false,
            "block_clan_requests": false,
            "equipped_emblem": 41
        },
        "friendStatus": 0,
        "stats": {
            "seasonal_stats": [
                {
                    "season": 0,
                    "ranked": {
                        "k": 1487,
                        "d": 928,
                        "a": 104,
                        "w": 66,
                        "l": 42
                    },
                    "casual": {
                        "k": 0,
                        "d": 0,
                        "a": 0,
                        "w": 0,
                        "l": 0
                    },
                    "custom": {
                        "k": 1958,
                        "d": 976,
                        "a": 167,
                        "w": 0,
                        "l": 0
                    }
                },
                {
                    "season": 1,
                    "ranked": {
                        "k": 951,
                        "d": 637,
                        "a": 93,
                        "w": 44,
                        "l": 27
                    },
                    "casual": {
                        "k": 0,
                        "d": 0,
                        "a": 0,
                        "w": 7,
                        "l": 3
                    },
                    "custom": {
                        "k": 0,
                        "d": 0,
                        "a": 0,
                        "w": 0,
                        "l": 0
                    }
                },
                {
                    "season": 2,
                    "ranked": {
                        "k": 7,
                        "d": 11,
                        "a": 1,
                        "w": 0,
                        "l": 1
                    },
                    "casual": {
                        "k": 0,
                        "d": 0,
                        "a": 0,
                        "w": 5,
                        "l": 2
                    },
                    "custom": {
                        "k": 0,
                        "d": 0,
                        "a": 0,
                        "w": 0,
                        "l": 0
                    }
                },
                {
                    "season": 3,
                    "ranked": {
                        "k": 2741,
                        "d": 2560,
                        "a": 339,
                        "w": 91,
                        "l": 82
                    },
                    "casual": {
                        "k": 5222,
                        "d": 2573,
                        "a": 415,
                        "w": 117,
                        "l": 43
                    },
                    "custom": {
                        "k": 2472,
                        "d": 1539,
                        "a": 14,
                        "w": 0,
                        "l": 0
                    }
                },
                {
                    "season": 4,
                    "ranked": {
                        "k": 5107,
                        "d": 3907,
                        "a": 596,
                        "w": 161,
                        "l": 113
                    },
                    "casual": {
                        "k": 11916,
                        "d": 4892,
                        "a": 880,
                        "w": 102,
                        "l": 21
                    },
                    "custom": {
                        "k": 6515,
                        "d": 4918,
                        "a": 213,
                        "w": 0,
                        "l": 0
                    }
                },
                {
                    "season": 5,
                    "ranked": {
                        "k": 4377,
                        "d": 3577,
                        "a": 556,
                        "w": 134,
                        "l": 110
                    },
                    "casual": {
                        "k": 3767,
                        "d": 1745,
                        "a": 232,
                        "w": 24,
                        "l": 9
                    },
                    "custom": {
                        "k": 3663,
                        "d": 2858,
                        "a": 144,
                        "w": 0,
                        "l": 0
                    }
                },
                {
                    "season": 6,
                    "ranked": {
                        "k": 626,
                        "d": 498,
                        "a": 79,
                        "w": 34,
                        "l": 6
                    },
                    "casual": {
                        "k": 1336,
                        "d": 566,
                        "a": 84,
                        "w": 12,
                        "l": 6
                    },
                    "custom": {
                        "k": 1230,
                        "d": 864,
                        "a": 70,
                        "w": 0,
                        "l": 0
                    }
                }
            ],
            "ranked": {
                "placement_matches_left": 0,
                "highest_rank": 9,
                "rating": 2266,
                "global_position": 69,
                "rank": 9
            }
        },
        "ban": null,
        "reports": [],
        "clan": {
            "basicInfo": {
                "name": "Whelve",
                "tag": "WlV"
            },
            "id": 93498,
            "memberRank": 10
        }
    }
]