[
    {
        "basicInfo": {
            "userID": 105691360,
            "name": "A zur",
            "userType": 1,
            "iconID": 318,
            "level": 243
        },
        "userSettings": {
            "blockFriendRequests": false,
            "block_clan_requests": false,
            "equipped_emblem": 59
        },
        "friendStatus": 0,
        "stats": {
            "seasonal_stats": [
                {
                    "season": 0,
                    "ranked": {
                        "k": 5583,
                        "d": 3937,
                        "a": 622,
                        "w": 251,
                        "l": 229
                    },
                    "casual": {
                        "k": 0,
                        "d": 0,
                        "a": 0,
                        "w": 2,
                        "l": 4
                    },
                    "custom": {
                        "k": 20342,
                        "d": 10448,
                        "a": 1590,
                        "w": 0,
                        "l": 0
                    }
                },
                {
                    "season": 1,
                    "ranked": {
                        "k": 1732,
                        "d": 1660,
                        "a": 207,
                        "w": 80,
                        "l": 86
                    },
                    "casual": {
                        "k": 0,
                        "d": 0,
                        "a": 0,
                        "w": 74,
                        "l": 33
                    },
                    "custom": {
                        "k": 0,
                        "d": 0,
                        "a": 0,
                        "w": 0,
                        "l": 0
                    }
                },
                {
                    "season": 2,
                    "ranked": {
                        "k": 167,
                        "d": 161,
                        "a": 23,
                        "w": 12,
                        "l": 7
                    },
                    "casual": {
                        "k": 0,
                        "d": 0,
                        "a": 0,
                        "w": 35,
                        "l": 26
                    },
                    "custom": {
                        "k": 0,
                        "d": 0,
                        "a": 0,
                        "w": 0,
                        "l": 0
                    }
                },
                {
                    "season": 3,
                    "ranked": {
                        "k": 5030,
                        "d": 4140,
                        "a": 573,
                        "w": 170,
                        "l": 121
                    },
                    "casual": {
                        "k": 11226,
                        "d": 5005,
                        "a": 696,
                        "w": 180,
                        "l": 76
                    },
                    "custom": {
                        "k": 8024,
                        "d": 3867,
                        "a": 462,
                        "w": 0,
                        "l": 0
                    }
                },
                {
                    "season": 4,
                    "ranked": {
                        "k": 6692,
                        "d": 4937,
                        "a": 658,
                        "w": 185,
                        "l": 168
                    },
                    "casual": {
                        "k": 8304,
                        "d": 3570,
                        "a": 582,
                        "w": 185,
                        "l": 33
                    },
                    "custom": {
                        "k": 4155,
                        "d": 3263,
                        "a": 413,
                        "w": 0,
                        "l": 0
                    }
                },
                {
                    "season": 5,
                    "ranked": {
                        "k": 2507,
                        "d": 2260,
                        "a": 340,
                        "w": 79,
                        "l": 75
                    },
                    "casual": {
                        "k": 2591,
                        "d": 1303,
                        "a": 226,
                        "w": 28,
                        "l": 3
                    },
                    "custom": {
                        "k": 928,
                        "d": 751,
                        "a": 111,
                        "w": 0,
                        "l": 0
                    }
                },
                {
                    "season": 6,
                    "ranked": {
                        "k": 1438,
                        "d": 1287,
                        "a": 216,
                        "w": 72,
                        "l": 22
                    },
                    "casual": {
                        "k": 2525,
                        "d": 1167,
                        "a": 165,
                        "w": 20,
                        "l": 5
                    },
                    "custom": {
                        "k": 888,
                        "d": 833,
                        "a": 105,
                        "w": 0,
                        "l": 0
                    }
                }
            ],
            "ranked": {
                "placement_matches_left": 0,
                "highest_rank": 9,
                "rating": 2192,
                "global_position": 190,
                "rank": 9
            }
        },
        "ban": null,
        "reports": [],
        "clan": {
            "basicInfo": {
                "name": "Vision Gaming GG",
                "tag": "vsn"
            },
            "id": 40509,
            "memberRank": 10
        }
    }
]