[
    {
        "basicInfo": {
            "userID": 189600711,
            "name": "Abandon",
            "userType": 1,
            "iconID": 1,
            "level": 72
        },
        "userSettings": {
            "blockFriendRequests": true,
            "block_clan_requests": false,
            "equipped_emblem": 315
        },
        "friendStatus": 0,
        "stats": {
            "seasonal_stats": [
                {
                    "season": 0,
                    "ranked": {
                        "k": 0,
                        "d": 0,
                        "a": 0,
                        "w": 0,
                        "l": 0
                    },
                    "casual": {
                        "k": 0,
                        "d": 0,
                        "a": 0,
                        "w": 0,
                        "l": 0
                    },
                    "custom": {
                        "k": 0,
                        "d": 0,
                        "a": 0,
                        "w": 0,
                        "l": 0
                    }
                },
                {
                    "season": 1,
                    "ranked": {
                        "k": 0,
                        "d": 0,
                        "a": 0,
                        "w": 0,
                        "l": 0
                    },
                    "casual": {
                        "k": 0,
                        "d": 0,
                        "a": 0,
                        "w": 0,
                        "l": 0
                    },
                    "custom": {
                        "k": 0,
                        "d": 0,
                        "a": 0,
                        "w": 0,
                        "l": 0
                    }
                },
                {
                    "season": 2,
                    "ranked": {
                        "k": 0,
                        "d": 0,
                        "a": 0,
                        "w": 0,
                        "l": 0
                    },
                    "casual": {
                        "k": 0,
                        "d": 0,
                        "a": 0,
                        "w": 0,
                        "l": 0
                    },
                    "custom": {
                        "k": 0,
                        "d": 0,
                        "a": 0,
                        "w": 0,
                        "l": 0
                    }
                },
                {
                    "season": 3,
                    "ranked": {
                        "k": 0,
                        "d": 0,
                        "a": 0,
                        "w": 0,
                        "l": 0
                    },
                    "casual": {
                        "k": 0,
                        "d": 0,
                        "a": 0,
                        "w": 0,
                        "l": 0
                    },
                    "custom": {
                        "k": 0,
                        "d": 0,
                        "a": 0,
                        "w": 0,
                        "l": 0
                    }
                },
                {
                    "season": 4,
                    "ranked": {
                        "k": 1609,
                        "d": 898,
                        "a": 166,
                        "w": 56,
                        "l": 24
                    },
                    "casual": {
                        "k": 7825,
                        "d": 2135,
                        "a": 446,
                        "w": 63,
                        "l": 6
                    },
                    "custom": {
                        "k": 1235,
                        "d": 368,
                        "a": 11,
                        "w": 0,
                        "l": 0
                    }
                },
                {
                    "season": 5,
                    "ranked": {
                        "k": 939,
                        "d": 664,
                        "a": 109,
                        "w": 35,
                        "l": 15
                    },
                    "casual": {
                        "k": 4177,
                        "d": 1153,
                        "a": 259,
                        "w": 53,
                        "l": 5
                    },
                    "custom": {
                        "k": 679,
                        "d": 302,
                        "a": 1,
                        "w": 0,
                        "l": 0
                    }
                },
                {
                    "season": 6,
                    "ranked": {
                        "k": 335,
                        "d": 170,
                        "a": 41,
                        "w": 16,
                        "l": 2
                    },
                    "casual": {
                        "k": 7048,
                        "d": 2018,
                        "a": 430,
                        "w": 112,
                        "l": 9
                    },
                    "custom": {
                        "k": 642,
                        "d": 480,
                        "a": 9,
                        "w": 0,
                        "l": 0
                    }
                }
            ],
            "ranked": {
                "placement_matches_left": 0,
                "highest_rank": 9,
                "rating": 2177,
                "global_position": 226,
                "rank": 9
            }
        },
        "ban": null,
        "reports": []
    }
]