[
    {
        "basicInfo": {
            "userID": 152050362,
            "name": "Adabliu",
            "userType": 1,
            "iconID": 0,
            "level": 327
        },
        "userSettings": {
            "blockFriendRequests": false,
            "block_clan_requests": false,
            "equipped_emblem": 282
        },
        "friendStatus": 0,
        "stats": {
            "seasonal_stats": [
                {
                    "season": 0,
                    "ranked": {
                        "k": 0,
                        "d": 0,
                        "a": 0,
                        "w": 0,
                        "l": 0
                    },
                    "casual": {
                        "k": 0,
                        "d": 0,
                        "a": 0,
                        "w": 0,
                        "l": 0
                    },
                    "custom": {
                        "k": 10894,
                        "d": 9371,
                        "a": 1143,
                        "w": 0,
                        "l": 0
                    }
                },
                {
                    "season": 1,
                    "ranked": {
                        "k": 48,
                        "d": 62,
                        "a": 5,
                        "w": 4,
                        "l": 2
                    },
                    "casual": {
                        "k": 0,
                        "d": 0,
                        "a": 0,
                        "w": 17,
                        "l": 18
                    },
                    "custom": {
                        "k": 0,
                        "d": 0,
                        "a": 0,
                        "w": 0,
                        "l": 0
                    }
                },
                {
                    "season": 2,
                    "ranked": {
                        "k": 2698,
                        "d": 2785,
                        "a": 356,
                        "w": 141,
                        "l": 131
                    },
                    "casual": {
                        "k": 0,
                        "d": 0,
                        "a": 0,
                        "w": 202,
                        "l": 193
                    },
                    "custom": {
                        "k": 70,
                        "d": 66,
                        "a": 0,
                        "w": 0,
                        "l": 0
                    }
                },
                {
                    "season": 3,
                    "ranked": {
                        "k": 3661,
                        "d": 3457,
                        "a": 483,
                        "w": 123,
                        "l": 119
                    },
                    "casual": {
                        "k": 3641,
                        "d": 1360,
                        "a": 256,
                        "w": 54,
                        "l": 13
                    },
                    "custom": {
                        "k": 2556,
                        "d": 1899,
                        "a": 139,
                        "w": 0,
                        "l": 0
                    }
                },
                {
                    "season": 4,
                    "ranked": {
                        "k": 5706,
                        "d": 4803,
                        "a": 670,
                        "w": 208,
                        "l": 149
                    },
                    "casual": {
                        "k": 11697,
                        "d": 5323,
                        "a": 848,
                        "w": 101,
                        "l": 30
                    },
                    "custom": {
                        "k": 13589,
                        "d": 6736,
                        "a": 682,
                        "w": 0,
                        "l": 0
                    }
                },
                {
                    "season": 5,
                    "ranked": {
                        "k": 2532,
                        "d": 1978,
                        "a": 362,
                        "w": 156,
                        "l": 24
                    },
                    "casual": {
                        "k": 16282,
                        "d": 7104,
                        "a": 1115,
                        "w": 113,
                        "l": 32
                    },
                    "custom": {
                        "k": 4170,
                        "d": 3856,
                        "a": 424,
                        "w": 0,
                        "l": 0
                    }
                },
                {
                    "season": 6,
                    "ranked": {
                        "k": 423,
                        "d": 372,
                        "a": 69,
                        "w": 27,
                        "l": 6
                    },
                    "casual": {
                        "k": 1269,
                        "d": 525,
                        "a": 88,
                        "w": 10,
                        "l": 1
                    },
                    "custom": {
                        "k": 380,
                        "d": 423,
                        "a": 21,
                        "w": 0,
                        "l": 0
                    }
                }
            ],
            "ranked": {
                "placement_matches_left": 0,
                "highest_rank": 9,
                "rating": 2222,
                "global_position": 122,
                "rank": 9
            }
        },
        "ban": null,
        "reports": []
    }
]