[
    {
        "basicInfo": {
            "userID": 84235148,
            "name": "adammQ",
            "userType": 1,
            "iconID": 317,
            "level": 224
        },
        "userSettings": {
            "blockFriendRequests": true,
            "block_clan_requests": false,
            "equipped_emblem": 1
        },
        "friendStatus": 0,
        "stats": {
            "seasonal_stats": [
                {
                    "season": 0,
                    "ranked": {
                        "k": 2352,
                        "d": 2221,
                        "a": 285,
                        "w": 110,
                        "l": 85
                    },
                    "casual": {
                        "k": 0,
                        "d": 0,
                        "a": 0,
                        "w": 0,
                        "l": 0
                    },
                    "custom": {
                        "k": 5381,
                        "d": 3207,
                        "a": 468,
                        "w": 0,
                        "l": 0
                    }
                },
                {
                    "season": 1,
                    "ranked": {
                        "k": 57,
                        "d": 20,
                        "a": 4,
                        "w": 3,
                        "l": 0
                    },
                    "casual": {
                        "k": 0,
                        "d": 0,
                        "a": 0,
                        "w": 0,
                        "l": 0
                    },
                    "custom": {
                        "k": 0,
                        "d": 0,
                        "a": 0,
                        "w": 0,
                        "l": 0
                    }
                },
                {
                    "season": 2,
                    "ranked": {
                        "k": 528,
                        "d": 314,
                        "a": 45,
                        "w": 19,
                        "l": 17
                    },
                    "casual": {
                        "k": 0,
                        "d": 0,
                        "a": 0,
                        "w": 9,
                        "l": 2
                    },
                    "custom": {
                        "k": 0,
                        "d": 0,
                        "a": 0,
                        "w": 0,
                        "l": 0
                    }
                },
                {
                    "season": 3,
                    "ranked": {
                        "k": 4785,
                        "d": 3758,
                        "a": 512,
                        "w": 168,
                        "l": 104
                    },
                    "casual": {
                        "k": 1581,
                        "d": 603,
                        "a": 99,
                        "w": 14,
                        "l": 9
                    },
                    "custom": {
                        "k": 6376,
                        "d": 1100,
                        "a": 132,
                        "w": 0,
                        "l": 0
                    }
                },
                {
                    "season": 4,
                    "ranked": {
                        "k": 4571,
                        "d": 3812,
                        "a": 552,
                        "w": 176,
                        "l": 97
                    },
                    "casual": {
                        "k": 7298,
                        "d": 2447,
                        "a": 483,
                        "w": 85,
                        "l": 15
                    },
                    "custom": {
                        "k": 5721,
                        "d": 5103,
                        "a": 642,
                        "w": 0,
                        "l": 0
                    }
                },
                {
                    "season": 5,
                    "ranked": {
                        "k": 3337,
                        "d": 2481,
                        "a": 406,
                        "w": 116,
                        "l": 72
                    },
                    "casual": {
                        "k": 4664,
                        "d": 1521,
                        "a": 213,
                        "w": 17,
                        "l": 6
                    },
                    "custom": {
                        "k": 2457,
                        "d": 2098,
                        "a": 351,
                        "w": 0,
                        "l": 0
                    }
                },
                {
                    "season": 6,
                    "ranked": {
                        "k": 2360,
                        "d": 1653,
                        "a": 365,
                        "w": 127,
                        "l": 21
                    },
                    "casual": {
                        "k": 3367,
                        "d": 1000,
                        "a": 157,
                        "w": 29,
                        "l": 1
                    },
                    "custom": {
                        "k": 322,
                        "d": 253,
                        "a": 42,
                        "w": 0,
                        "l": 0
                    }
                }
            ],
            "ranked": {
                "placement_matches_left": 0,
                "highest_rank": 9,
                "rating": 2346,
                "global_position": 27,
                "rank": 9
            }
        },
        "ban": null,
        "reports": [],
        "clan": {
            "basicInfo": {
                "name": "Extreme Gaming",
                "tag": "eX"
            },
            "id": 78837,
            "memberRank": 10
        }
    }
]