[
    {
        "basicInfo": {
            "userID": 32089339,
            "name": "Adulkeat",
            "userType": 1,
            "iconID": 67,
            "level": 520
        },
        "userSettings": {
            "blockFriendRequests": false,
            "block_clan_requests": false,
            "equipped_emblem": 67
        },
        "friendStatus": 0,
        "stats": {
            "seasonal_stats": [
                {
                    "season": 0,
                    "ranked": {
                        "k": 3760,
                        "d": 2223,
                        "a": 444,
                        "w": 155,
                        "l": 114
                    },
                    "casual": {
                        "k": 0,
                        "d": 0,
                        "a": 0,
                        "w": 0,
                        "l": 0
                    },
                    "custom": {
                        "k": 40072,
                        "d": 24279,
                        "a": 3616,
                        "w": 0,
                        "l": 0
                    }
                },
                {
                    "season": 1,
                    "ranked": {
                        "k": 2579,
                        "d": 1748,
                        "a": 291,
                        "w": 113,
                        "l": 77
                    },
                    "casual": {
                        "k": 0,
                        "d": 0,
                        "a": 0,
                        "w": 176,
                        "l": 18
                    },
                    "custom": {
                        "k": 0,
                        "d": 0,
                        "a": 0,
                        "w": 0,
                        "l": 0
                    }
                },
                {
                    "season": 2,
                    "ranked": {
                        "k": 11322,
                        "d": 8572,
                        "a": 1366,
                        "w": 518,
                        "l": 386
                    },
                    "casual": {
                        "k": 20,
                        "d": 3,
                        "a": 0,
                        "w": 213,
                        "l": 77
                    },
                    "custom": {
                        "k": 199,
                        "d": 150,
                        "a": 17,
                        "w": 0,
                        "l": 0
                    }
                },
                {
                    "season": 3,
                    "ranked": {
                        "k": 7262,
                        "d": 5395,
                        "a": 788,
                        "w": 215,
                        "l": 159
                    },
                    "casual": {
                        "k": 2693,
                        "d": 987,
                        "a": 186,
                        "w": 51,
                        "l": 24
                    },
                    "custom": {
                        "k": 7957,
                        "d": 6618,
                        "a": 835,
                        "w": 0,
                        "l": 0
                    }
                },
                {
                    "season": 4,
                    "ranked": {
                        "k": 1912,
                        "d": 1569,
                        "a": 224,
                        "w": 67,
                        "l": 44
                    },
                    "casual": {
                        "k": 1026,
                        "d": 428,
                        "a": 96,
                        "w": 26,
                        "l": 1
                    },
                    "custom": {
                        "k": 5504,
                        "d": 4350,
                        "a": 612,
                        "w": 0,
                        "l": 0
                    }
                },
                {
                    "season": 5,
                    "ranked": {
                        "k": 2350,
                        "d": 1947,
                        "a": 327,
                        "w": 94,
                        "l": 50
                    },
                    "casual": {
                        "k": 804,
                        "d": 326,
                        "a": 79,
                        "w": 4,
                        "l": 1
                    },
                    "custom": {
                        "k": 2810,
                        "d": 2683,
                        "a": 402,
                        "w": 0,
                        "l": 0
                    }
                },
                {
                    "season": 6,
                    "ranked": {
                        "k": 1773,
                        "d": 1372,
                        "a": 271,
                        "w": 79,
                        "l": 25
                    },
                    "casual": {
                        "k": 418,
                        "d": 181,
                        "a": 49,
                        "w": 0,
                        "l": 0
                    },
                    "custom": {
                        "k": 1446,
                        "d": 1281,
                        "a": 194,
                        "w": 0,
                        "l": 0
                    }
                }
            ],
            "ranked": {
                "placement_matches_left": 0,
                "highest_rank": 9,
                "rating": 2256,
                "global_position": 80,
                "rank": 9
            }
        },
        "ban": null,
        "reports": [],
        "clan": {
            "basicInfo": {
                "name": "Vigorous eSports",
                "tag": "VGRS"
            },
            "id": 89355,
            "memberRank": 10
        }
    }
]