[
    {
        "basicInfo": {
            "userID": 161681029,
            "name": "airW",
            "userType": 1,
            "iconID": 318,
            "level": 271
        },
        "userSettings": {
            "blockFriendRequests": false,
            "block_clan_requests": false,
            "equipped_emblem": 204
        },
        "friendStatus": 0,
        "stats": {
            "seasonal_stats": [
                {
                    "season": 0,
                    "ranked": {
                        "k": 0,
                        "d": 0,
                        "a": 0,
                        "w": 0,
                        "l": 0
                    },
                    "casual": {
                        "k": 0,
                        "d": 0,
                        "a": 0,
                        "w": 0,
                        "l": 0
                    },
                    "custom": {
                        "k": 26994,
                        "d": 12205,
                        "a": 1672,
                        "w": 0,
                        "l": 0
                    }
                },
                {
                    "season": 1,
                    "ranked": {
                        "k": 0,
                        "d": 0,
                        "a": 0,
                        "w": 0,
                        "l": 0
                    },
                    "casual": {
                        "k": 0,
                        "d": 0,
                        "a": 0,
                        "w": 0,
                        "l": 0
                    },
                    "custom": {
                        "k": 0,
                        "d": 0,
                        "a": 0,
                        "w": 0,
                        "l": 0
                    }
                },
                {
                    "season": 2,
                    "ranked": {
                        "k": 8084,
                        "d": 5471,
                        "a": 1066,
                        "w": 332,
                        "l": 243
                    },
                    "casual": {
                        "k": 0,
                        "d": 0,
                        "a": 0,
                        "w": 43,
                        "l": 7
                    },
                    "custom": {
                        "k": 96,
                        "d": 71,
                        "a": 12,
                        "w": 0,
                        "l": 0
                    }
                },
                {
                    "season": 3,
                    "ranked": {
                        "k": 6238,
                        "d": 4232,
                        "a": 683,
                        "w": 166,
                        "l": 133
                    },
                    "casual": {
                        "k": 874,
                        "d": 295,
                        "a": 61,
                        "w": 10,
                        "l": 1
                    },
                    "custom": {
                        "k": 2683,
                        "d": 1644,
                        "a": 199,
                        "w": 0,
                        "l": 0
                    }
                },
                {
                    "season": 4,
                    "ranked": {
                        "k": 4508,
                        "d": 3019,
                        "a": 475,
                        "w": 110,
                        "l": 100
                    },
                    "casual": {
                        "k": 724,
                        "d": 240,
                        "a": 40,
                        "w": 12,
                        "l": 1
                    },
                    "custom": {
                        "k": 2257,
                        "d": 1496,
                        "a": 141,
                        "w": 0,
                        "l": 0
                    }
                },
                {
                    "season": 5,
                    "ranked": {
                        "k": 3966,
                        "d": 3013,
                        "a": 531,
                        "w": 136,
                        "l": 74
                    },
                    "casual": {
                        "k": 711,
                        "d": 241,
                        "a": 58,
                        "w": 13,
                        "l": 1
                    },
                    "custom": {
                        "k": 1622,
                        "d": 1276,
                        "a": 175,
                        "w": 0,
                        "l": 0
                    }
                },
                {
                    "season": 6,
                    "ranked": {
                        "k": 2361,
                        "d": 1874,
                        "a": 361,
                        "w": 90,
                        "l": 44
                    },
                    "casual": {
                        "k": 259,
                        "d": 89,
                        "a": 16,
                        "w": 6,
                        "l": 3
                    },
                    "custom": {
                        "k": 780,
                        "d": 797,
                        "a": 145,
                        "w": 0,
                        "l": 0
                    }
                }
            ],
            "ranked": {
                "placement_matches_left": 0,
                "highest_rank": 9,
                "rating": 2186,
                "global_position": 200,
                "rank": 9
            }
        },
        "ban": null,
        "reports": [],
        "clan": {
            "basicInfo": {
                "name": "Aura eSports",
                "tag": "aura"
            },
            "id": 79820,
            "memberRank": 10
        }
    }
]