[
    {
        "basicInfo": {
            "userID": 14560375,
            "name": "Akira",
            "userType": 1,
            "iconID": 132,
            "level": 448
        },
        "userSettings": {
            "blockFriendRequests": false,
            "block_clan_requests": false,
            "equipped_emblem": 132
        },
        "friendStatus": 0,
        "stats": {
            "seasonal_stats": [
                {
                    "season": 0,
                    "ranked": {
                        "k": 4163,
                        "d": 3070,
                        "a": 542,
                        "w": 284,
                        "l": 101
                    },
                    "casual": {
                        "k": 0,
                        "d": 0,
                        "a": 0,
                        "w": 0,
                        "l": 0
                    },
                    "custom": {
                        "k": 180523,
                        "d": 109407,
                        "a": 18510,
                        "w": 0,
                        "l": 0
                    }
                },
                {
                    "season": 1,
                    "ranked": {
                        "k": 1344,
                        "d": 1057,
                        "a": 165,
                        "w": 82,
                        "l": 40
                    },
                    "casual": {
                        "k": 0,
                        "d": 0,
                        "a": 0,
                        "w": 237,
                        "l": 82
                    },
                    "custom": {
                        "k": 0,
                        "d": 0,
                        "a": 0,
                        "w": 0,
                        "l": 0
                    }
                },
                {
                    "season": 2,
                    "ranked": {
                        "k": 1030,
                        "d": 764,
                        "a": 190,
                        "w": 83,
                        "l": 19
                    },
                    "casual": {
                        "k": 0,
                        "d": 0,
                        "a": 0,
                        "w": 522,
                        "l": 194
                    },
                    "custom": {
                        "k": 35,
                        "d": 41,
                        "a": 3,
                        "w": 0,
                        "l": 0
                    }
                },
                {
                    "season": 3,
                    "ranked": {
                        "k": 604,
                        "d": 434,
                        "a": 80,
                        "w": 31,
                        "l": 7
                    },
                    "casual": {
                        "k": 7368,
                        "d": 3704,
                        "a": 704,
                        "w": 167,
                        "l": 39
                    },
                    "custom": {
                        "k": 8636,
                        "d": 9499,
                        "a": 1377,
                        "w": 0,
                        "l": 0
                    }
                },
                {
                    "season": 4,
                    "ranked": {
                        "k": 909,
                        "d": 839,
                        "a": 188,
                        "w": 48,
                        "l": 16
                    },
                    "casual": {
                        "k": 3000,
                        "d": 1771,
                        "a": 332,
                        "w": 163,
                        "l": 32
                    },
                    "custom": {
                        "k": 4435,
                        "d": 4918,
                        "a": 898,
                        "w": 0,
                        "l": 0
                    }
                },
                {
                    "season": 5,
                    "ranked": {
                        "k": 760,
                        "d": 713,
                        "a": 137,
                        "w": 39,
                        "l": 13
                    },
                    "casual": {
                        "k": 2913,
                        "d": 1754,
                        "a": 306,
                        "w": 38,
                        "l": 23
                    },
                    "custom": {
                        "k": 2457,
                        "d": 3289,
                        "a": 347,
                        "w": 0,
                        "l": 0
                    }
                },
                {
                    "season": 6,
                    "ranked": {
                        "k": 2075,
                        "d": 1831,
                        "a": 471,
                        "w": 131,
                        "l": 19
                    },
                    "casual": {
                        "k": 3817,
                        "d": 1868,
                        "a": 386,
                        "w": 41,
                        "l": 16
                    },
                    "custom": {
                        "k": 1021,
                        "d": 1515,
                        "a": 128,
                        "w": 0,
                        "l": 0
                    }
                }
            ],
            "ranked": {
                "placement_matches_left": 0,
                "highest_rank": 9,
                "rating": 2326,
                "global_position": 33,
                "rank": 9
            }
        },
        "ban": null,
        "reports": [],
        "clan": {
            "basicInfo": {
                "name": "REIGN",
                "tag": "RGN"
            },
            "id": 4439,
            "memberRank": 10
        }
    }
]