[
    {
        "basicInfo": {
            "userID": 116755141,
            "name": "AKzs",
            "userType": 1,
            "iconID": 115,
            "level": 551
        },
        "userSettings": {
            "blockFriendRequests": false,
            "block_clan_requests": false,
            "equipped_emblem": 182
        },
        "friendStatus": 0,
        "stats": {
            "seasonal_stats": [
                {
                    "season": 0,
                    "ranked": {
                        "k": 36134,
                        "d": 29688,
                        "a": 5143,
                        "w": 1756,
                        "l": 1365
                    },
                    "casual": {
                        "k": 0,
                        "d": 0,
                        "a": 0,
                        "w": 0,
                        "l": 0
                    },
                    "custom": {
                        "k": 110145,
                        "d": 74648,
                        "a": 10139,
                        "w": 0,
                        "l": 0
                    }
                },
                {
                    "season": 1,
                    "ranked": {
                        "k": 5254,
                        "d": 4441,
                        "a": 636,
                        "w": 266,
                        "l": 186
                    },
                    "casual": {
                        "k": 0,
                        "d": 0,
                        "a": 0,
                        "w": 67,
                        "l": 28
                    },
                    "custom": {
                        "k": 0,
                        "d": 0,
                        "a": 0,
                        "w": 0,
                        "l": 0
                    }
                },
                {
                    "season": 2,
                    "ranked": {
                        "k": 6925,
                        "d": 6318,
                        "a": 1080,
                        "w": 346,
                        "l": 290
                    },
                    "casual": {
                        "k": 248,
                        "d": 114,
                        "a": 12,
                        "w": 15,
                        "l": 13
                    },
                    "custom": {
                        "k": 86,
                        "d": 85,
                        "a": 11,
                        "w": 0,
                        "l": 0
                    }
                },
                {
                    "season": 3,
                    "ranked": {
                        "k": 7031,
                        "d": 7134,
                        "a": 1066,
                        "w": 259,
                        "l": 206
                    },
                    "casual": {
                        "k": 13361,
                        "d": 6547,
                        "a": 1040,
                        "w": 75,
                        "l": 46
                    },
                    "custom": {
                        "k": 3935,
                        "d": 3517,
                        "a": 488,
                        "w": 0,
                        "l": 0
                    }
                },
                {
                    "season": 4,
                    "ranked": {
                        "k": 6091,
                        "d": 5563,
                        "a": 842,
                        "w": 218,
                        "l": 148
                    },
                    "casual": {
                        "k": 6556,
                        "d": 3092,
                        "a": 433,
                        "w": 26,
                        "l": 9
                    },
                    "custom": {
                        "k": 7620,
                        "d": 6675,
                        "a": 1058,
                        "w": 0,
                        "l": 0
                    }
                },
                {
                    "season": 5,
                    "ranked": {
                        "k": 6656,
                        "d": 5511,
                        "a": 885,
                        "w": 267,
                        "l": 123
                    },
                    "casual": {
                        "k": 1760,
                        "d": 888,
                        "a": 132,
                        "w": 12,
                        "l": 4
                    },
                    "custom": {
                        "k": 2882,
                        "d": 2782,
                        "a": 406,
                        "w": 0,
                        "l": 0
                    }
                },
                {
                    "season": 6,
                    "ranked": {
                        "k": 2234,
                        "d": 1667,
                        "a": 267,
                        "w": 115,
                        "l": 17
                    },
                    "casual": {
                        "k": 172,
                        "d": 92,
                        "a": 10,
                        "w": 0,
                        "l": 0
                    },
                    "custom": {
                        "k": 195,
                        "d": 167,
                        "a": 29,
                        "w": 0,
                        "l": 0
                    }
                }
            ],
            "ranked": {
                "placement_matches_left": 0,
                "highest_rank": 9,
                "rating": 2281,
                "global_position": 55,
                "rank": 9
            }
        },
        "ban": null,
        "reports": [],
        "clan": {
            "basicInfo": {
                "name": "VaultSect",
                "tag": "VULT"
            },
            "id": 84629,
            "memberRank": 10
        }
    }
]