[
    {
        "basicInfo": {
            "userID": 17057675,
            "name": "AlikersAntti",
            "userType": 1,
            "iconID": 36,
            "level": 240
        },
        "userSettings": {
            "blockFriendRequests": false,
            "block_clan_requests": false,
            "equipped_emblem": 36
        },
        "friendStatus": 0,
        "stats": {
            "seasonal_stats": [
                {
                    "season": 0,
                    "ranked": {
                        "k": 5243,
                        "d": 3938,
                        "a": 516,
                        "w": 230,
                        "l": 194
                    },
                    "casual": {
                        "k": 0,
                        "d": 0,
                        "a": 0,
                        "w": 0,
                        "l": 0
                    },
                    "custom": {
                        "k": 64003,
                        "d": 37593,
                        "a": 5595,
                        "w": 0,
                        "l": 0
                    }
                },
                {
                    "season": 1,
                    "ranked": {
                        "k": 1707,
                        "d": 1399,
                        "a": 178,
                        "w": 74,
                        "l": 72
                    },
                    "casual": {
                        "k": 0,
                        "d": 0,
                        "a": 0,
                        "w": 5,
                        "l": 1
                    },
                    "custom": {
                        "k": 0,
                        "d": 0,
                        "a": 0,
                        "w": 0,
                        "l": 0
                    }
                },
                {
                    "season": 2,
                    "ranked": {
                        "k": 4969,
                        "d": 4096,
                        "a": 653,
                        "w": 232,
                        "l": 186
                    },
                    "casual": {
                        "k": 21,
                        "d": 17,
                        "a": 1,
                        "w": 172,
                        "l": 42
                    },
                    "custom": {
                        "k": 163,
                        "d": 138,
                        "a": 26,
                        "w": 0,
                        "l": 0
                    }
                },
                {
                    "season": 3,
                    "ranked": {
                        "k": 7520,
                        "d": 6890,
                        "a": 935,
                        "w": 282,
                        "l": 184
                    },
                    "casual": {
                        "k": 4219,
                        "d": 1612,
                        "a": 217,
                        "w": 93,
                        "l": 23
                    },
                    "custom": {
                        "k": 2038,
                        "d": 2111,
                        "a": 219,
                        "w": 0,
                        "l": 0
                    }
                },
                {
                    "season": 4,
                    "ranked": {
                        "k": 1921,
                        "d": 1916,
                        "a": 244,
                        "w": 63,
                        "l": 63
                    },
                    "casual": {
                        "k": 2774,
                        "d": 1023,
                        "a": 144,
                        "w": 55,
                        "l": 12
                    },
                    "custom": {
                        "k": 4771,
                        "d": 4243,
                        "a": 434,
                        "w": 0,
                        "l": 0
                    }
                },
                {
                    "season": 5,
                    "ranked": {
                        "k": 1267,
                        "d": 1052,
                        "a": 158,
                        "w": 47,
                        "l": 29
                    },
                    "casual": {
                        "k": 1011,
                        "d": 375,
                        "a": 55,
                        "w": 12,
                        "l": 3
                    },
                    "custom": {
                        "k": 1851,
                        "d": 1483,
                        "a": 164,
                        "w": 0,
                        "l": 0
                    }
                },
                {
                    "season": 6,
                    "ranked": {
                        "k": 346,
                        "d": 273,
                        "a": 39,
                        "w": 16,
                        "l": 4
                    },
                    "casual": {
                        "k": 67,
                        "d": 27,
                        "a": 2,
                        "w": 1,
                        "l": 0
                    },
                    "custom": {
                        "k": 1511,
                        "d": 1520,
                        "a": 136,
                        "w": 0,
                        "l": 0
                    }
                }
            ],
            "ranked": {
                "placement_matches_left": 0,
                "highest_rank": 9,
                "rating": 2207,
                "global_position": 149,
                "rank": 9
            }
        },
        "ban": null,
        "reports": [],
        "clan": {
            "basicInfo": {
                "name": "Team Vintage Cas",
                "tag": "TvG"
            },
            "id": 64058,
            "memberRank": 40
        }
    }
]