[
    {
        "basicInfo": {
            "userID": 40614509,
            "name": "amazing dreamer",
            "userType": 1,
            "iconID": 194,
            "level": 197
        },
        "userSettings": {
            "blockFriendRequests": false,
            "block_clan_requests": false,
            "equipped_emblem": 180
        },
        "friendStatus": 0,
        "stats": {
            "seasonal_stats": [
                {
                    "season": 0,
                    "ranked": {
                        "k": 10235,
                        "d": 9005,
                        "a": 1309,
                        "w": 476,
                        "l": 399
                    },
                    "casual": {
                        "k": 0,
                        "d": 0,
                        "a": 0,
                        "w": 0,
                        "l": 0
                    },
                    "custom": {
                        "k": 82250,
                        "d": 55798,
                        "a": 7688,
                        "w": 0,
                        "l": 0
                    }
                },
                {
                    "season": 1,
                    "ranked": {
                        "k": 963,
                        "d": 745,
                        "a": 121,
                        "w": 43,
                        "l": 32
                    },
                    "casual": {
                        "k": 0,
                        "d": 0,
                        "a": 0,
                        "w": 11,
                        "l": 9
                    },
                    "custom": {
                        "k": 0,
                        "d": 0,
                        "a": 0,
                        "w": 0,
                        "l": 0
                    }
                },
                {
                    "season": 2,
                    "ranked": {
                        "k": 4469,
                        "d": 3799,
                        "a": 562,
                        "w": 204,
                        "l": 175
                    },
                    "casual": {
                        "k": 15,
                        "d": 14,
                        "a": 1,
                        "w": 211,
                        "l": 93
                    },
                    "custom": {
                        "k": 142,
                        "d": 186,
                        "a": 11,
                        "w": 0,
                        "l": 0
                    }
                },
                {
                    "season": 3,
                    "ranked": {
                        "k": 2273,
                        "d": 2102,
                        "a": 250,
                        "w": 81,
                        "l": 56
                    },
                    "casual": {
                        "k": 3139,
                        "d": 1391,
                        "a": 214,
                        "w": 65,
                        "l": 18
                    },
                    "custom": {
                        "k": 3540,
                        "d": 3660,
                        "a": 444,
                        "w": 0,
                        "l": 0
                    }
                },
                {
                    "season": 4,
                    "ranked": {
                        "k": 1628,
                        "d": 1396,
                        "a": 154,
                        "w": 57,
                        "l": 33
                    },
                    "casual": {
                        "k": 5069,
                        "d": 2072,
                        "a": 269,
                        "w": 42,
                        "l": 9
                    },
                    "custom": {
                        "k": 5695,
                        "d": 5335,
                        "a": 668,
                        "w": 0,
                        "l": 0
                    }
                },
                {
                    "season": 5,
                    "ranked": {
                        "k": 3157,
                        "d": 2607,
                        "a": 411,
                        "w": 159,
                        "l": 24
                    },
                    "casual": {
                        "k": 1196,
                        "d": 523,
                        "a": 67,
                        "w": 10,
                        "l": 4
                    },
                    "custom": {
                        "k": 851,
                        "d": 823,
                        "a": 96,
                        "w": 0,
                        "l": 0
                    }
                },
                {
                    "season": 6,
                    "ranked": {
                        "k": 345,
                        "d": 317,
                        "a": 46,
                        "w": 18,
                        "l": 4
                    },
                    "casual": {
                        "k": 1139,
                        "d": 491,
                        "a": 68,
                        "w": 23,
                        "l": 5
                    },
                    "custom": {
                        "k": 55,
                        "d": 65,
                        "a": 8,
                        "w": 0,
                        "l": 0
                    }
                }
            ],
            "ranked": {
                "placement_matches_left": 0,
                "highest_rank": 9,
                "rating": 2247,
                "global_position": 90,
                "rank": 9
            }
        },
        "ban": null,
        "reports": [],
        "clan": {
            "basicInfo": {
                "name": "Heart and SouL",
                "tag": "HaSz"
            },
            "id": 30477,
            "memberRank": 40
        }
    }
]