[
    {
        "basicInfo": {
            "userID": 167675121,
            "name": "Amen",
            "userType": 1,
            "iconID": 276,
            "level": 172
        },
        "userSettings": {
            "blockFriendRequests": false,
            "block_clan_requests": false,
            "equipped_emblem": 250
        },
        "friendStatus": 0,
        "stats": {
            "seasonal_stats": [
                {
                    "season": 0,
                    "ranked": {
                        "k": 0,
                        "d": 0,
                        "a": 0,
                        "w": 0,
                        "l": 0
                    },
                    "casual": {
                        "k": 0,
                        "d": 0,
                        "a": 0,
                        "w": 0,
                        "l": 0
                    },
                    "custom": {
                        "k": 6590,
                        "d": 2599,
                        "a": 353,
                        "w": 0,
                        "l": 0
                    }
                },
                {
                    "season": 1,
                    "ranked": {
                        "k": 0,
                        "d": 0,
                        "a": 0,
                        "w": 0,
                        "l": 0
                    },
                    "casual": {
                        "k": 0,
                        "d": 0,
                        "a": 0,
                        "w": 0,
                        "l": 0
                    },
                    "custom": {
                        "k": 0,
                        "d": 0,
                        "a": 0,
                        "w": 0,
                        "l": 0
                    }
                },
                {
                    "season": 2,
                    "ranked": {
                        "k": 5646,
                        "d": 5083,
                        "a": 664,
                        "w": 265,
                        "l": 230
                    },
                    "casual": {
                        "k": 2,
                        "d": 2,
                        "a": 0,
                        "w": 91,
                        "l": 25
                    },
                    "custom": {
                        "k": 31,
                        "d": 18,
                        "a": 2,
                        "w": 0,
                        "l": 0
                    }
                },
                {
                    "season": 3,
                    "ranked": {
                        "k": 1530,
                        "d": 1517,
                        "a": 167,
                        "w": 59,
                        "l": 38
                    },
                    "casual": {
                        "k": 664,
                        "d": 360,
                        "a": 43,
                        "w": 12,
                        "l": 6
                    },
                    "custom": {
                        "k": 1432,
                        "d": 1158,
                        "a": 124,
                        "w": 0,
                        "l": 0
                    }
                },
                {
                    "season": 4,
                    "ranked": {
                        "k": 3080,
                        "d": 2804,
                        "a": 322,
                        "w": 112,
                        "l": 78
                    },
                    "casual": {
                        "k": 4227,
                        "d": 2166,
                        "a": 350,
                        "w": 25,
                        "l": 5
                    },
                    "custom": {
                        "k": 10477,
                        "d": 10985,
                        "a": 1144,
                        "w": 0,
                        "l": 0
                    }
                },
                {
                    "season": 5,
                    "ranked": {
                        "k": 1665,
                        "d": 1426,
                        "a": 192,
                        "w": 71,
                        "l": 33
                    },
                    "casual": {
                        "k": 7780,
                        "d": 3968,
                        "a": 574,
                        "w": 37,
                        "l": 16
                    },
                    "custom": {
                        "k": 7374,
                        "d": 7066,
                        "a": 625,
                        "w": 0,
                        "l": 0
                    }
                },
                {
                    "season": 6,
                    "ranked": {
                        "k": 293,
                        "d": 232,
                        "a": 28,
                        "w": 17,
                        "l": 1
                    },
                    "casual": {
                        "k": 2059,
                        "d": 904,
                        "a": 148,
                        "w": 3,
                        "l": 2
                    },
                    "custom": {
                        "k": 2264,
                        "d": 2285,
                        "a": 193,
                        "w": 0,
                        "l": 0
                    }
                }
            ],
            "ranked": {
                "placement_matches_left": 0,
                "highest_rank": 9,
                "rating": 2252,
                "global_position": 85,
                "rank": 9
            }
        },
        "ban": null,
        "reports": [],
        "clan": {
            "basicInfo": {
                "name": "devil",
                "tag": "666"
            },
            "id": 48793,
            "memberRank": 10
        }
    }
]