[
    {
        "basicInfo": {
            "userID": 11386779,
            "name": "Associal",
            "userType": 1,
            "iconID": 37,
            "level": 520
        },
        "userSettings": {
            "blockFriendRequests": false,
            "block_clan_requests": false,
            "equipped_emblem": 37
        },
        "friendStatus": 0,
        "stats": {
            "seasonal_stats": [
                {
                    "season": 0,
                    "ranked": {
                        "k": 3323,
                        "d": 2660,
                        "a": 373,
                        "w": 165,
                        "l": 137
                    },
                    "casual": {
                        "k": 0,
                        "d": 0,
                        "a": 0,
                        "w": 56,
                        "l": 47
                    },
                    "custom": {
                        "k": 31793,
                        "d": 15335,
                        "a": 2457,
                        "w": 0,
                        "l": 0
                    }
                },
                {
                    "season": 1,
                    "ranked": {
                        "k": 5386,
                        "d": 4823,
                        "a": 702,
                        "w": 295,
                        "l": 234
                    },
                    "casual": {
                        "k": 0,
                        "d": 0,
                        "a": 0,
                        "w": 137,
                        "l": 53
                    },
                    "custom": {
                        "k": 0,
                        "d": 0,
                        "a": 0,
                        "w": 0,
                        "l": 0
                    }
                },
                {
                    "season": 2,
                    "ranked": {
                        "k": 1684,
                        "d": 1319,
                        "a": 212,
                        "w": 76,
                        "l": 68
                    },
                    "casual": {
                        "k": 0,
                        "d": 0,
                        "a": 0,
                        "w": 42,
                        "l": 14
                    },
                    "custom": {
                        "k": 0,
                        "d": 0,
                        "a": 0,
                        "w": 0,
                        "l": 0
                    }
                },
                {
                    "season": 3,
                    "ranked": {
                        "k": 8227,
                        "d": 6180,
                        "a": 888,
                        "w": 286,
                        "l": 181
                    },
                    "casual": {
                        "k": 17224,
                        "d": 7474,
                        "a": 1273,
                        "w": 238,
                        "l": 101
                    },
                    "custom": {
                        "k": 7773,
                        "d": 5657,
                        "a": 641,
                        "w": 0,
                        "l": 0
                    }
                },
                {
                    "season": 4,
                    "ranked": {
                        "k": 4645,
                        "d": 3643,
                        "a": 495,
                        "w": 167,
                        "l": 104
                    },
                    "casual": {
                        "k": 6237,
                        "d": 2746,
                        "a": 434,
                        "w": 112,
                        "l": 18
                    },
                    "custom": {
                        "k": 8928,
                        "d": 7051,
                        "a": 836,
                        "w": 0,
                        "l": 0
                    }
                },
                {
                    "season": 5,
                    "ranked": {
                        "k": 2813,
                        "d": 2352,
                        "a": 323,
                        "w": 112,
                        "l": 60
                    },
                    "casual": {
                        "k": 5597,
                        "d": 2211,
                        "a": 314,
                        "w": 113,
                        "l": 27
                    },
                    "custom": {
                        "k": 4892,
                        "d": 5030,
                        "a": 462,
                        "w": 0,
                        "l": 0
                    }
                },
                {
                    "season": 6,
                    "ranked": {
                        "k": 1447,
                        "d": 1135,
                        "a": 155,
                        "w": 58,
                        "l": 28
                    },
                    "casual": {
                        "k": 1193,
                        "d": 486,
                        "a": 88,
                        "w": 11,
                        "l": 4
                    },
                    "custom": {
                        "k": 872,
                        "d": 899,
                        "a": 143,
                        "w": 0,
                        "l": 0
                    }
                }
            ],
            "ranked": {
                "placement_matches_left": 0,
                "highest_rank": 9,
                "rating": 2181,
                "global_position": 213,
                "rank": 9
            }
        },
        "ban": null,
        "reports": [],
        "clan": {
            "basicInfo": {
                "name": "Endurance GG",
                "tag": "eNc"
            },
            "id": 83019,
            "memberRank": 10
        }
    }
]