[
    {
        "basicInfo": {
            "userID": 56948791,
            "name": "Axist",
            "userType": 1,
            "iconID": 255,
            "level": 466
        },
        "userSettings": {
            "blockFriendRequests": false,
            "block_clan_requests": false,
            "equipped_emblem": 255
        },
        "friendStatus": 0,
        "stats": {
            "seasonal_stats": [
                {
                    "season": 0,
                    "ranked": {
                        "k": 5907,
                        "d": 3819,
                        "a": 738,
                        "w": 277,
                        "l": 158
                    },
                    "casual": {
                        "k": 0,
                        "d": 0,
                        "a": 0,
                        "w": 0,
                        "l": 0
                    },
                    "custom": {
                        "k": 191504,
                        "d": 71998,
                        "a": 11481,
                        "w": 0,
                        "l": 0
                    }
                },
                {
                    "season": 1,
                    "ranked": {
                        "k": 6911,
                        "d": 4338,
                        "a": 871,
                        "w": 294,
                        "l": 201
                    },
                    "casual": {
                        "k": 0,
                        "d": 0,
                        "a": 0,
                        "w": 339,
                        "l": 73
                    },
                    "custom": {
                        "k": 0,
                        "d": 0,
                        "a": 0,
                        "w": 0,
                        "l": 0
                    }
                },
                {
                    "season": 2,
                    "ranked": {
                        "k": 5173,
                        "d": 3267,
                        "a": 711,
                        "w": 264,
                        "l": 120
                    },
                    "casual": {
                        "k": 0,
                        "d": 0,
                        "a": 0,
                        "w": 850,
                        "l": 158
                    },
                    "custom": {
                        "k": 643,
                        "d": 341,
                        "a": 39,
                        "w": 0,
                        "l": 0
                    }
                },
                {
                    "season": 3,
                    "ranked": {
                        "k": 417,
                        "d": 203,
                        "a": 51,
                        "w": 18,
                        "l": 3
                    },
                    "casual": {
                        "k": 29391,
                        "d": 8922,
                        "a": 1764,
                        "w": 441,
                        "l": 95
                    },
                    "custom": {
                        "k": 33857,
                        "d": 17288,
                        "a": 1749,
                        "w": 0,
                        "l": 0
                    }
                },
                {
                    "season": 4,
                    "ranked": {
                        "k": 341,
                        "d": 207,
                        "a": 45,
                        "w": 13,
                        "l": 3
                    },
                    "casual": {
                        "k": 16116,
                        "d": 5093,
                        "a": 908,
                        "w": 232,
                        "l": 27
                    },
                    "custom": {
                        "k": 8206,
                        "d": 4957,
                        "a": 608,
                        "w": 0,
                        "l": 0
                    }
                },
                {
                    "season": 5,
                    "ranked": {
                        "k": 669,
                        "d": 342,
                        "a": 101,
                        "w": 28,
                        "l": 5
                    },
                    "casual": {
                        "k": 12564,
                        "d": 4043,
                        "a": 868,
                        "w": 150,
                        "l": 25
                    },
                    "custom": {
                        "k": 11134,
                        "d": 6776,
                        "a": 570,
                        "w": 0,
                        "l": 0
                    }
                },
                {
                    "season": 6,
                    "ranked": {
                        "k": 1382,
                        "d": 818,
                        "a": 212,
                        "w": 52,
                        "l": 15
                    },
                    "casual": {
                        "k": 5378,
                        "d": 1660,
                        "a": 319,
                        "w": 51,
                        "l": 9
                    },
                    "custom": {
                        "k": 3438,
                        "d": 1916,
                        "a": 149,
                        "w": 0,
                        "l": 0
                    }
                }
            ],
            "ranked": {
                "placement_matches_left": 0,
                "highest_rank": 9,
                "rating": 2210,
                "global_position": 141,
                "rank": 9
            }
        },
        "ban": null,
        "reports": [],
        "clan": {
            "basicInfo": {
                "name": "REIGN",
                "tag": "RGN"
            },
            "id": 4439,
            "memberRank": 10
        }
    }
]