[
    {
        "basicInfo": {
            "userID": 178482182,
            "name": "Axui",
            "userType": 1,
            "iconID": 288,
            "level": 93
        },
        "userSettings": {
            "blockFriendRequests": false,
            "block_clan_requests": false,
            "equipped_emblem": 2
        },
        "friendStatus": 0,
        "stats": {
            "seasonal_stats": [
                {
                    "season": 0,
                    "ranked": {
                        "k": 0,
                        "d": 0,
                        "a": 0,
                        "w": 0,
                        "l": 0
                    },
                    "casual": {
                        "k": 0,
                        "d": 0,
                        "a": 0,
                        "w": 0,
                        "l": 0
                    },
                    "custom": {
                        "k": 0,
                        "d": 0,
                        "a": 0,
                        "w": 0,
                        "l": 0
                    }
                },
                {
                    "season": 1,
                    "ranked": {
                        "k": 0,
                        "d": 0,
                        "a": 0,
                        "w": 0,
                        "l": 0
                    },
                    "casual": {
                        "k": 0,
                        "d": 0,
                        "a": 0,
                        "w": 0,
                        "l": 0
                    },
                    "custom": {
                        "k": 0,
                        "d": 0,
                        "a": 0,
                        "w": 0,
                        "l": 0
                    }
                },
                {
                    "season": 2,
                    "ranked": {
                        "k": 0,
                        "d": 0,
                        "a": 0,
                        "w": 0,
                        "l": 0
                    },
                    "casual": {
                        "k": 0,
                        "d": 0,
                        "a": 0,
                        "w": 0,
                        "l": 0
                    },
                    "custom": {
                        "k": 0,
                        "d": 0,
                        "a": 0,
                        "w": 0,
                        "l": 0
                    }
                },
                {
                    "season": 3,
                    "ranked": {
                        "k": 65,
                        "d": 38,
                        "a": 8,
                        "w": 2,
                        "l": 1
                    },
                    "casual": {
                        "k": 259,
                        "d": 196,
                        "a": 24,
                        "w": 9,
                        "l": 9
                    },
                    "custom": {
                        "k": 3010,
                        "d": 2500,
                        "a": 26,
                        "w": 0,
                        "l": 0
                    }
                },
                {
                    "season": 4,
                    "ranked": {
                        "k": 316,
                        "d": 347,
                        "a": 40,
                        "w": 13,
                        "l": 11
                    },
                    "casual": {
                        "k": 1410,
                        "d": 860,
                        "a": 141,
                        "w": 71,
                        "l": 30
                    },
                    "custom": {
                        "k": 10517,
                        "d": 8116,
                        "a": 229,
                        "w": 0,
                        "l": 0
                    }
                },
                {
                    "season": 5,
                    "ranked": {
                        "k": 3590,
                        "d": 2412,
                        "a": 342,
                        "w": 135,
                        "l": 60
                    },
                    "casual": {
                        "k": 2211,
                        "d": 1229,
                        "a": 161,
                        "w": 65,
                        "l": 25
                    },
                    "custom": {
                        "k": 6899,
                        "d": 4985,
                        "a": 142,
                        "w": 0,
                        "l": 0
                    }
                },
                {
                    "season": 6,
                    "ranked": {
                        "k": 1008,
                        "d": 640,
                        "a": 131,
                        "w": 46,
                        "l": 10
                    },
                    "casual": {
                        "k": 125,
                        "d": 90,
                        "a": 11,
                        "w": 5,
                        "l": 3
                    },
                    "custom": {
                        "k": 553,
                        "d": 435,
                        "a": 32,
                        "w": 0,
                        "l": 0
                    }
                }
            ],
            "ranked": {
                "placement_matches_left": 0,
                "highest_rank": 9,
                "rating": 2188,
                "global_position": 198,
                "rank": 9
            }
        },
        "ban": null,
        "reports": [],
        "clan": {
            "basicInfo": {
                "name": "Underestimated",
                "tag": "UE"
            },
            "id": 1287,
            "memberRank": 10
        }
    }
]