[
    {
        "basicInfo": {
            "userID": 170615170,
            "name": "Baga 92",
            "userType": 1,
            "iconID": 1,
            "level": 616
        },
        "userSettings": {
            "blockFriendRequests": false,
            "block_clan_requests": false,
            "equipped_emblem": 1
        },
        "friendStatus": 0,
        "stats": {
            "seasonal_stats": [
                {
                    "season": 0,
                    "ranked": {
                        "k": 0,
                        "d": 0,
                        "a": 0,
                        "w": 0,
                        "l": 0
                    },
                    "casual": {
                        "k": 0,
                        "d": 0,
                        "a": 0,
                        "w": 0,
                        "l": 0
                    },
                    "custom": {
                        "k": 17934,
                        "d": 6243,
                        "a": 771,
                        "w": 0,
                        "l": 0
                    }
                },
                {
                    "season": 1,
                    "ranked": {
                        "k": 0,
                        "d": 0,
                        "a": 0,
                        "w": 0,
                        "l": 0
                    },
                    "casual": {
                        "k": 0,
                        "d": 0,
                        "a": 0,
                        "w": 0,
                        "l": 0
                    },
                    "custom": {
                        "k": 0,
                        "d": 0,
                        "a": 0,
                        "w": 0,
                        "l": 0
                    }
                },
                {
                    "season": 2,
                    "ranked": {
                        "k": 3444,
                        "d": 2535,
                        "a": 342,
                        "w": 157,
                        "l": 119
                    },
                    "casual": {
                        "k": 179,
                        "d": 121,
                        "a": 18,
                        "w": 116,
                        "l": 48
                    },
                    "custom": {
                        "k": 305,
                        "d": 295,
                        "a": 33,
                        "w": 0,
                        "l": 0
                    }
                },
                {
                    "season": 3,
                    "ranked": {
                        "k": 9008,
                        "d": 7554,
                        "a": 986,
                        "w": 303,
                        "l": 224
                    },
                    "casual": {
                        "k": 14177,
                        "d": 6886,
                        "a": 1181,
                        "w": 343,
                        "l": 147
                    },
                    "custom": {
                        "k": 8120,
                        "d": 6295,
                        "a": 605,
                        "w": 0,
                        "l": 0
                    }
                },
                {
                    "season": 4,
                    "ranked": {
                        "k": 5288,
                        "d": 4710,
                        "a": 631,
                        "w": 187,
                        "l": 143
                    },
                    "casual": {
                        "k": 13270,
                        "d": 6014,
                        "a": 970,
                        "w": 236,
                        "l": 86
                    },
                    "custom": {
                        "k": 7347,
                        "d": 6203,
                        "a": 714,
                        "w": 0,
                        "l": 0
                    }
                },
                {
                    "season": 5,
                    "ranked": {
                        "k": 2505,
                        "d": 2172,
                        "a": 288,
                        "w": 88,
                        "l": 69
                    },
                    "casual": {
                        "k": 3278,
                        "d": 1415,
                        "a": 242,
                        "w": 65,
                        "l": 13
                    },
                    "custom": {
                        "k": 920,
                        "d": 646,
                        "a": 65,
                        "w": 0,
                        "l": 0
                    }
                },
                {
                    "season": 6,
                    "ranked": {
                        "k": 2573,
                        "d": 2001,
                        "a": 332,
                        "w": 138,
                        "l": 30
                    },
                    "casual": {
                        "k": 1649,
                        "d": 643,
                        "a": 103,
                        "w": 22,
                        "l": 11
                    },
                    "custom": {
                        "k": 565,
                        "d": 527,
                        "a": 89,
                        "w": 0,
                        "l": 0
                    }
                }
            ],
            "ranked": {
                "placement_matches_left": 0,
                "highest_rank": 9,
                "rating": 2283,
                "global_position": 51,
                "rank": 9
            }
        },
        "ban": null,
        "reports": [],
        "clan": {
            "basicInfo": {
                "name": "Advanced",
                "tag": "AvN"
            },
            "id": 22637,
            "memberRank": 10
        }
    }
]