[
    {
        "basicInfo": {
            "userID": 1308257,
            "name": "bbVix",
            "userType": 1,
            "iconID": 295,
            "level": 666
        },
        "userSettings": {
            "blockFriendRequests": true,
            "block_clan_requests": false,
            "equipped_emblem": 295
        },
        "friendStatus": 0,
        "stats": {
            "seasonal_stats": [
                {
                    "season": 0,
                    "ranked": {
                        "k": 9070,
                        "d": 5849,
                        "a": 1013,
                        "w": 603,
                        "l": 141
                    },
                    "casual": {
                        "k": 0,
                        "d": 0,
                        "a": 0,
                        "w": 0,
                        "l": 1
                    },
                    "custom": {
                        "k": 109510,
                        "d": 50920,
                        "a": 8199,
                        "w": 0,
                        "l": 0
                    }
                },
                {
                    "season": 1,
                    "ranked": {
                        "k": 513,
                        "d": 324,
                        "a": 63,
                        "w": 37,
                        "l": 7
                    },
                    "casual": {
                        "k": 0,
                        "d": 0,
                        "a": 0,
                        "w": 851,
                        "l": 133
                    },
                    "custom": {
                        "k": 0,
                        "d": 0,
                        "a": 0,
                        "w": 0,
                        "l": 0
                    }
                },
                {
                    "season": 2,
                    "ranked": {
                        "k": 1255,
                        "d": 650,
                        "a": 136,
                        "w": 74,
                        "l": 19
                    },
                    "casual": {
                        "k": 0,
                        "d": 0,
                        "a": 0,
                        "w": 951,
                        "l": 310
                    },
                    "custom": {
                        "k": 0,
                        "d": 0,
                        "a": 0,
                        "w": 0,
                        "l": 0
                    }
                },
                {
                    "season": 3,
                    "ranked": {
                        "k": 268,
                        "d": 137,
                        "a": 30,
                        "w": 11,
                        "l": 2
                    },
                    "casual": {
                        "k": 10386,
                        "d": 3344,
                        "a": 681,
                        "w": 414,
                        "l": 71
                    },
                    "custom": {
                        "k": 7309,
                        "d": 4494,
                        "a": 676,
                        "w": 0,
                        "l": 0
                    }
                },
                {
                    "season": 4,
                    "ranked": {
                        "k": 1186,
                        "d": 738,
                        "a": 138,
                        "w": 51,
                        "l": 13
                    },
                    "casual": {
                        "k": 8318,
                        "d": 3004,
                        "a": 589,
                        "w": 316,
                        "l": 62
                    },
                    "custom": {
                        "k": 8530,
                        "d": 6172,
                        "a": 943,
                        "w": 0,
                        "l": 0
                    }
                },
                {
                    "season": 5,
                    "ranked": {
                        "k": 394,
                        "d": 249,
                        "a": 56,
                        "w": 20,
                        "l": 3
                    },
                    "casual": {
                        "k": 4562,
                        "d": 1580,
                        "a": 288,
                        "w": 114,
                        "l": 38
                    },
                    "custom": {
                        "k": 2912,
                        "d": 2281,
                        "a": 355,
                        "w": 0,
                        "l": 0
                    }
                },
                {
                    "season": 6,
                    "ranked": {
                        "k": 357,
                        "d": 204,
                        "a": 38,
                        "w": 14,
                        "l": 4
                    },
                    "casual": {
                        "k": 7112,
                        "d": 3453,
                        "a": 569,
                        "w": 132,
                        "l": 23
                    },
                    "custom": {
                        "k": 2560,
                        "d": 1616,
                        "a": 286,
                        "w": 0,
                        "l": 0
                    }
                }
            ],
            "ranked": {
                "placement_matches_left": 0,
                "highest_rank": 9,
                "rating": 2191,
                "global_position": 192,
                "rank": 9
            }
        },
        "ban": null,
        "reports": [],
        "clan": {
            "basicInfo": {
                "name": "REIGN",
                "tag": "RGN"
            },
            "id": 4439,
            "memberRank": 10
        }
    }
]