[
    {
        "basicInfo": {
            "userID": 92114567,
            "name": "Be NormaL",
            "userType": 1,
            "iconID": 246,
            "level": 422
        },
        "userSettings": {
            "blockFriendRequests": false,
            "block_clan_requests": false,
            "equipped_emblem": 17
        },
        "friendStatus": 0,
        "stats": {
            "seasonal_stats": [
                {
                    "season": 0,
                    "ranked": {
                        "k": 5739,
                        "d": 5774,
                        "a": 926,
                        "w": 290,
                        "l": 283
                    },
                    "casual": {
                        "k": 0,
                        "d": 0,
                        "a": 0,
                        "w": 0,
                        "l": 0
                    },
                    "custom": {
                        "k": 41954,
                        "d": 25923,
                        "a": 3627,
                        "w": 0,
                        "l": 0
                    }
                },
                {
                    "season": 1,
                    "ranked": {
                        "k": 173,
                        "d": 167,
                        "a": 24,
                        "w": 12,
                        "l": 8
                    },
                    "casual": {
                        "k": 0,
                        "d": 0,
                        "a": 0,
                        "w": 11,
                        "l": 7
                    },
                    "custom": {
                        "k": 0,
                        "d": 0,
                        "a": 0,
                        "w": 0,
                        "l": 0
                    }
                },
                {
                    "season": 2,
                    "ranked": {
                        "k": 1497,
                        "d": 1252,
                        "a": 205,
                        "w": 66,
                        "l": 68
                    },
                    "casual": {
                        "k": 68,
                        "d": 37,
                        "a": 5,
                        "w": 105,
                        "l": 39
                    },
                    "custom": {
                        "k": 64,
                        "d": 64,
                        "a": 4,
                        "w": 0,
                        "l": 0
                    }
                },
                {
                    "season": 3,
                    "ranked": {
                        "k": 9441,
                        "d": 7195,
                        "a": 1046,
                        "w": 297,
                        "l": 229
                    },
                    "casual": {
                        "k": 14968,
                        "d": 7715,
                        "a": 1340,
                        "w": 210,
                        "l": 86
                    },
                    "custom": {
                        "k": 9286,
                        "d": 5344,
                        "a": 549,
                        "w": 0,
                        "l": 0
                    }
                },
                {
                    "season": 4,
                    "ranked": {
                        "k": 3723,
                        "d": 3127,
                        "a": 531,
                        "w": 131,
                        "l": 96
                    },
                    "casual": {
                        "k": 10481,
                        "d": 4258,
                        "a": 741,
                        "w": 128,
                        "l": 28
                    },
                    "custom": {
                        "k": 4450,
                        "d": 3550,
                        "a": 419,
                        "w": 0,
                        "l": 0
                    }
                },
                {
                    "season": 5,
                    "ranked": {
                        "k": 3889,
                        "d": 3376,
                        "a": 655,
                        "w": 132,
                        "l": 108
                    },
                    "casual": {
                        "k": 8407,
                        "d": 4066,
                        "a": 682,
                        "w": 67,
                        "l": 21
                    },
                    "custom": {
                        "k": 4335,
                        "d": 3303,
                        "a": 430,
                        "w": 0,
                        "l": 0
                    }
                },
                {
                    "season": 6,
                    "ranked": {
                        "k": 2601,
                        "d": 2177,
                        "a": 460,
                        "w": 120,
                        "l": 54
                    },
                    "casual": {
                        "k": 4779,
                        "d": 2396,
                        "a": 390,
                        "w": 14,
                        "l": 6
                    },
                    "custom": {
                        "k": 2933,
                        "d": 2050,
                        "a": 95,
                        "w": 0,
                        "l": 0
                    }
                }
            ],
            "ranked": {
                "placement_matches_left": 0,
                "highest_rank": 9,
                "rating": 2221,
                "global_position": 123,
                "rank": 9
            }
        },
        "ban": null,
        "reports": [],
        "clan": {
            "basicInfo": {
                "name": "Blizzard Legion",
                "tag": "Blzr"
            },
            "id": 50555,
            "memberRank": 40
        }
    }
]