[
    {
        "basicInfo": {
            "userID": 27807059,
            "name": "Belgier",
            "userType": 1,
            "iconID": 316,
            "level": 547
        },
        "userSettings": {
            "blockFriendRequests": false,
            "block_clan_requests": false,
            "equipped_emblem": 316
        },
        "friendStatus": 0,
        "stats": {
            "seasonal_stats": [
                {
                    "season": 0,
                    "ranked": {
                        "k": 12005,
                        "d": 11161,
                        "a": 1444,
                        "w": 597,
                        "l": 509
                    },
                    "casual": {
                        "k": 0,
                        "d": 0,
                        "a": 0,
                        "w": 0,
                        "l": 0
                    },
                    "custom": {
                        "k": 65920,
                        "d": 36763,
                        "a": 5283,
                        "w": 0,
                        "l": 0
                    }
                },
                {
                    "season": 1,
                    "ranked": {
                        "k": 4076,
                        "d": 3834,
                        "a": 514,
                        "w": 208,
                        "l": 165
                    },
                    "casual": {
                        "k": 0,
                        "d": 0,
                        "a": 0,
                        "w": 200,
                        "l": 92
                    },
                    "custom": {
                        "k": 0,
                        "d": 0,
                        "a": 0,
                        "w": 0,
                        "l": 0
                    }
                },
                {
                    "season": 2,
                    "ranked": {
                        "k": 3570,
                        "d": 3745,
                        "a": 437,
                        "w": 185,
                        "l": 170
                    },
                    "casual": {
                        "k": 106,
                        "d": 51,
                        "a": 15,
                        "w": 165,
                        "l": 64
                    },
                    "custom": {
                        "k": 317,
                        "d": 221,
                        "a": 36,
                        "w": 0,
                        "l": 0
                    }
                },
                {
                    "season": 3,
                    "ranked": {
                        "k": 1871,
                        "d": 1603,
                        "a": 247,
                        "w": 72,
                        "l": 40
                    },
                    "casual": {
                        "k": 16915,
                        "d": 7676,
                        "a": 1445,
                        "w": 327,
                        "l": 109
                    },
                    "custom": {
                        "k": 25054,
                        "d": 9822,
                        "a": 1045,
                        "w": 0,
                        "l": 0
                    }
                },
                {
                    "season": 4,
                    "ranked": {
                        "k": 3581,
                        "d": 3564,
                        "a": 533,
                        "w": 132,
                        "l": 103
                    },
                    "casual": {
                        "k": 10564,
                        "d": 5657,
                        "a": 965,
                        "w": 218,
                        "l": 51
                    },
                    "custom": {
                        "k": 6627,
                        "d": 4752,
                        "a": 478,
                        "w": 0,
                        "l": 0
                    }
                },
                {
                    "season": 5,
                    "ranked": {
                        "k": 653,
                        "d": 309,
                        "a": 59,
                        "w": 45,
                        "l": 5
                    },
                    "casual": {
                        "k": 7327,
                        "d": 3597,
                        "a": 561,
                        "w": 147,
                        "l": 29
                    },
                    "custom": {
                        "k": 4623,
                        "d": 3458,
                        "a": 379,
                        "w": 0,
                        "l": 0
                    }
                },
                {
                    "season": 6,
                    "ranked": {
                        "k": 196,
                        "d": 81,
                        "a": 4,
                        "w": 10,
                        "l": 0
                    },
                    "casual": {
                        "k": 336,
                        "d": 186,
                        "a": 27,
                        "w": 2,
                        "l": 0
                    },
                    "custom": {
                        "k": 114,
                        "d": 98,
                        "a": 0,
                        "w": 0,
                        "l": 0
                    }
                }
            ],
            "ranked": {
                "placement_matches_left": 0,
                "highest_rank": 8,
                "rating": 2257,
                "global_position": 78,
                "rank": 9
            }
        },
        "ban": null,
        "reports": []
    }
]