[
    {
        "basicInfo": {
            "userID": 122681780,
            "name": "Benzi",
            "userType": 1,
            "iconID": 251,
            "level": 377
        },
        "userSettings": {
            "blockFriendRequests": false,
            "block_clan_requests": false,
            "equipped_emblem": 251
        },
        "friendStatus": 0,
        "stats": {
            "seasonal_stats": [
                {
                    "season": 0,
                    "ranked": {
                        "k": 1032,
                        "d": 316,
                        "a": 80,
                        "w": 36,
                        "l": 23
                    },
                    "casual": {
                        "k": 0,
                        "d": 0,
                        "a": 0,
                        "w": 0,
                        "l": 0
                    },
                    "custom": {
                        "k": 25881,
                        "d": 8058,
                        "a": 1515,
                        "w": 0,
                        "l": 0
                    }
                },
                {
                    "season": 1,
                    "ranked": {
                        "k": 95,
                        "d": 19,
                        "a": 4,
                        "w": 4,
                        "l": 0
                    },
                    "casual": {
                        "k": 0,
                        "d": 0,
                        "a": 0,
                        "w": 3,
                        "l": 2
                    },
                    "custom": {
                        "k": 0,
                        "d": 0,
                        "a": 0,
                        "w": 0,
                        "l": 0
                    }
                },
                {
                    "season": 2,
                    "ranked": {
                        "k": 2775,
                        "d": 1713,
                        "a": 323,
                        "w": 120,
                        "l": 81
                    },
                    "casual": {
                        "k": 0,
                        "d": 0,
                        "a": 0,
                        "w": 264,
                        "l": 39
                    },
                    "custom": {
                        "k": 0,
                        "d": 0,
                        "a": 0,
                        "w": 0,
                        "l": 0
                    }
                },
                {
                    "season": 3,
                    "ranked": {
                        "k": 1478,
                        "d": 1023,
                        "a": 159,
                        "w": 51,
                        "l": 29
                    },
                    "casual": {
                        "k": 28147,
                        "d": 7196,
                        "a": 1569,
                        "w": 435,
                        "l": 78
                    },
                    "custom": {
                        "k": 1133,
                        "d": 745,
                        "a": 103,
                        "w": 0,
                        "l": 0
                    }
                },
                {
                    "season": 4,
                    "ranked": {
                        "k": 1566,
                        "d": 1140,
                        "a": 167,
                        "w": 58,
                        "l": 26
                    },
                    "casual": {
                        "k": 30331,
                        "d": 7895,
                        "a": 1508,
                        "w": 385,
                        "l": 44
                    },
                    "custom": {
                        "k": 2402,
                        "d": 2015,
                        "a": 337,
                        "w": 0,
                        "l": 0
                    }
                },
                {
                    "season": 5,
                    "ranked": {
                        "k": 539,
                        "d": 418,
                        "a": 66,
                        "w": 16,
                        "l": 14
                    },
                    "casual": {
                        "k": 15402,
                        "d": 4170,
                        "a": 945,
                        "w": 274,
                        "l": 21
                    },
                    "custom": {
                        "k": 201,
                        "d": 97,
                        "a": 0,
                        "w": 0,
                        "l": 0
                    }
                },
                {
                    "season": 6,
                    "ranked": {
                        "k": 1024,
                        "d": 766,
                        "a": 141,
                        "w": 49,
                        "l": 15
                    },
                    "casual": {
                        "k": 5213,
                        "d": 1410,
                        "a": 293,
                        "w": 102,
                        "l": 12
                    },
                    "custom": {
                        "k": 132,
                        "d": 115,
                        "a": 11,
                        "w": 0,
                        "l": 0
                    }
                }
            ],
            "ranked": {
                "placement_matches_left": 0,
                "highest_rank": 9,
                "rating": 2225,
                "global_position": 115,
                "rank": 9
            }
        },
        "ban": null,
        "reports": [],
        "clan": {
            "basicInfo": {
                "name": "Team TUHO",
                "tag": "TUHO"
            },
            "id": 21837,
            "memberRank": 10
        }
    }
]