[
    {
        "basicInfo": {
            "userID": 147052580,
            "name": "Bittenn",
            "userType": 1,
            "iconID": 318,
            "level": 196
        },
        "userSettings": {
            "blockFriendRequests": false,
            "block_clan_requests": true,
            "equipped_emblem": 316
        },
        "friendStatus": 0,
        "stats": {
            "seasonal_stats": [
                {
                    "season": 0,
                    "ranked": {
                        "k": 0,
                        "d": 0,
                        "a": 0,
                        "w": 0,
                        "l": 0
                    },
                    "casual": {
                        "k": 0,
                        "d": 0,
                        "a": 0,
                        "w": 0,
                        "l": 0
                    },
                    "custom": {
                        "k": 20757,
                        "d": 14952,
                        "a": 1469,
                        "w": 0,
                        "l": 0
                    }
                },
                {
                    "season": 1,
                    "ranked": {
                        "k": 221,
                        "d": 240,
                        "a": 20,
                        "w": 10,
                        "l": 13
                    },
                    "casual": {
                        "k": 0,
                        "d": 0,
                        "a": 0,
                        "w": 190,
                        "l": 67
                    },
                    "custom": {
                        "k": 0,
                        "d": 0,
                        "a": 0,
                        "w": 0,
                        "l": 0
                    }
                },
                {
                    "season": 2,
                    "ranked": {
                        "k": 3404,
                        "d": 3110,
                        "a": 365,
                        "w": 168,
                        "l": 143
                    },
                    "casual": {
                        "k": 0,
                        "d": 0,
                        "a": 0,
                        "w": 291,
                        "l": 134
                    },
                    "custom": {
                        "k": 261,
                        "d": 206,
                        "a": 35,
                        "w": 0,
                        "l": 0
                    }
                },
                {
                    "season": 3,
                    "ranked": {
                        "k": 1687,
                        "d": 1350,
                        "a": 191,
                        "w": 70,
                        "l": 35
                    },
                    "casual": {
                        "k": 1947,
                        "d": 703,
                        "a": 150,
                        "w": 35,
                        "l": 20
                    },
                    "custom": {
                        "k": 13530,
                        "d": 9512,
                        "a": 982,
                        "w": 0,
                        "l": 0
                    }
                },
                {
                    "season": 4,
                    "ranked": {
                        "k": 1748,
                        "d": 1387,
                        "a": 179,
                        "w": 60,
                        "l": 42
                    },
                    "casual": {
                        "k": 2298,
                        "d": 857,
                        "a": 133,
                        "w": 28,
                        "l": 5
                    },
                    "custom": {
                        "k": 7760,
                        "d": 6359,
                        "a": 783,
                        "w": 0,
                        "l": 0
                    }
                },
                {
                    "season": 5,
                    "ranked": {
                        "k": 785,
                        "d": 649,
                        "a": 117,
                        "w": 35,
                        "l": 15
                    },
                    "casual": {
                        "k": 2080,
                        "d": 1006,
                        "a": 160,
                        "w": 21,
                        "l": 6
                    },
                    "custom": {
                        "k": 4616,
                        "d": 3639,
                        "a": 424,
                        "w": 0,
                        "l": 0
                    }
                },
                {
                    "season": 6,
                    "ranked": {
                        "k": 231,
                        "d": 191,
                        "a": 23,
                        "w": 14,
                        "l": 2
                    },
                    "casual": {
                        "k": 1152,
                        "d": 426,
                        "a": 87,
                        "w": 22,
                        "l": 5
                    },
                    "custom": {
                        "k": 1586,
                        "d": 1282,
                        "a": 151,
                        "w": 0,
                        "l": 0
                    }
                }
            ],
            "ranked": {
                "placement_matches_left": 0,
                "highest_rank": 9,
                "rating": 2192,
                "global_position": 189,
                "rank": 9
            }
        },
        "ban": null,
        "reports": [],
        "clan": {
            "basicInfo": {
                "name": "TEAM RGU",
                "tag": "RGU"
            },
            "id": 78606,
            "memberRank": 40
        }
    }
]