[
    {
        "basicInfo": {
            "userID": 42069076,
            "name": "BlitZ",
            "userType": 1,
            "iconID": 255,
            "level": 592
        },
        "userSettings": {
            "blockFriendRequests": true,
            "block_clan_requests": false,
            "equipped_emblem": 255
        },
        "friendStatus": 0,
        "stats": {
            "seasonal_stats": [
                {
                    "season": 0,
                    "ranked": {
                        "k": 6987,
                        "d": 4497,
                        "a": 738,
                        "w": 390,
                        "l": 120
                    },
                    "casual": {
                        "k": 0,
                        "d": 0,
                        "a": 0,
                        "w": 0,
                        "l": 0
                    },
                    "custom": {
                        "k": 262046,
                        "d": 120061,
                        "a": 19290,
                        "w": 0,
                        "l": 0
                    }
                },
                {
                    "season": 1,
                    "ranked": {
                        "k": 998,
                        "d": 516,
                        "a": 92,
                        "w": 45,
                        "l": 17
                    },
                    "casual": {
                        "k": 0,
                        "d": 0,
                        "a": 0,
                        "w": 107,
                        "l": 37
                    },
                    "custom": {
                        "k": 0,
                        "d": 0,
                        "a": 0,
                        "w": 0,
                        "l": 0
                    }
                },
                {
                    "season": 2,
                    "ranked": {
                        "k": 547,
                        "d": 322,
                        "a": 63,
                        "w": 36,
                        "l": 8
                    },
                    "casual": {
                        "k": 0,
                        "d": 0,
                        "a": 0,
                        "w": 374,
                        "l": 84
                    },
                    "custom": {
                        "k": 486,
                        "d": 262,
                        "a": 62,
                        "w": 0,
                        "l": 0
                    }
                },
                {
                    "season": 3,
                    "ranked": {
                        "k": 399,
                        "d": 235,
                        "a": 43,
                        "w": 18,
                        "l": 4
                    },
                    "casual": {
                        "k": 11365,
                        "d": 3787,
                        "a": 913,
                        "w": 223,
                        "l": 66
                    },
                    "custom": {
                        "k": 10289,
                        "d": 6869,
                        "a": 1190,
                        "w": 0,
                        "l": 0
                    }
                },
                {
                    "season": 4,
                    "ranked": {
                        "k": 534,
                        "d": 355,
                        "a": 62,
                        "w": 19,
                        "l": 12
                    },
                    "casual": {
                        "k": 9205,
                        "d": 3754,
                        "a": 679,
                        "w": 179,
                        "l": 42
                    },
                    "custom": {
                        "k": 2640,
                        "d": 1794,
                        "a": 425,
                        "w": 0,
                        "l": 0
                    }
                },
                {
                    "season": 5,
                    "ranked": {
                        "k": 0,
                        "d": 0,
                        "a": 0,
                        "w": 0,
                        "l": 0
                    },
                    "casual": {
                        "k": 16157,
                        "d": 5429,
                        "a": 1116,
                        "w": 273,
                        "l": 57
                    },
                    "custom": {
                        "k": 2878,
                        "d": 2319,
                        "a": 396,
                        "w": 0,
                        "l": 0
                    }
                },
                {
                    "season": 6,
                    "ranked": {
                        "k": 1175,
                        "d": 889,
                        "a": 211,
                        "w": 77,
                        "l": 3
                    },
                    "casual": {
                        "k": 11712,
                        "d": 4218,
                        "a": 773,
                        "w": 183,
                        "l": 43
                    },
                    "custom": {
                        "k": 1385,
                        "d": 1124,
                        "a": 147,
                        "w": 0,
                        "l": 0
                    }
                }
            ],
            "ranked": {
                "placement_matches_left": 0,
                "highest_rank": 9,
                "rating": 2404,
                "global_position": 10,
                "rank": 9
            }
        },
        "ban": null,
        "reports": [],
        "clan": {
            "basicInfo": {
                "name": "REIGN",
                "tag": "RGN"
            },
            "id": 4439,
            "memberRank": 10
        }
    }
]