[
    {
        "basicInfo": {
            "userID": 16281078,
            "name": "Bobooooo",
            "userType": 1,
            "iconID": 36,
            "level": 725
        },
        "userSettings": {
            "blockFriendRequests": false,
            "block_clan_requests": false,
            "equipped_emblem": 36
        },
        "friendStatus": 0,
        "stats": {
            "seasonal_stats": [
                {
                    "season": 0,
                    "ranked": {
                        "k": 37036,
                        "d": 20656,
                        "a": 4103,
                        "w": 1620,
                        "l": 1130
                    },
                    "casual": {
                        "k": 0,
                        "d": 0,
                        "a": 0,
                        "w": 0,
                        "l": 0
                    },
                    "custom": {
                        "k": 168061,
                        "d": 54504,
                        "a": 10470,
                        "w": 0,
                        "l": 0
                    }
                },
                {
                    "season": 1,
                    "ranked": {
                        "k": 4537,
                        "d": 2889,
                        "a": 493,
                        "w": 200,
                        "l": 139
                    },
                    "casual": {
                        "k": 0,
                        "d": 0,
                        "a": 0,
                        "w": 158,
                        "l": 22
                    },
                    "custom": {
                        "k": 0,
                        "d": 0,
                        "a": 0,
                        "w": 0,
                        "l": 0
                    }
                },
                {
                    "season": 2,
                    "ranked": {
                        "k": 10998,
                        "d": 8207,
                        "a": 1398,
                        "w": 548,
                        "l": 383
                    },
                    "casual": {
                        "k": 0,
                        "d": 0,
                        "a": 0,
                        "w": 378,
                        "l": 104
                    },
                    "custom": {
                        "k": 0,
                        "d": 0,
                        "a": 0,
                        "w": 0,
                        "l": 0
                    }
                },
                {
                    "season": 3,
                    "ranked": {
                        "k": 11136,
                        "d": 9424,
                        "a": 1371,
                        "w": 459,
                        "l": 260
                    },
                    "casual": {
                        "k": 12658,
                        "d": 3099,
                        "a": 699,
                        "w": 380,
                        "l": 105
                    },
                    "custom": {
                        "k": 13609,
                        "d": 7023,
                        "a": 760,
                        "w": 0,
                        "l": 0
                    }
                },
                {
                    "season": 4,
                    "ranked": {
                        "k": 4867,
                        "d": 4628,
                        "a": 620,
                        "w": 204,
                        "l": 132
                    },
                    "casual": {
                        "k": 17578,
                        "d": 4683,
                        "a": 1011,
                        "w": 377,
                        "l": 62
                    },
                    "custom": {
                        "k": 17976,
                        "d": 7715,
                        "a": 934,
                        "w": 0,
                        "l": 0
                    }
                },
                {
                    "season": 5,
                    "ranked": {
                        "k": 2418,
                        "d": 2514,
                        "a": 408,
                        "w": 119,
                        "l": 65
                    },
                    "casual": {
                        "k": 2155,
                        "d": 625,
                        "a": 130,
                        "w": 46,
                        "l": 14
                    },
                    "custom": {
                        "k": 2367,
                        "d": 1847,
                        "a": 214,
                        "w": 0,
                        "l": 0
                    }
                },
                {
                    "season": 6,
                    "ranked": {
                        "k": 340,
                        "d": 266,
                        "a": 52,
                        "w": 17,
                        "l": 4
                    },
                    "casual": {
                        "k": 236,
                        "d": 117,
                        "a": 21,
                        "w": 4,
                        "l": 1
                    },
                    "custom": {
                        "k": 174,
                        "d": 132,
                        "a": 23,
                        "w": 0,
                        "l": 0
                    }
                }
            ],
            "ranked": {
                "placement_matches_left": 0,
                "highest_rank": 9,
                "rating": 2184,
                "global_position": 206,
                "rank": 9
            }
        },
        "ban": null,
        "reports": []
    }
]