[
    {
        "basicInfo": {
            "userID": 177932197,
            "name": "Brrrrr",
            "userType": 1,
            "iconID": 285,
            "level": 133
        },
        "userSettings": {
            "blockFriendRequests": false,
            "block_clan_requests": false,
            "equipped_emblem": 285
        },
        "friendStatus": 0,
        "stats": {
            "seasonal_stats": [
                {
                    "season": 0,
                    "ranked": {
                        "k": 0,
                        "d": 0,
                        "a": 0,
                        "w": 0,
                        "l": 0
                    },
                    "casual": {
                        "k": 0,
                        "d": 0,
                        "a": 0,
                        "w": 0,
                        "l": 0
                    },
                    "custom": {
                        "k": 253,
                        "d": 69,
                        "a": 22,
                        "w": 0,
                        "l": 0
                    }
                },
                {
                    "season": 1,
                    "ranked": {
                        "k": 0,
                        "d": 0,
                        "a": 0,
                        "w": 0,
                        "l": 0
                    },
                    "casual": {
                        "k": 0,
                        "d": 0,
                        "a": 0,
                        "w": 0,
                        "l": 0
                    },
                    "custom": {
                        "k": 0,
                        "d": 0,
                        "a": 0,
                        "w": 0,
                        "l": 0
                    }
                },
                {
                    "season": 2,
                    "ranked": {
                        "k": 0,
                        "d": 0,
                        "a": 0,
                        "w": 0,
                        "l": 0
                    },
                    "casual": {
                        "k": 0,
                        "d": 0,
                        "a": 0,
                        "w": 0,
                        "l": 0
                    },
                    "custom": {
                        "k": 0,
                        "d": 0,
                        "a": 0,
                        "w": 0,
                        "l": 0
                    }
                },
                {
                    "season": 3,
                    "ranked": {
                        "k": 2570,
                        "d": 1890,
                        "a": 354,
                        "w": 94,
                        "l": 52
                    },
                    "casual": {
                        "k": 8664,
                        "d": 2571,
                        "a": 615,
                        "w": 133,
                        "l": 42
                    },
                    "custom": {
                        "k": 1303,
                        "d": 1176,
                        "a": 182,
                        "w": 0,
                        "l": 0
                    }
                },
                {
                    "season": 4,
                    "ranked": {
                        "k": 1530,
                        "d": 1180,
                        "a": 221,
                        "w": 58,
                        "l": 32
                    },
                    "casual": {
                        "k": 7952,
                        "d": 2206,
                        "a": 562,
                        "w": 108,
                        "l": 26
                    },
                    "custom": {
                        "k": 2201,
                        "d": 1925,
                        "a": 302,
                        "w": 0,
                        "l": 0
                    }
                },
                {
                    "season": 5,
                    "ranked": {
                        "k": 396,
                        "d": 292,
                        "a": 53,
                        "w": 16,
                        "l": 5
                    },
                    "casual": {
                        "k": 1243,
                        "d": 422,
                        "a": 112,
                        "w": 17,
                        "l": 6
                    },
                    "custom": {
                        "k": 90,
                        "d": 68,
                        "a": 0,
                        "w": 0,
                        "l": 0
                    }
                },
                {
                    "season": 6,
                    "ranked": {
                        "k": 410,
                        "d": 357,
                        "a": 71,
                        "w": 17,
                        "l": 7
                    },
                    "casual": {
                        "k": 1158,
                        "d": 359,
                        "a": 99,
                        "w": 6,
                        "l": 2
                    },
                    "custom": {
                        "k": 215,
                        "d": 215,
                        "a": 38,
                        "w": 0,
                        "l": 0
                    }
                }
            ],
            "ranked": {
                "placement_matches_left": 0,
                "highest_rank": 9,
                "rating": 2167,
                "global_position": 247,
                "rank": 9
            }
        },
        "ban": null,
        "reports": [],
        "clan": {
            "basicInfo": {
                "name": "Team TUHO",
                "tag": "TUHO"
            },
            "id": 21837,
            "memberRank": 40
        }
    }
]