[
    {
        "basicInfo": {
            "userID": 159068633,
            "name": "Brunette",
            "userType": 1,
            "iconID": 1,
            "level": 113
        },
        "userSettings": {
            "blockFriendRequests": false,
            "block_clan_requests": false,
            "equipped_emblem": 301
        },
        "friendStatus": 0,
        "stats": {
            "seasonal_stats": [
                {
                    "season": 0,
                    "ranked": {
                        "k": 0,
                        "d": 0,
                        "a": 0,
                        "w": 0,
                        "l": 0
                    },
                    "casual": {
                        "k": 0,
                        "d": 0,
                        "a": 0,
                        "w": 0,
                        "l": 0
                    },
                    "custom": {
                        "k": 421,
                        "d": 123,
                        "a": 29,
                        "w": 0,
                        "l": 0
                    }
                },
                {
                    "season": 1,
                    "ranked": {
                        "k": 0,
                        "d": 0,
                        "a": 0,
                        "w": 0,
                        "l": 0
                    },
                    "casual": {
                        "k": 0,
                        "d": 0,
                        "a": 0,
                        "w": 0,
                        "l": 0
                    },
                    "custom": {
                        "k": 0,
                        "d": 0,
                        "a": 0,
                        "w": 0,
                        "l": 0
                    }
                },
                {
                    "season": 2,
                    "ranked": {
                        "k": 179,
                        "d": 46,
                        "a": 16,
                        "w": 9,
                        "l": 0
                    },
                    "casual": {
                        "k": 0,
                        "d": 0,
                        "a": 0,
                        "w": 3,
                        "l": 0
                    },
                    "custom": {
                        "k": 0,
                        "d": 0,
                        "a": 0,
                        "w": 0,
                        "l": 0
                    }
                },
                {
                    "season": 3,
                    "ranked": {
                        "k": 824,
                        "d": 471,
                        "a": 73,
                        "w": 25,
                        "l": 12
                    },
                    "casual": {
                        "k": 2716,
                        "d": 813,
                        "a": 160,
                        "w": 15,
                        "l": 3
                    },
                    "custom": {
                        "k": 3132,
                        "d": 1640,
                        "a": 234,
                        "w": 0,
                        "l": 0
                    }
                },
                {
                    "season": 4,
                    "ranked": {
                        "k": 2311,
                        "d": 1422,
                        "a": 215,
                        "w": 84,
                        "l": 33
                    },
                    "casual": {
                        "k": 3096,
                        "d": 861,
                        "a": 152,
                        "w": 9,
                        "l": 0
                    },
                    "custom": {
                        "k": 5818,
                        "d": 3922,
                        "a": 595,
                        "w": 0,
                        "l": 0
                    }
                },
                {
                    "season": 5,
                    "ranked": {
                        "k": 5272,
                        "d": 3369,
                        "a": 545,
                        "w": 175,
                        "l": 99
                    },
                    "casual": {
                        "k": 9957,
                        "d": 2360,
                        "a": 384,
                        "w": 11,
                        "l": 2
                    },
                    "custom": {
                        "k": 4342,
                        "d": 3020,
                        "a": 326,
                        "w": 0,
                        "l": 0
                    }
                },
                {
                    "season": 6,
                    "ranked": {
                        "k": 806,
                        "d": 474,
                        "a": 101,
                        "w": 35,
                        "l": 8
                    },
                    "casual": {
                        "k": 7376,
                        "d": 1839,
                        "a": 254,
                        "w": 3,
                        "l": 1
                    },
                    "custom": {
                        "k": 2001,
                        "d": 1331,
                        "a": 244,
                        "w": 0,
                        "l": 0
                    }
                }
            ],
            "ranked": {
                "placement_matches_left": 0,
                "highest_rank": 9,
                "rating": 2259,
                "global_position": 76,
                "rank": 9
            }
        },
        "ban": null,
        "reports": [],
        "clan": {
            "basicInfo": {
                "name": "Monarchyyy",
                "tag": "MNCY"
            },
            "id": 68453,
            "memberRank": 10
        }
    }
]