[
    {
        "basicInfo": {
            "userID": 10172495,
            "name": "BullyHunter666",
            "userType": 1,
            "iconID": 250,
            "level": 224
        },
        "userSettings": {
            "blockFriendRequests": true,
            "block_clan_requests": true,
            "equipped_emblem": 306
        },
        "friendStatus": 0,
        "stats": {
            "seasonal_stats": [
                {
                    "season": 0,
                    "ranked": {
                        "k": 2588,
                        "d": 2472,
                        "a": 352,
                        "w": 131,
                        "l": 127
                    },
                    "casual": {
                        "k": 0,
                        "d": 0,
                        "a": 0,
                        "w": 0,
                        "l": 0
                    },
                    "custom": {
                        "k": 42753,
                        "d": 21643,
                        "a": 3382,
                        "w": 0,
                        "l": 0
                    }
                },
                {
                    "season": 1,
                    "ranked": {
                        "k": 725,
                        "d": 847,
                        "a": 87,
                        "w": 42,
                        "l": 41
                    },
                    "casual": {
                        "k": 0,
                        "d": 0,
                        "a": 0,
                        "w": 54,
                        "l": 18
                    },
                    "custom": {
                        "k": 0,
                        "d": 0,
                        "a": 0,
                        "w": 0,
                        "l": 0
                    }
                },
                {
                    "season": 2,
                    "ranked": {
                        "k": 442,
                        "d": 443,
                        "a": 64,
                        "w": 22,
                        "l": 21
                    },
                    "casual": {
                        "k": 0,
                        "d": 0,
                        "a": 0,
                        "w": 140,
                        "l": 73
                    },
                    "custom": {
                        "k": 44,
                        "d": 29,
                        "a": 3,
                        "w": 0,
                        "l": 0
                    }
                },
                {
                    "season": 3,
                    "ranked": {
                        "k": 1729,
                        "d": 1383,
                        "a": 213,
                        "w": 84,
                        "l": 18
                    },
                    "casual": {
                        "k": 4369,
                        "d": 1873,
                        "a": 257,
                        "w": 66,
                        "l": 11
                    },
                    "custom": {
                        "k": 9824,
                        "d": 8112,
                        "a": 581,
                        "w": 0,
                        "l": 0
                    }
                },
                {
                    "season": 4,
                    "ranked": {
                        "k": 477,
                        "d": 439,
                        "a": 59,
                        "w": 19,
                        "l": 10
                    },
                    "casual": {
                        "k": 19629,
                        "d": 8064,
                        "a": 1222,
                        "w": 361,
                        "l": 50
                    },
                    "custom": {
                        "k": 18179,
                        "d": 14182,
                        "a": 1211,
                        "w": 0,
                        "l": 0
                    }
                },
                {
                    "season": 5,
                    "ranked": {
                        "k": 1881,
                        "d": 1709,
                        "a": 305,
                        "w": 79,
                        "l": 36
                    },
                    "casual": {
                        "k": 8818,
                        "d": 4103,
                        "a": 618,
                        "w": 108,
                        "l": 28
                    },
                    "custom": {
                        "k": 16926,
                        "d": 12744,
                        "a": 1210,
                        "w": 0,
                        "l": 0
                    }
                },
                {
                    "season": 6,
                    "ranked": {
                        "k": 1817,
                        "d": 1641,
                        "a": 384,
                        "w": 96,
                        "l": 21
                    },
                    "casual": {
                        "k": 5243,
                        "d": 2259,
                        "a": 395,
                        "w": 67,
                        "l": 14
                    },
                    "custom": {
                        "k": 2096,
                        "d": 1792,
                        "a": 128,
                        "w": 0,
                        "l": 0
                    }
                }
            ],
            "ranked": {
                "placement_matches_left": 0,
                "highest_rank": 9,
                "rating": 2282,
                "global_position": 53,
                "rank": 9
            }
        },
        "ban": null,
        "reports": [],
        "clan": {
            "basicInfo": {
                "name": "Goddede team",
                "tag": "God"
            },
            "id": 96174,
            "memberRank": 10
        }
    }
]