[
    {
        "basicInfo": {
            "userID": 157947675,
            "name": "burberrys",
            "userType": 1,
            "iconID": 1,
            "level": 172
        },
        "userSettings": {
            "blockFriendRequests": false,
            "block_clan_requests": false,
            "equipped_emblem": 317
        },
        "friendStatus": 0,
        "stats": {
            "seasonal_stats": [
                {
                    "season": 0,
                    "ranked": {
                        "k": 0,
                        "d": 0,
                        "a": 0,
                        "w": 0,
                        "l": 0
                    },
                    "casual": {
                        "k": 0,
                        "d": 0,
                        "a": 0,
                        "w": 0,
                        "l": 0
                    },
                    "custom": {
                        "k": 5056,
                        "d": 2767,
                        "a": 370,
                        "w": 0,
                        "l": 0
                    }
                },
                {
                    "season": 1,
                    "ranked": {
                        "k": 0,
                        "d": 0,
                        "a": 0,
                        "w": 0,
                        "l": 0
                    },
                    "casual": {
                        "k": 0,
                        "d": 0,
                        "a": 0,
                        "w": 0,
                        "l": 0
                    },
                    "custom": {
                        "k": 0,
                        "d": 0,
                        "a": 0,
                        "w": 0,
                        "l": 0
                    }
                },
                {
                    "season": 2,
                    "ranked": {
                        "k": 6842,
                        "d": 5099,
                        "a": 931,
                        "w": 359,
                        "l": 192
                    },
                    "casual": {
                        "k": 32,
                        "d": 26,
                        "a": 4,
                        "w": 10,
                        "l": 5
                    },
                    "custom": {
                        "k": 141,
                        "d": 104,
                        "a": 14,
                        "w": 0,
                        "l": 0
                    }
                },
                {
                    "season": 3,
                    "ranked": {
                        "k": 2605,
                        "d": 1827,
                        "a": 297,
                        "w": 93,
                        "l": 43
                    },
                    "casual": {
                        "k": 240,
                        "d": 89,
                        "a": 22,
                        "w": 4,
                        "l": 1
                    },
                    "custom": {
                        "k": 2707,
                        "d": 1339,
                        "a": 153,
                        "w": 0,
                        "l": 0
                    }
                },
                {
                    "season": 4,
                    "ranked": {
                        "k": 2228,
                        "d": 1771,
                        "a": 305,
                        "w": 79,
                        "l": 44
                    },
                    "casual": {
                        "k": 1107,
                        "d": 272,
                        "a": 74,
                        "w": 6,
                        "l": 0
                    },
                    "custom": {
                        "k": 3306,
                        "d": 2801,
                        "a": 450,
                        "w": 0,
                        "l": 0
                    }
                },
                {
                    "season": 5,
                    "ranked": {
                        "k": 429,
                        "d": 359,
                        "a": 58,
                        "w": 18,
                        "l": 8
                    },
                    "casual": {
                        "k": 7,
                        "d": 2,
                        "a": 0,
                        "w": 0,
                        "l": 0
                    },
                    "custom": {
                        "k": 299,
                        "d": 270,
                        "a": 41,
                        "w": 0,
                        "l": 0
                    }
                },
                {
                    "season": 6,
                    "ranked": {
                        "k": 1670,
                        "d": 1171,
                        "a": 244,
                        "w": 85,
                        "l": 11
                    },
                    "casual": {
                        "k": 101,
                        "d": 53,
                        "a": 2,
                        "w": 3,
                        "l": 0
                    },
                    "custom": {
                        "k": 34,
                        "d": 37,
                        "a": 5,
                        "w": 0,
                        "l": 0
                    }
                }
            ],
            "ranked": {
                "placement_matches_left": 0,
                "highest_rank": 9,
                "rating": 2391,
                "global_position": 12,
                "rank": 9
            }
        },
        "ban": null,
        "reports": []
    }
]