[
    {
        "basicInfo": {
            "userID": 174708999,
            "name": "C onde",
            "userType": 1,
            "iconID": 1,
            "level": 193
        },
        "userSettings": {
            "blockFriendRequests": false,
            "block_clan_requests": false,
            "equipped_emblem": 1
        },
        "friendStatus": 0,
        "stats": {
            "seasonal_stats": [
                {
                    "season": 0,
                    "ranked": {
                        "k": 0,
                        "d": 0,
                        "a": 0,
                        "w": 0,
                        "l": 0
                    },
                    "casual": {
                        "k": 0,
                        "d": 0,
                        "a": 0,
                        "w": 0,
                        "l": 0
                    },
                    "custom": {
                        "k": 30,
                        "d": 26,
                        "a": 0,
                        "w": 0,
                        "l": 0
                    }
                },
                {
                    "season": 1,
                    "ranked": {
                        "k": 0,
                        "d": 0,
                        "a": 0,
                        "w": 0,
                        "l": 0
                    },
                    "casual": {
                        "k": 0,
                        "d": 0,
                        "a": 0,
                        "w": 0,
                        "l": 0
                    },
                    "custom": {
                        "k": 0,
                        "d": 0,
                        "a": 0,
                        "w": 0,
                        "l": 0
                    }
                },
                {
                    "season": 2,
                    "ranked": {
                        "k": 0,
                        "d": 0,
                        "a": 0,
                        "w": 0,
                        "l": 0
                    },
                    "casual": {
                        "k": 0,
                        "d": 0,
                        "a": 0,
                        "w": 0,
                        "l": 0
                    },
                    "custom": {
                        "k": 0,
                        "d": 0,
                        "a": 0,
                        "w": 0,
                        "l": 0
                    }
                },
                {
                    "season": 3,
                    "ranked": {
                        "k": 5044,
                        "d": 4379,
                        "a": 674,
                        "w": 158,
                        "l": 132
                    },
                    "casual": {
                        "k": 754,
                        "d": 412,
                        "a": 76,
                        "w": 14,
                        "l": 4
                    },
                    "custom": {
                        "k": 6132,
                        "d": 5138,
                        "a": 312,
                        "w": 0,
                        "l": 0
                    }
                },
                {
                    "season": 4,
                    "ranked": {
                        "k": 2055,
                        "d": 1842,
                        "a": 271,
                        "w": 74,
                        "l": 50
                    },
                    "casual": {
                        "k": 4928,
                        "d": 2283,
                        "a": 413,
                        "w": 132,
                        "l": 45
                    },
                    "custom": {
                        "k": 3205,
                        "d": 2476,
                        "a": 219,
                        "w": 0,
                        "l": 0
                    }
                },
                {
                    "season": 5,
                    "ranked": {
                        "k": 1911,
                        "d": 1463,
                        "a": 238,
                        "w": 60,
                        "l": 51
                    },
                    "casual": {
                        "k": 328,
                        "d": 226,
                        "a": 37,
                        "w": 6,
                        "l": 1
                    },
                    "custom": {
                        "k": 952,
                        "d": 787,
                        "a": 43,
                        "w": 0,
                        "l": 0
                    }
                },
                {
                    "season": 6,
                    "ranked": {
                        "k": 376,
                        "d": 266,
                        "a": 54,
                        "w": 24,
                        "l": 2
                    },
                    "casual": {
                        "k": 236,
                        "d": 111,
                        "a": 22,
                        "w": 2,
                        "l": 1
                    },
                    "custom": {
                        "k": 606,
                        "d": 529,
                        "a": 58,
                        "w": 0,
                        "l": 0
                    }
                }
            ],
            "ranked": {
                "placement_matches_left": 0,
                "highest_rank": 9,
                "rating": 2236,
                "global_position": 97,
                "rank": 9
            }
        },
        "ban": null,
        "reports": [],
        "clan": {
            "basicInfo": {
                "name": "AAAAA",
                "tag": "xupa"
            },
            "id": 102319,
            "memberRank": 10
        }
    }
]