[
    {
        "basicInfo": {
            "userID": 184919449,
            "name": "capeesha",
            "userType": 1,
            "iconID": 280,
            "level": 88
        },
        "userSettings": {
            "blockFriendRequests": false,
            "block_clan_requests": false,
            "equipped_emblem": 280
        },
        "friendStatus": 0,
        "stats": {
            "seasonal_stats": [
                {
                    "season": 0,
                    "ranked": {
                        "k": 0,
                        "d": 0,
                        "a": 0,
                        "w": 0,
                        "l": 0
                    },
                    "casual": {
                        "k": 0,
                        "d": 0,
                        "a": 0,
                        "w": 0,
                        "l": 0
                    },
                    "custom": {
                        "k": 0,
                        "d": 0,
                        "a": 0,
                        "w": 0,
                        "l": 0
                    }
                },
                {
                    "season": 1,
                    "ranked": {
                        "k": 0,
                        "d": 0,
                        "a": 0,
                        "w": 0,
                        "l": 0
                    },
                    "casual": {
                        "k": 0,
                        "d": 0,
                        "a": 0,
                        "w": 0,
                        "l": 0
                    },
                    "custom": {
                        "k": 0,
                        "d": 0,
                        "a": 0,
                        "w": 0,
                        "l": 0
                    }
                },
                {
                    "season": 2,
                    "ranked": {
                        "k": 0,
                        "d": 0,
                        "a": 0,
                        "w": 0,
                        "l": 0
                    },
                    "casual": {
                        "k": 0,
                        "d": 0,
                        "a": 0,
                        "w": 0,
                        "l": 0
                    },
                    "custom": {
                        "k": 0,
                        "d": 0,
                        "a": 0,
                        "w": 0,
                        "l": 0
                    }
                },
                {
                    "season": 3,
                    "ranked": {
                        "k": 0,
                        "d": 0,
                        "a": 0,
                        "w": 0,
                        "l": 0
                    },
                    "casual": {
                        "k": 0,
                        "d": 0,
                        "a": 0,
                        "w": 0,
                        "l": 0
                    },
                    "custom": {
                        "k": 0,
                        "d": 0,
                        "a": 0,
                        "w": 0,
                        "l": 0
                    }
                },
                {
                    "season": 4,
                    "ranked": {
                        "k": 3678,
                        "d": 3059,
                        "a": 483,
                        "w": 142,
                        "l": 74
                    },
                    "casual": {
                        "k": 1000,
                        "d": 342,
                        "a": 63,
                        "w": 17,
                        "l": 2
                    },
                    "custom": {
                        "k": 196,
                        "d": 369,
                        "a": 6,
                        "w": 0,
                        "l": 0
                    }
                },
                {
                    "season": 5,
                    "ranked": {
                        "k": 1120,
                        "d": 829,
                        "a": 125,
                        "w": 48,
                        "l": 14
                    },
                    "casual": {
                        "k": 298,
                        "d": 101,
                        "a": 14,
                        "w": 9,
                        "l": 1
                    },
                    "custom": {
                        "k": 25,
                        "d": 26,
                        "a": 0,
                        "w": 0,
                        "l": 0
                    }
                },
                {
                    "season": 6,
                    "ranked": {
                        "k": 620,
                        "d": 506,
                        "a": 93,
                        "w": 34,
                        "l": 7
                    },
                    "casual": {
                        "k": 684,
                        "d": 243,
                        "a": 63,
                        "w": 25,
                        "l": 4
                    },
                    "custom": {
                        "k": 103,
                        "d": 10,
                        "a": 0,
                        "w": 0,
                        "l": 0
                    }
                }
            ],
            "ranked": {
                "placement_matches_left": 0,
                "highest_rank": 9,
                "rating": 2263,
                "global_position": 71,
                "rank": 9
            }
        },
        "ban": null,
        "reports": [],
        "clan": {
            "basicInfo": {
                "name": "Sky2Fly",
                "tag": "S2F"
            },
            "id": 28,
            "memberRank": 10
        }
    }
]