[
    {
        "basicInfo": {
            "userID": 99771755,
            "name": "Catha",
            "userType": 1,
            "iconID": 56,
            "level": 942
        },
        "userSettings": {
            "blockFriendRequests": false,
            "block_clan_requests": false,
            "equipped_emblem": 56
        },
        "friendStatus": 0,
        "stats": {
            "seasonal_stats": [
                {
                    "season": 0,
                    "ranked": {
                        "k": 3107,
                        "d": 2965,
                        "a": 410,
                        "w": 157,
                        "l": 138
                    },
                    "casual": {
                        "k": 0,
                        "d": 0,
                        "a": 0,
                        "w": 0,
                        "l": 0
                    },
                    "custom": {
                        "k": 77252,
                        "d": 44253,
                        "a": 6668,
                        "w": 0,
                        "l": 0
                    }
                },
                {
                    "season": 1,
                    "ranked": {
                        "k": 2100,
                        "d": 2101,
                        "a": 296,
                        "w": 107,
                        "l": 106
                    },
                    "casual": {
                        "k": 0,
                        "d": 0,
                        "a": 0,
                        "w": 588,
                        "l": 260
                    },
                    "custom": {
                        "k": 0,
                        "d": 0,
                        "a": 0,
                        "w": 0,
                        "l": 0
                    }
                },
                {
                    "season": 2,
                    "ranked": {
                        "k": 9847,
                        "d": 8558,
                        "a": 1435,
                        "w": 485,
                        "l": 410
                    },
                    "casual": {
                        "k": 10,
                        "d": 5,
                        "a": 0,
                        "w": 854,
                        "l": 427
                    },
                    "custom": {
                        "k": 140,
                        "d": 145,
                        "a": 4,
                        "w": 0,
                        "l": 0
                    }
                },
                {
                    "season": 3,
                    "ranked": {
                        "k": 6245,
                        "d": 5319,
                        "a": 877,
                        "w": 215,
                        "l": 151
                    },
                    "casual": {
                        "k": 13306,
                        "d": 6535,
                        "a": 1148,
                        "w": 391,
                        "l": 142
                    },
                    "custom": {
                        "k": 11258,
                        "d": 5845,
                        "a": 491,
                        "w": 0,
                        "l": 0
                    }
                },
                {
                    "season": 4,
                    "ranked": {
                        "k": 2507,
                        "d": 1898,
                        "a": 321,
                        "w": 83,
                        "l": 61
                    },
                    "casual": {
                        "k": 15191,
                        "d": 6653,
                        "a": 1036,
                        "w": 424,
                        "l": 76
                    },
                    "custom": {
                        "k": 7523,
                        "d": 4813,
                        "a": 540,
                        "w": 0,
                        "l": 0
                    }
                },
                {
                    "season": 5,
                    "ranked": {
                        "k": 1602,
                        "d": 921,
                        "a": 306,
                        "w": 76,
                        "l": 23
                    },
                    "casual": {
                        "k": 5110,
                        "d": 2216,
                        "a": 385,
                        "w": 144,
                        "l": 16
                    },
                    "custom": {
                        "k": 6655,
                        "d": 3485,
                        "a": 466,
                        "w": 0,
                        "l": 0
                    }
                },
                {
                    "season": 6,
                    "ranked": {
                        "k": 238,
                        "d": 117,
                        "a": 34,
                        "w": 12,
                        "l": 2
                    },
                    "casual": {
                        "k": 575,
                        "d": 219,
                        "a": 52,
                        "w": 13,
                        "l": 4
                    },
                    "custom": {
                        "k": 97,
                        "d": 87,
                        "a": 16,
                        "w": 0,
                        "l": 0
                    }
                }
            ],
            "ranked": {
                "placement_matches_left": 0,
                "highest_rank": 9,
                "rating": 2188,
                "global_position": 196,
                "rank": 9
            }
        },
        "ban": null,
        "reports": [],
        "clan": {
            "basicInfo": {
                "name": "TEAM 404",
                "tag": "T404"
            },
            "id": 91002,
            "memberRank": 10
        }
    }
]