[
    {
        "basicInfo": {
            "userID": 175932344,
            "name": "Chonk",
            "userType": 1,
            "iconID": 0,
            "level": 38
        },
        "userSettings": {
            "blockFriendRequests": false,
            "block_clan_requests": false,
            "equipped_emblem": 269
        },
        "friendStatus": 0,
        "stats": {
            "seasonal_stats": [
                {
                    "season": 0,
                    "ranked": {
                        "k": 0,
                        "d": 0,
                        "a": 0,
                        "w": 0,
                        "l": 0
                    },
                    "casual": {
                        "k": 0,
                        "d": 0,
                        "a": 0,
                        "w": 0,
                        "l": 0
                    },
                    "custom": {
                        "k": 8,
                        "d": 2,
                        "a": 0,
                        "w": 0,
                        "l": 0
                    }
                },
                {
                    "season": 1,
                    "ranked": {
                        "k": 0,
                        "d": 0,
                        "a": 0,
                        "w": 0,
                        "l": 0
                    },
                    "casual": {
                        "k": 0,
                        "d": 0,
                        "a": 0,
                        "w": 0,
                        "l": 0
                    },
                    "custom": {
                        "k": 0,
                        "d": 0,
                        "a": 0,
                        "w": 0,
                        "l": 0
                    }
                },
                {
                    "season": 2,
                    "ranked": {
                        "k": 0,
                        "d": 0,
                        "a": 0,
                        "w": 0,
                        "l": 0
                    },
                    "casual": {
                        "k": 0,
                        "d": 0,
                        "a": 0,
                        "w": 0,
                        "l": 0
                    },
                    "custom": {
                        "k": 0,
                        "d": 0,
                        "a": 0,
                        "w": 0,
                        "l": 0
                    }
                },
                {
                    "season": 3,
                    "ranked": {
                        "k": 279,
                        "d": 97,
                        "a": 24,
                        "w": 12,
                        "l": 0
                    },
                    "casual": {
                        "k": 0,
                        "d": 0,
                        "a": 0,
                        "w": 0,
                        "l": 0
                    },
                    "custom": {
                        "k": 253,
                        "d": 245,
                        "a": 0,
                        "w": 0,
                        "l": 0
                    }
                },
                {
                    "season": 4,
                    "ranked": {
                        "k": 1007,
                        "d": 594,
                        "a": 122,
                        "w": 34,
                        "l": 12
                    },
                    "casual": {
                        "k": 19,
                        "d": 4,
                        "a": 1,
                        "w": 0,
                        "l": 0
                    },
                    "custom": {
                        "k": 91,
                        "d": 61,
                        "a": 0,
                        "w": 0,
                        "l": 0
                    }
                },
                {
                    "season": 5,
                    "ranked": {
                        "k": 727,
                        "d": 344,
                        "a": 72,
                        "w": 21,
                        "l": 7
                    },
                    "casual": {
                        "k": 66,
                        "d": 15,
                        "a": 2,
                        "w": 0,
                        "l": 0
                    },
                    "custom": {
                        "k": 79,
                        "d": 26,
                        "a": 0,
                        "w": 0,
                        "l": 0
                    }
                },
                {
                    "season": 6,
                    "ranked": {
                        "k": 254,
                        "d": 106,
                        "a": 17,
                        "w": 10,
                        "l": 0
                    },
                    "casual": {
                        "k": 72,
                        "d": 22,
                        "a": 7,
                        "w": 1,
                        "l": 0
                    },
                    "custom": {
                        "k": 46,
                        "d": 34,
                        "a": 0,
                        "w": 0,
                        "l": 0
                    }
                }
            ],
            "ranked": {
                "placement_matches_left": 0,
                "highest_rank": 9,
                "rating": 2195,
                "global_position": 180,
                "rank": 9
            }
        },
        "ban": null,
        "reports": [],
        "clan": {
            "basicInfo": {
                "name": "Saints",
                "tag": "SN"
            },
            "id": 113109,
            "memberRank": 40
        }
    }
]