[
    {
        "basicInfo": {
            "userID": 135829962,
            "name": "Clone",
            "userType": 1,
            "iconID": 318,
            "level": 329
        },
        "userSettings": {
            "blockFriendRequests": false,
            "block_clan_requests": false,
            "equipped_emblem": 1
        },
        "friendStatus": 0,
        "stats": {
            "seasonal_stats": [
                {
                    "season": 0,
                    "ranked": {
                        "k": 0,
                        "d": 0,
                        "a": 0,
                        "w": 0,
                        "l": 0
                    },
                    "casual": {
                        "k": 0,
                        "d": 0,
                        "a": 0,
                        "w": 0,
                        "l": 0
                    },
                    "custom": {
                        "k": 1575,
                        "d": 1895,
                        "a": 241,
                        "w": 0,
                        "l": 0
                    }
                },
                {
                    "season": 1,
                    "ranked": {
                        "k": 2,
                        "d": 13,
                        "a": 1,
                        "w": 0,
                        "l": 1
                    },
                    "casual": {
                        "k": 0,
                        "d": 0,
                        "a": 0,
                        "w": 26,
                        "l": 33
                    },
                    "custom": {
                        "k": 0,
                        "d": 0,
                        "a": 0,
                        "w": 0,
                        "l": 0
                    }
                },
                {
                    "season": 2,
                    "ranked": {
                        "k": 170,
                        "d": 139,
                        "a": 30,
                        "w": 11,
                        "l": 5
                    },
                    "casual": {
                        "k": 0,
                        "d": 0,
                        "a": 0,
                        "w": 6,
                        "l": 8
                    },
                    "custom": {
                        "k": 0,
                        "d": 0,
                        "a": 0,
                        "w": 0,
                        "l": 0
                    }
                },
                {
                    "season": 3,
                    "ranked": {
                        "k": 10189,
                        "d": 7490,
                        "a": 1187,
                        "w": 338,
                        "l": 193
                    },
                    "casual": {
                        "k": 11384,
                        "d": 5478,
                        "a": 929,
                        "w": 420,
                        "l": 147
                    },
                    "custom": {
                        "k": 5773,
                        "d": 4571,
                        "a": 221,
                        "w": 0,
                        "l": 0
                    }
                },
                {
                    "season": 4,
                    "ranked": {
                        "k": 4823,
                        "d": 4159,
                        "a": 650,
                        "w": 168,
                        "l": 112
                    },
                    "casual": {
                        "k": 2247,
                        "d": 1119,
                        "a": 176,
                        "w": 39,
                        "l": 12
                    },
                    "custom": {
                        "k": 8117,
                        "d": 7198,
                        "a": 826,
                        "w": 0,
                        "l": 0
                    }
                },
                {
                    "season": 5,
                    "ranked": {
                        "k": 3218,
                        "d": 2927,
                        "a": 464,
                        "w": 130,
                        "l": 70
                    },
                    "casual": {
                        "k": 1242,
                        "d": 749,
                        "a": 111,
                        "w": 8,
                        "l": 1
                    },
                    "custom": {
                        "k": 7495,
                        "d": 6449,
                        "a": 766,
                        "w": 0,
                        "l": 0
                    }
                },
                {
                    "season": 6,
                    "ranked": {
                        "k": 614,
                        "d": 455,
                        "a": 55,
                        "w": 32,
                        "l": 6
                    },
                    "casual": {
                        "k": 325,
                        "d": 154,
                        "a": 31,
                        "w": 2,
                        "l": 1
                    },
                    "custom": {
                        "k": 1442,
                        "d": 1300,
                        "a": 98,
                        "w": 0,
                        "l": 0
                    }
                }
            ],
            "ranked": {
                "placement_matches_left": 0,
                "highest_rank": 9,
                "rating": 2267,
                "global_position": 67,
                "rank": 9
            }
        },
        "ban": null,
        "reports": [],
        "clan": {
            "basicInfo": {
                "name": "Unbreakable",
                "tag": "UNB"
            },
            "id": 5178,
            "memberRank": 10
        }
    }
]