[
    {
        "basicInfo": {
            "userID": 45992289,
            "name": "Codeine",
            "userType": 1,
            "iconID": 176,
            "level": 207
        },
        "userSettings": {
            "blockFriendRequests": false,
            "block_clan_requests": false,
            "equipped_emblem": 250
        },
        "friendStatus": 0,
        "stats": {
            "seasonal_stats": [
                {
                    "season": 0,
                    "ranked": {
                        "k": 0,
                        "d": 0,
                        "a": 0,
                        "w": 0,
                        "l": 0
                    },
                    "casual": {
                        "k": 0,
                        "d": 1,
                        "a": 0,
                        "w": 0,
                        "l": 0
                    },
                    "custom": {
                        "k": 14742,
                        "d": 10084,
                        "a": 1488,
                        "w": 0,
                        "l": 0
                    }
                },
                {
                    "season": 1,
                    "ranked": {
                        "k": 0,
                        "d": 0,
                        "a": 0,
                        "w": 0,
                        "l": 0
                    },
                    "casual": {
                        "k": 0,
                        "d": 0,
                        "a": 0,
                        "w": 0,
                        "l": 0
                    },
                    "custom": {
                        "k": 0,
                        "d": 0,
                        "a": 0,
                        "w": 0,
                        "l": 0
                    }
                },
                {
                    "season": 2,
                    "ranked": {
                        "k": 1781,
                        "d": 1244,
                        "a": 212,
                        "w": 88,
                        "l": 48
                    },
                    "casual": {
                        "k": 31,
                        "d": 13,
                        "a": 2,
                        "w": 137,
                        "l": 26
                    },
                    "custom": {
                        "k": 74,
                        "d": 62,
                        "a": 15,
                        "w": 0,
                        "l": 0
                    }
                },
                {
                    "season": 3,
                    "ranked": {
                        "k": 694,
                        "d": 526,
                        "a": 84,
                        "w": 31,
                        "l": 11
                    },
                    "casual": {
                        "k": 2950,
                        "d": 841,
                        "a": 210,
                        "w": 162,
                        "l": 33
                    },
                    "custom": {
                        "k": 4678,
                        "d": 4347,
                        "a": 670,
                        "w": 0,
                        "l": 0
                    }
                },
                {
                    "season": 4,
                    "ranked": {
                        "k": 841,
                        "d": 780,
                        "a": 110,
                        "w": 34,
                        "l": 19
                    },
                    "casual": {
                        "k": 2687,
                        "d": 835,
                        "a": 155,
                        "w": 110,
                        "l": 16
                    },
                    "custom": {
                        "k": 4950,
                        "d": 4720,
                        "a": 554,
                        "w": 0,
                        "l": 0
                    }
                },
                {
                    "season": 5,
                    "ranked": {
                        "k": 1130,
                        "d": 1063,
                        "a": 197,
                        "w": 53,
                        "l": 18
                    },
                    "casual": {
                        "k": 1483,
                        "d": 432,
                        "a": 77,
                        "w": 48,
                        "l": 5
                    },
                    "custom": {
                        "k": 2539,
                        "d": 2312,
                        "a": 349,
                        "w": 0,
                        "l": 0
                    }
                },
                {
                    "season": 6,
                    "ranked": {
                        "k": 791,
                        "d": 705,
                        "a": 101,
                        "w": 34,
                        "l": 14
                    },
                    "casual": {
                        "k": 2830,
                        "d": 822,
                        "a": 162,
                        "w": 97,
                        "l": 6
                    },
                    "custom": {
                        "k": 1605,
                        "d": 1409,
                        "a": 259,
                        "w": 0,
                        "l": 0
                    }
                }
            ],
            "ranked": {
                "placement_matches_left": 0,
                "highest_rank": 9,
                "rating": 2184,
                "global_position": 205,
                "rank": 9
            }
        },
        "ban": null,
        "reports": [],
        "clan": {
            "basicInfo": {
                "name": "sector 7",
                "tag": "s7"
            },
            "id": 10,
            "memberRank": 10
        }
    }
]