[
    {
        "basicInfo": {
            "userID": 39414411,
            "name": "Coroinha",
            "userType": 1,
            "iconID": 182,
            "level": 462
        },
        "userSettings": {
            "blockFriendRequests": false,
            "block_clan_requests": false,
            "equipped_emblem": 182
        },
        "friendStatus": 0,
        "stats": {
            "seasonal_stats": [
                {
                    "season": 0,
                    "ranked": {
                        "k": 31809,
                        "d": 23247,
                        "a": 4606,
                        "w": 1510,
                        "l": 923
                    },
                    "casual": {
                        "k": 0,
                        "d": 0,
                        "a": 0,
                        "w": 0,
                        "l": 0
                    },
                    "custom": {
                        "k": 151813,
                        "d": 83171,
                        "a": 13308,
                        "w": 0,
                        "l": 0
                    }
                },
                {
                    "season": 1,
                    "ranked": {
                        "k": 2981,
                        "d": 2265,
                        "a": 434,
                        "w": 148,
                        "l": 93
                    },
                    "casual": {
                        "k": 0,
                        "d": 0,
                        "a": 0,
                        "w": 20,
                        "l": 2
                    },
                    "custom": {
                        "k": 0,
                        "d": 0,
                        "a": 0,
                        "w": 0,
                        "l": 0
                    }
                },
                {
                    "season": 2,
                    "ranked": {
                        "k": 10433,
                        "d": 6924,
                        "a": 1347,
                        "w": 472,
                        "l": 286
                    },
                    "casual": {
                        "k": 0,
                        "d": 0,
                        "a": 0,
                        "w": 294,
                        "l": 75
                    },
                    "custom": {
                        "k": 62,
                        "d": 53,
                        "a": 14,
                        "w": 0,
                        "l": 0
                    }
                },
                {
                    "season": 3,
                    "ranked": {
                        "k": 6882,
                        "d": 4375,
                        "a": 759,
                        "w": 220,
                        "l": 116
                    },
                    "casual": {
                        "k": 10203,
                        "d": 3378,
                        "a": 724,
                        "w": 202,
                        "l": 35
                    },
                    "custom": {
                        "k": 3960,
                        "d": 2568,
                        "a": 348,
                        "w": 0,
                        "l": 0
                    }
                },
                {
                    "season": 4,
                    "ranked": {
                        "k": 3877,
                        "d": 2768,
                        "a": 425,
                        "w": 136,
                        "l": 66
                    },
                    "casual": {
                        "k": 12963,
                        "d": 4788,
                        "a": 875,
                        "w": 185,
                        "l": 30
                    },
                    "custom": {
                        "k": 5042,
                        "d": 4220,
                        "a": 567,
                        "w": 0,
                        "l": 0
                    }
                },
                {
                    "season": 5,
                    "ranked": {
                        "k": 1033,
                        "d": 925,
                        "a": 173,
                        "w": 42,
                        "l": 24
                    },
                    "casual": {
                        "k": 7018,
                        "d": 2678,
                        "a": 565,
                        "w": 138,
                        "l": 18
                    },
                    "custom": {
                        "k": 4787,
                        "d": 2694,
                        "a": 330,
                        "w": 0,
                        "l": 0
                    }
                },
                {
                    "season": 6,
                    "ranked": {
                        "k": 712,
                        "d": 522,
                        "a": 98,
                        "w": 31,
                        "l": 6
                    },
                    "casual": {
                        "k": 1901,
                        "d": 601,
                        "a": 147,
                        "w": 30,
                        "l": 2
                    },
                    "custom": {
                        "k": 1266,
                        "d": 784,
                        "a": 96,
                        "w": 0,
                        "l": 0
                    }
                }
            ],
            "ranked": {
                "placement_matches_left": 0,
                "highest_rank": 9,
                "rating": 2200,
                "global_position": 166,
                "rank": 9
            }
        },
        "ban": null,
        "reports": []
    }
]