[
    {
        "basicInfo": {
            "userID": 5663202,
            "name": "Corrosive",
            "userType": 1,
            "iconID": 307,
            "level": 258
        },
        "userSettings": {
            "blockFriendRequests": false,
            "block_clan_requests": false,
            "equipped_emblem": 307
        },
        "friendStatus": 0,
        "stats": {
            "seasonal_stats": [
                {
                    "season": 0,
                    "ranked": {
                        "k": 3,
                        "d": 5,
                        "a": 2,
                        "w": 0,
                        "l": 0
                    },
                    "casual": {
                        "k": 0,
                        "d": 0,
                        "a": 0,
                        "w": 0,
                        "l": 0
                    },
                    "custom": {
                        "k": 10961,
                        "d": 6001,
                        "a": 841,
                        "w": 0,
                        "l": 0
                    }
                },
                {
                    "season": 1,
                    "ranked": {
                        "k": 0,
                        "d": 0,
                        "a": 0,
                        "w": 0,
                        "l": 0
                    },
                    "casual": {
                        "k": 0,
                        "d": 0,
                        "a": 0,
                        "w": 0,
                        "l": 0
                    },
                    "custom": {
                        "k": 0,
                        "d": 0,
                        "a": 0,
                        "w": 0,
                        "l": 0
                    }
                },
                {
                    "season": 2,
                    "ranked": {
                        "k": 3086,
                        "d": 2505,
                        "a": 408,
                        "w": 148,
                        "l": 120
                    },
                    "casual": {
                        "k": 0,
                        "d": 0,
                        "a": 0,
                        "w": 135,
                        "l": 39
                    },
                    "custom": {
                        "k": 0,
                        "d": 0,
                        "a": 0,
                        "w": 0,
                        "l": 0
                    }
                },
                {
                    "season": 3,
                    "ranked": {
                        "k": 666,
                        "d": 500,
                        "a": 91,
                        "w": 30,
                        "l": 13
                    },
                    "casual": {
                        "k": 10109,
                        "d": 4688,
                        "a": 933,
                        "w": 370,
                        "l": 100
                    },
                    "custom": {
                        "k": 5073,
                        "d": 3917,
                        "a": 446,
                        "w": 0,
                        "l": 0
                    }
                },
                {
                    "season": 4,
                    "ranked": {
                        "k": 1835,
                        "d": 1610,
                        "a": 210,
                        "w": 64,
                        "l": 47
                    },
                    "casual": {
                        "k": 2903,
                        "d": 1419,
                        "a": 273,
                        "w": 67,
                        "l": 25
                    },
                    "custom": {
                        "k": 2885,
                        "d": 2449,
                        "a": 218,
                        "w": 0,
                        "l": 0
                    }
                },
                {
                    "season": 5,
                    "ranked": {
                        "k": 634,
                        "d": 464,
                        "a": 72,
                        "w": 32,
                        "l": 8
                    },
                    "casual": {
                        "k": 2940,
                        "d": 1384,
                        "a": 245,
                        "w": 36,
                        "l": 10
                    },
                    "custom": {
                        "k": 4822,
                        "d": 4364,
                        "a": 416,
                        "w": 0,
                        "l": 0
                    }
                },
                {
                    "season": 6,
                    "ranked": {
                        "k": 308,
                        "d": 225,
                        "a": 37,
                        "w": 17,
                        "l": 2
                    },
                    "casual": {
                        "k": 2437,
                        "d": 1091,
                        "a": 179,
                        "w": 32,
                        "l": 10
                    },
                    "custom": {
                        "k": 2181,
                        "d": 1813,
                        "a": 148,
                        "w": 0,
                        "l": 0
                    }
                }
            ],
            "ranked": {
                "placement_matches_left": 0,
                "highest_rank": 9,
                "rating": 2250,
                "global_position": 87,
                "rank": 9
            }
        },
        "ban": null,
        "reports": []
    }
]