[
    {
        "basicInfo": {
            "userID": 128559158,
            "name": "CreemZ",
            "userType": 1,
            "iconID": 56,
            "level": 597
        },
        "userSettings": {
            "blockFriendRequests": false,
            "block_clan_requests": false,
            "equipped_emblem": 239
        },
        "friendStatus": 0,
        "stats": {
            "seasonal_stats": [
                {
                    "season": 0,
                    "ranked": {
                        "k": 4705,
                        "d": 4511,
                        "a": 513,
                        "w": 223,
                        "l": 200
                    },
                    "casual": {
                        "k": 0,
                        "d": 0,
                        "a": 0,
                        "w": 38,
                        "l": 17
                    },
                    "custom": {
                        "k": 75937,
                        "d": 33868,
                        "a": 4812,
                        "w": 0,
                        "l": 0
                    }
                },
                {
                    "season": 1,
                    "ranked": {
                        "k": 8887,
                        "d": 7959,
                        "a": 975,
                        "w": 400,
                        "l": 402
                    },
                    "casual": {
                        "k": 0,
                        "d": 0,
                        "a": 0,
                        "w": 103,
                        "l": 34
                    },
                    "custom": {
                        "k": 0,
                        "d": 0,
                        "a": 0,
                        "w": 0,
                        "l": 0
                    }
                },
                {
                    "season": 2,
                    "ranked": {
                        "k": 14594,
                        "d": 12832,
                        "a": 2060,
                        "w": 678,
                        "l": 563
                    },
                    "casual": {
                        "k": 129,
                        "d": 39,
                        "a": 6,
                        "w": 137,
                        "l": 53
                    },
                    "custom": {
                        "k": 315,
                        "d": 255,
                        "a": 11,
                        "w": 0,
                        "l": 0
                    }
                },
                {
                    "season": 3,
                    "ranked": {
                        "k": 5529,
                        "d": 4515,
                        "a": 695,
                        "w": 204,
                        "l": 118
                    },
                    "casual": {
                        "k": 32159,
                        "d": 12634,
                        "a": 2056,
                        "w": 377,
                        "l": 153
                    },
                    "custom": {
                        "k": 18452,
                        "d": 10763,
                        "a": 943,
                        "w": 0,
                        "l": 0
                    }
                },
                {
                    "season": 4,
                    "ranked": {
                        "k": 3431,
                        "d": 2775,
                        "a": 380,
                        "w": 119,
                        "l": 80
                    },
                    "casual": {
                        "k": 8917,
                        "d": 3228,
                        "a": 566,
                        "w": 121,
                        "l": 26
                    },
                    "custom": {
                        "k": 6673,
                        "d": 4708,
                        "a": 439,
                        "w": 0,
                        "l": 0
                    }
                },
                {
                    "season": 5,
                    "ranked": {
                        "k": 3883,
                        "d": 3243,
                        "a": 565,
                        "w": 154,
                        "l": 74
                    },
                    "casual": {
                        "k": 7838,
                        "d": 2875,
                        "a": 495,
                        "w": 49,
                        "l": 15
                    },
                    "custom": {
                        "k": 2207,
                        "d": 1989,
                        "a": 202,
                        "w": 0,
                        "l": 0
                    }
                },
                {
                    "season": 6,
                    "ranked": {
                        "k": 3536,
                        "d": 3174,
                        "a": 552,
                        "w": 146,
                        "l": 74
                    },
                    "casual": {
                        "k": 1963,
                        "d": 805,
                        "a": 122,
                        "w": 22,
                        "l": 5
                    },
                    "custom": {
                        "k": 868,
                        "d": 760,
                        "a": 107,
                        "w": 0,
                        "l": 0
                    }
                }
            ],
            "ranked": {
                "placement_matches_left": 0,
                "highest_rank": 9,
                "rating": 2248,
                "global_position": 88,
                "rank": 9
            }
        },
        "ban": null,
        "reports": []
    }
]