[
    {
        "basicInfo": {
            "userID": 16908835,
            "name": "CreZ",
            "userType": 1,
            "iconID": 318,
            "level": 1545
        },
        "userSettings": {
            "blockFriendRequests": false,
            "block_clan_requests": false,
            "equipped_emblem": 314
        },
        "friendStatus": 0,
        "stats": {
            "seasonal_stats": [
                {
                    "season": 0,
                    "ranked": {
                        "k": 38449,
                        "d": 24647,
                        "a": 5473,
                        "w": 1934,
                        "l": 1159
                    },
                    "casual": {
                        "k": 0,
                        "d": 0,
                        "a": 0,
                        "w": 1,
                        "l": 2
                    },
                    "custom": {
                        "k": 137985,
                        "d": 93773,
                        "a": 16962,
                        "w": 0,
                        "l": 0
                    }
                },
                {
                    "season": 1,
                    "ranked": {
                        "k": 5400,
                        "d": 3598,
                        "a": 663,
                        "w": 270,
                        "l": 166
                    },
                    "casual": {
                        "k": 0,
                        "d": 0,
                        "a": 0,
                        "w": 139,
                        "l": 50
                    },
                    "custom": {
                        "k": 0,
                        "d": 0,
                        "a": 0,
                        "w": 0,
                        "l": 0
                    }
                },
                {
                    "season": 2,
                    "ranked": {
                        "k": 2026,
                        "d": 1464,
                        "a": 331,
                        "w": 116,
                        "l": 63
                    },
                    "casual": {
                        "k": 69,
                        "d": 29,
                        "a": 13,
                        "w": 752,
                        "l": 173
                    },
                    "custom": {
                        "k": 263,
                        "d": 265,
                        "a": 19,
                        "w": 2,
                        "l": 2
                    }
                },
                {
                    "season": 3,
                    "ranked": {
                        "k": 8254,
                        "d": 6815,
                        "a": 1147,
                        "w": 295,
                        "l": 208
                    },
                    "casual": {
                        "k": 11211,
                        "d": 4113,
                        "a": 823,
                        "w": 323,
                        "l": 111
                    },
                    "custom": {
                        "k": 7146,
                        "d": 6659,
                        "a": 1058,
                        "w": 0,
                        "l": 0
                    }
                },
                {
                    "season": 4,
                    "ranked": {
                        "k": 8143,
                        "d": 7029,
                        "a": 1211,
                        "w": 279,
                        "l": 242
                    },
                    "casual": {
                        "k": 10447,
                        "d": 3750,
                        "a": 762,
                        "w": 388,
                        "l": 71
                    },
                    "custom": {
                        "k": 3753,
                        "d": 3101,
                        "a": 533,
                        "w": 0,
                        "l": 0
                    }
                },
                {
                    "season": 5,
                    "ranked": {
                        "k": 4052,
                        "d": 3485,
                        "a": 683,
                        "w": 140,
                        "l": 123
                    },
                    "casual": {
                        "k": 4519,
                        "d": 1337,
                        "a": 274,
                        "w": 276,
                        "l": 46
                    },
                    "custom": {
                        "k": 6802,
                        "d": 5523,
                        "a": 1361,
                        "w": 0,
                        "l": 0
                    }
                },
                {
                    "season": 6,
                    "ranked": {
                        "k": 197,
                        "d": 124,
                        "a": 48,
                        "w": 13,
                        "l": 0
                    },
                    "casual": {
                        "k": 1980,
                        "d": 512,
                        "a": 97,
                        "w": 111,
                        "l": 22
                    },
                    "custom": {
                        "k": 2228,
                        "d": 1719,
                        "a": 483,
                        "w": 0,
                        "l": 0
                    }
                }
            ],
            "ranked": {
                "placement_matches_left": 0,
                "highest_rank": 9,
                "rating": 2221,
                "global_position": 126,
                "rank": 9
            }
        },
        "ban": null,
        "reports": [],
        "clan": {
            "basicInfo": {
                "name": "Poland Nobility",
                "tag": "PN"
            },
            "id": 102082,
            "memberRank": 10
        }
    }
]