[
    {
        "basicInfo": {
            "userID": 119905658,
            "name": "cristian_gar10",
            "userType": 1,
            "iconID": 209,
            "level": 264
        },
        "userSettings": {
            "blockFriendRequests": false,
            "block_clan_requests": false,
            "equipped_emblem": 276
        },
        "friendStatus": 0,
        "stats": {
            "seasonal_stats": [
                {
                    "season": 0,
                    "ranked": {
                        "k": 0,
                        "d": 0,
                        "a": 0,
                        "w": 0,
                        "l": 0
                    },
                    "casual": {
                        "k": 0,
                        "d": 0,
                        "a": 0,
                        "w": 0,
                        "l": 0
                    },
                    "custom": {
                        "k": 11280,
                        "d": 5959,
                        "a": 666,
                        "w": 0,
                        "l": 0
                    }
                },
                {
                    "season": 1,
                    "ranked": {
                        "k": 0,
                        "d": 0,
                        "a": 0,
                        "w": 0,
                        "l": 0
                    },
                    "casual": {
                        "k": 0,
                        "d": 0,
                        "a": 0,
                        "w": 0,
                        "l": 0
                    },
                    "custom": {
                        "k": 0,
                        "d": 0,
                        "a": 0,
                        "w": 0,
                        "l": 0
                    }
                },
                {
                    "season": 2,
                    "ranked": {
                        "k": 10368,
                        "d": 6130,
                        "a": 1037,
                        "w": 496,
                        "l": 221
                    },
                    "casual": {
                        "k": 0,
                        "d": 0,
                        "a": 0,
                        "w": 88,
                        "l": 39
                    },
                    "custom": {
                        "k": 0,
                        "d": 0,
                        "a": 0,
                        "w": 0,
                        "l": 0
                    }
                },
                {
                    "season": 3,
                    "ranked": {
                        "k": 2634,
                        "d": 1656,
                        "a": 231,
                        "w": 116,
                        "l": 27
                    },
                    "casual": {
                        "k": 17178,
                        "d": 7833,
                        "a": 1102,
                        "w": 132,
                        "l": 97
                    },
                    "custom": {
                        "k": 4326,
                        "d": 3312,
                        "a": 330,
                        "w": 0,
                        "l": 0
                    }
                },
                {
                    "season": 4,
                    "ranked": {
                        "k": 2468,
                        "d": 1715,
                        "a": 295,
                        "w": 90,
                        "l": 42
                    },
                    "casual": {
                        "k": 22757,
                        "d": 10614,
                        "a": 1501,
                        "w": 146,
                        "l": 49
                    },
                    "custom": {
                        "k": 6145,
                        "d": 5181,
                        "a": 556,
                        "w": 0,
                        "l": 0
                    }
                },
                {
                    "season": 5,
                    "ranked": {
                        "k": 3406,
                        "d": 2153,
                        "a": 438,
                        "w": 158,
                        "l": 25
                    },
                    "casual": {
                        "k": 8087,
                        "d": 3501,
                        "a": 495,
                        "w": 53,
                        "l": 25
                    },
                    "custom": {
                        "k": 3168,
                        "d": 2550,
                        "a": 425,
                        "w": 0,
                        "l": 0
                    }
                },
                {
                    "season": 6,
                    "ranked": {
                        "k": 816,
                        "d": 458,
                        "a": 81,
                        "w": 40,
                        "l": 4
                    },
                    "casual": {
                        "k": 1706,
                        "d": 779,
                        "a": 101,
                        "w": 11,
                        "l": 1
                    },
                    "custom": {
                        "k": 324,
                        "d": 265,
                        "a": 48,
                        "w": 0,
                        "l": 0
                    }
                }
            ],
            "ranked": {
                "placement_matches_left": 0,
                "highest_rank": 9,
                "rating": 2369,
                "global_position": 20,
                "rank": 9
            }
        },
        "ban": null,
        "reports": [],
        "clan": {
            "basicInfo": {
                "name": "SeMinaI",
                "tag": "SeM"
            },
            "id": 115034,
            "memberRank": 10
        }
    }
]