[
    {
        "basicInfo": {
            "userID": 182567208,
            "name": "Cud x Pasa",
            "userType": 1,
            "iconID": 239,
            "level": 242
        },
        "userSettings": {
            "blockFriendRequests": true,
            "block_clan_requests": true,
            "equipped_emblem": 239
        },
        "friendStatus": 0,
        "stats": {
            "seasonal_stats": [
                {
                    "season": 0,
                    "ranked": {
                        "k": 0,
                        "d": 0,
                        "a": 0,
                        "w": 0,
                        "l": 0
                    },
                    "casual": {
                        "k": 0,
                        "d": 0,
                        "a": 0,
                        "w": 0,
                        "l": 0
                    },
                    "custom": {
                        "k": 30,
                        "d": 16,
                        "a": 1,
                        "w": 0,
                        "l": 0
                    }
                },
                {
                    "season": 1,
                    "ranked": {
                        "k": 0,
                        "d": 0,
                        "a": 0,
                        "w": 0,
                        "l": 0
                    },
                    "casual": {
                        "k": 0,
                        "d": 0,
                        "a": 0,
                        "w": 0,
                        "l": 0
                    },
                    "custom": {
                        "k": 0,
                        "d": 0,
                        "a": 0,
                        "w": 0,
                        "l": 0
                    }
                },
                {
                    "season": 2,
                    "ranked": {
                        "k": 0,
                        "d": 0,
                        "a": 0,
                        "w": 0,
                        "l": 0
                    },
                    "casual": {
                        "k": 0,
                        "d": 0,
                        "a": 0,
                        "w": 0,
                        "l": 0
                    },
                    "custom": {
                        "k": 0,
                        "d": 0,
                        "a": 0,
                        "w": 0,
                        "l": 0
                    }
                },
                {
                    "season": 3,
                    "ranked": {
                        "k": 1742,
                        "d": 1468,
                        "a": 193,
                        "w": 62,
                        "l": 40
                    },
                    "casual": {
                        "k": 3061,
                        "d": 1621,
                        "a": 284,
                        "w": 33,
                        "l": 14
                    },
                    "custom": {
                        "k": 2449,
                        "d": 2125,
                        "a": 123,
                        "w": 0,
                        "l": 0
                    }
                },
                {
                    "season": 4,
                    "ranked": {
                        "k": 3091,
                        "d": 2892,
                        "a": 362,
                        "w": 99,
                        "l": 98
                    },
                    "casual": {
                        "k": 10541,
                        "d": 6312,
                        "a": 1020,
                        "w": 145,
                        "l": 76
                    },
                    "custom": {
                        "k": 2800,
                        "d": 3001,
                        "a": 295,
                        "w": 0,
                        "l": 0
                    }
                },
                {
                    "season": 5,
                    "ranked": {
                        "k": 4490,
                        "d": 4138,
                        "a": 549,
                        "w": 146,
                        "l": 126
                    },
                    "casual": {
                        "k": 14078,
                        "d": 5453,
                        "a": 1019,
                        "w": 308,
                        "l": 54
                    },
                    "custom": {
                        "k": 3248,
                        "d": 3069,
                        "a": 83,
                        "w": 0,
                        "l": 0
                    }
                },
                {
                    "season": 6,
                    "ranked": {
                        "k": 931,
                        "d": 895,
                        "a": 153,
                        "w": 54,
                        "l": 11
                    },
                    "casual": {
                        "k": 7239,
                        "d": 2832,
                        "a": 695,
                        "w": 124,
                        "l": 13
                    },
                    "custom": {
                        "k": 498,
                        "d": 322,
                        "a": 35,
                        "w": 0,
                        "l": 0
                    }
                }
            ],
            "ranked": {
                "placement_matches_left": 0,
                "highest_rank": 9,
                "rating": 2284,
                "global_position": 50,
                "rank": 9
            }
        },
        "ban": null,
        "reports": [],
        "clan": {
            "basicInfo": {
                "name": "Snuggle",
                "tag": "snug"
            },
            "id": 115627,
            "memberRank": 10
        }
    }
]