[
    {
        "basicInfo": {
            "userID": 130031909,
            "name": "Deject",
            "userType": 1,
            "iconID": 318,
            "level": 715
        },
        "userSettings": {
            "blockFriendRequests": false,
            "block_clan_requests": false,
            "equipped_emblem": 67
        },
        "friendStatus": 0,
        "stats": {
            "seasonal_stats": [
                {
                    "season": 0,
                    "ranked": {
                        "k": 1285,
                        "d": 752,
                        "a": 125,
                        "w": 53,
                        "l": 40
                    },
                    "casual": {
                        "k": 0,
                        "d": 0,
                        "a": 0,
                        "w": 0,
                        "l": 0
                    },
                    "custom": {
                        "k": 69549,
                        "d": 23790,
                        "a": 4289,
                        "w": 0,
                        "l": 0
                    }
                },
                {
                    "season": 1,
                    "ranked": {
                        "k": 2090,
                        "d": 1422,
                        "a": 221,
                        "w": 102,
                        "l": 58
                    },
                    "casual": {
                        "k": 0,
                        "d": 0,
                        "a": 0,
                        "w": 1155,
                        "l": 192
                    },
                    "custom": {
                        "k": 0,
                        "d": 0,
                        "a": 0,
                        "w": 0,
                        "l": 0
                    }
                },
                {
                    "season": 2,
                    "ranked": {
                        "k": 3920,
                        "d": 3113,
                        "a": 472,
                        "w": 177,
                        "l": 152
                    },
                    "casual": {
                        "k": 14,
                        "d": 9,
                        "a": 1,
                        "w": 507,
                        "l": 99
                    },
                    "custom": {
                        "k": 0,
                        "d": 0,
                        "a": 0,
                        "w": 0,
                        "l": 0
                    }
                },
                {
                    "season": 3,
                    "ranked": {
                        "k": 2219,
                        "d": 1643,
                        "a": 234,
                        "w": 77,
                        "l": 41
                    },
                    "casual": {
                        "k": 10817,
                        "d": 3561,
                        "a": 703,
                        "w": 299,
                        "l": 15
                    },
                    "custom": {
                        "k": 5722,
                        "d": 3555,
                        "a": 369,
                        "w": 0,
                        "l": 0
                    }
                },
                {
                    "season": 4,
                    "ranked": {
                        "k": 2101,
                        "d": 1712,
                        "a": 232,
                        "w": 89,
                        "l": 41
                    },
                    "casual": {
                        "k": 16690,
                        "d": 5237,
                        "a": 1041,
                        "w": 264,
                        "l": 20
                    },
                    "custom": {
                        "k": 4575,
                        "d": 2370,
                        "a": 365,
                        "w": 0,
                        "l": 0
                    }
                },
                {
                    "season": 5,
                    "ranked": {
                        "k": 579,
                        "d": 439,
                        "a": 76,
                        "w": 29,
                        "l": 7
                    },
                    "casual": {
                        "k": 11460,
                        "d": 3583,
                        "a": 753,
                        "w": 154,
                        "l": 8
                    },
                    "custom": {
                        "k": 2522,
                        "d": 2038,
                        "a": 191,
                        "w": 0,
                        "l": 0
                    }
                },
                {
                    "season": 6,
                    "ranked": {
                        "k": 401,
                        "d": 256,
                        "a": 48,
                        "w": 19,
                        "l": 4
                    },
                    "casual": {
                        "k": 4134,
                        "d": 1476,
                        "a": 280,
                        "w": 26,
                        "l": 2
                    },
                    "custom": {
                        "k": 1613,
                        "d": 1260,
                        "a": 155,
                        "w": 0,
                        "l": 0
                    }
                }
            ],
            "ranked": {
                "placement_matches_left": 0,
                "highest_rank": 9,
                "rating": 2227,
                "global_position": 110,
                "rank": 9
            }
        },
        "ban": null,
        "reports": [],
        "clan": {
            "basicInfo": {
                "name": "Conquer GG",
                "tag": "CQ"
            },
            "id": 108247,
            "memberRank": 40
        }
    }
]