[
    {
        "basicInfo": {
            "userID": 167233178,
            "name": "Disgusting",
            "userType": 1,
            "iconID": 317,
            "level": 418
        },
        "userSettings": {
            "blockFriendRequests": false,
            "block_clan_requests": false,
            "equipped_emblem": 316
        },
        "friendStatus": 0,
        "stats": {
            "seasonal_stats": [
                {
                    "season": 0,
                    "ranked": {
                        "k": 0,
                        "d": 0,
                        "a": 0,
                        "w": 0,
                        "l": 0
                    },
                    "casual": {
                        "k": 0,
                        "d": 0,
                        "a": 0,
                        "w": 0,
                        "l": 0
                    },
                    "custom": {
                        "k": 15343,
                        "d": 6997,
                        "a": 1083,
                        "w": 0,
                        "l": 0
                    }
                },
                {
                    "season": 1,
                    "ranked": {
                        "k": 0,
                        "d": 0,
                        "a": 0,
                        "w": 0,
                        "l": 0
                    },
                    "casual": {
                        "k": 0,
                        "d": 0,
                        "a": 0,
                        "w": 0,
                        "l": 0
                    },
                    "custom": {
                        "k": 0,
                        "d": 0,
                        "a": 0,
                        "w": 0,
                        "l": 0
                    }
                },
                {
                    "season": 2,
                    "ranked": {
                        "k": 988,
                        "d": 770,
                        "a": 138,
                        "w": 60,
                        "l": 27
                    },
                    "casual": {
                        "k": 0,
                        "d": 0,
                        "a": 0,
                        "w": 216,
                        "l": 72
                    },
                    "custom": {
                        "k": 0,
                        "d": 0,
                        "a": 0,
                        "w": 0,
                        "l": 0
                    }
                },
                {
                    "season": 3,
                    "ranked": {
                        "k": 2370,
                        "d": 2296,
                        "a": 323,
                        "w": 83,
                        "l": 70
                    },
                    "casual": {
                        "k": 18995,
                        "d": 6720,
                        "a": 1365,
                        "w": 356,
                        "l": 93
                    },
                    "custom": {
                        "k": 4589,
                        "d": 4095,
                        "a": 571,
                        "w": 0,
                        "l": 0
                    }
                },
                {
                    "season": 4,
                    "ranked": {
                        "k": 2491,
                        "d": 2595,
                        "a": 395,
                        "w": 94,
                        "l": 79
                    },
                    "casual": {
                        "k": 13919,
                        "d": 4645,
                        "a": 937,
                        "w": 335,
                        "l": 38
                    },
                    "custom": {
                        "k": 3734,
                        "d": 3669,
                        "a": 459,
                        "w": 0,
                        "l": 0
                    }
                },
                {
                    "season": 5,
                    "ranked": {
                        "k": 1911,
                        "d": 1916,
                        "a": 300,
                        "w": 81,
                        "l": 55
                    },
                    "casual": {
                        "k": 4550,
                        "d": 1732,
                        "a": 352,
                        "w": 70,
                        "l": 9
                    },
                    "custom": {
                        "k": 1614,
                        "d": 1703,
                        "a": 259,
                        "w": 0,
                        "l": 0
                    }
                },
                {
                    "season": 6,
                    "ranked": {
                        "k": 1766,
                        "d": 1703,
                        "a": 330,
                        "w": 87,
                        "l": 39
                    },
                    "casual": {
                        "k": 2378,
                        "d": 905,
                        "a": 180,
                        "w": 27,
                        "l": 3
                    },
                    "custom": {
                        "k": 999,
                        "d": 1095,
                        "a": 174,
                        "w": 0,
                        "l": 0
                    }
                }
            ],
            "ranked": {
                "placement_matches_left": 0,
                "highest_rank": 9,
                "rating": 2213,
                "global_position": 136,
                "rank": 9
            }
        },
        "ban": null,
        "reports": [],
        "clan": {
            "basicInfo": {
                "name": "Valorous Gaming",
                "tag": "VLRS"
            },
            "id": 78818,
            "memberRank": 10
        }
    }
]