[
    {
        "basicInfo": {
            "userID": 100549988,
            "name": "Djetn1ks",
            "userType": 1,
            "iconID": 77,
            "level": 1244
        },
        "userSettings": {
            "blockFriendRequests": false,
            "block_clan_requests": false,
            "equipped_emblem": 77
        },
        "friendStatus": 0,
        "stats": {
            "seasonal_stats": [
                {
                    "season": 0,
                    "ranked": {
                        "k": 8372,
                        "d": 7434,
                        "a": 923,
                        "w": 387,
                        "l": 377
                    },
                    "casual": {
                        "k": 0,
                        "d": 0,
                        "a": 0,
                        "w": 0,
                        "l": 0
                    },
                    "custom": {
                        "k": 48738,
                        "d": 29797,
                        "a": 4516,
                        "w": 0,
                        "l": 0
                    }
                },
                {
                    "season": 1,
                    "ranked": {
                        "k": 6797,
                        "d": 6266,
                        "a": 830,
                        "w": 320,
                        "l": 295
                    },
                    "casual": {
                        "k": 0,
                        "d": 0,
                        "a": 0,
                        "w": 237,
                        "l": 130
                    },
                    "custom": {
                        "k": 0,
                        "d": 0,
                        "a": 0,
                        "w": 0,
                        "l": 0
                    }
                },
                {
                    "season": 2,
                    "ranked": {
                        "k": 16082,
                        "d": 15485,
                        "a": 2258,
                        "w": 773,
                        "l": 771
                    },
                    "casual": {
                        "k": 6,
                        "d": 10,
                        "a": 0,
                        "w": 259,
                        "l": 205
                    },
                    "custom": {
                        "k": 130,
                        "d": 290,
                        "a": 14,
                        "w": 0,
                        "l": 0
                    }
                },
                {
                    "season": 3,
                    "ranked": {
                        "k": 15564,
                        "d": 13130,
                        "a": 1850,
                        "w": 499,
                        "l": 369
                    },
                    "casual": {
                        "k": 39649,
                        "d": 26480,
                        "a": 3551,
                        "w": 682,
                        "l": 491
                    },
                    "custom": {
                        "k": 6120,
                        "d": 6140,
                        "a": 374,
                        "w": 0,
                        "l": 0
                    }
                },
                {
                    "season": 4,
                    "ranked": {
                        "k": 11978,
                        "d": 10894,
                        "a": 1433,
                        "w": 392,
                        "l": 313
                    },
                    "casual": {
                        "k": 38239,
                        "d": 20338,
                        "a": 2736,
                        "w": 567,
                        "l": 224
                    },
                    "custom": {
                        "k": 6836,
                        "d": 7216,
                        "a": 753,
                        "w": 0,
                        "l": 0
                    }
                },
                {
                    "season": 5,
                    "ranked": {
                        "k": 6899,
                        "d": 5963,
                        "a": 817,
                        "w": 223,
                        "l": 182
                    },
                    "casual": {
                        "k": 17170,
                        "d": 9285,
                        "a": 1156,
                        "w": 207,
                        "l": 111
                    },
                    "custom": {
                        "k": 3880,
                        "d": 4446,
                        "a": 358,
                        "w": 0,
                        "l": 0
                    }
                },
                {
                    "season": 6,
                    "ranked": {
                        "k": 1964,
                        "d": 1594,
                        "a": 276,
                        "w": 92,
                        "l": 29
                    },
                    "casual": {
                        "k": 6628,
                        "d": 3684,
                        "a": 557,
                        "w": 110,
                        "l": 48
                    },
                    "custom": {
                        "k": 1527,
                        "d": 1728,
                        "a": 182,
                        "w": 0,
                        "l": 0
                    }
                }
            ],
            "ranked": {
                "placement_matches_left": 0,
                "highest_rank": 9,
                "rating": 2236,
                "global_position": 98,
                "rank": 9
            }
        },
        "ban": null,
        "reports": [],
        "clan": {
            "basicInfo": {
                "name": "Akatsuki X",
                "tag": "akS"
            },
            "id": 112818,
            "memberRank": 10
        }
    }
]