[
    {
        "basicInfo": {
            "userID": 92901802,
            "name": "DoIfin",
            "userType": 1,
            "iconID": 309,
            "level": 304
        },
        "userSettings": {
            "blockFriendRequests": false,
            "block_clan_requests": false,
            "equipped_emblem": 309
        },
        "friendStatus": 0,
        "stats": {
            "seasonal_stats": [
                {
                    "season": 0,
                    "ranked": {
                        "k": 3086,
                        "d": 3076,
                        "a": 347,
                        "w": 148,
                        "l": 143
                    },
                    "casual": {
                        "k": 0,
                        "d": 0,
                        "a": 0,
                        "w": 0,
                        "l": 0
                    },
                    "custom": {
                        "k": 36205,
                        "d": 28532,
                        "a": 3297,
                        "w": 0,
                        "l": 0
                    }
                },
                {
                    "season": 1,
                    "ranked": {
                        "k": 251,
                        "d": 237,
                        "a": 22,
                        "w": 14,
                        "l": 10
                    },
                    "casual": {
                        "k": 0,
                        "d": 0,
                        "a": 0,
                        "w": 37,
                        "l": 55
                    },
                    "custom": {
                        "k": 0,
                        "d": 0,
                        "a": 0,
                        "w": 0,
                        "l": 0
                    }
                },
                {
                    "season": 2,
                    "ranked": {
                        "k": 10464,
                        "d": 10347,
                        "a": 1295,
                        "w": 501,
                        "l": 486
                    },
                    "casual": {
                        "k": 0,
                        "d": 0,
                        "a": 0,
                        "w": 122,
                        "l": 119
                    },
                    "custom": {
                        "k": 5,
                        "d": 3,
                        "a": 0,
                        "w": 0,
                        "l": 0
                    }
                },
                {
                    "season": 3,
                    "ranked": {
                        "k": 1569,
                        "d": 1348,
                        "a": 198,
                        "w": 54,
                        "l": 41
                    },
                    "casual": {
                        "k": 2035,
                        "d": 841,
                        "a": 154,
                        "w": 31,
                        "l": 8
                    },
                    "custom": {
                        "k": 20051,
                        "d": 17370,
                        "a": 1872,
                        "w": 0,
                        "l": 0
                    }
                },
                {
                    "season": 4,
                    "ranked": {
                        "k": 3893,
                        "d": 2718,
                        "a": 389,
                        "w": 125,
                        "l": 81
                    },
                    "casual": {
                        "k": 2040,
                        "d": 734,
                        "a": 133,
                        "w": 32,
                        "l": 6
                    },
                    "custom": {
                        "k": 1552,
                        "d": 1389,
                        "a": 175,
                        "w": 0,
                        "l": 0
                    }
                },
                {
                    "season": 5,
                    "ranked": {
                        "k": 2243,
                        "d": 1327,
                        "a": 220,
                        "w": 68,
                        "l": 34
                    },
                    "casual": {
                        "k": 1422,
                        "d": 470,
                        "a": 84,
                        "w": 3,
                        "l": 0
                    },
                    "custom": {
                        "k": 0,
                        "d": 0,
                        "a": 0,
                        "w": 0,
                        "l": 0
                    }
                },
                {
                    "season": 6,
                    "ranked": {
                        "k": 1933,
                        "d": 1037,
                        "a": 197,
                        "w": 65,
                        "l": 23
                    },
                    "casual": {
                        "k": 963,
                        "d": 298,
                        "a": 45,
                        "w": 7,
                        "l": 0
                    },
                    "custom": {
                        "k": 0,
                        "d": 0,
                        "a": 0,
                        "w": 0,
                        "l": 0
                    }
                }
            ],
            "ranked": {
                "placement_matches_left": 0,
                "highest_rank": 9,
                "rating": 2218,
                "global_position": 131,
                "rank": 9
            }
        },
        "ban": null,
        "reports": [],
        "clan": {
            "basicInfo": {
                "name": "Enwy YT",
                "tag": "Enwy"
            },
            "id": 85269,
            "memberRank": 40
        }
    }
]