[
    {
        "basicInfo": {
            "userID": 4991573,
            "name": "Dont cry baby-",
            "userType": 1,
            "iconID": 56,
            "level": 291
        },
        "userSettings": {
            "blockFriendRequests": true,
            "block_clan_requests": false,
            "equipped_emblem": 162
        },
        "friendStatus": 0,
        "stats": {
            "seasonal_stats": [
                {
                    "season": 0,
                    "ranked": {
                        "k": 16536,
                        "d": 18626,
                        "a": 2253,
                        "w": 885,
                        "l": 809
                    },
                    "casual": {
                        "k": 0,
                        "d": 0,
                        "a": 0,
                        "w": 0,
                        "l": 0
                    },
                    "custom": {
                        "k": 29474,
                        "d": 24099,
                        "a": 2746,
                        "w": 0,
                        "l": 0
                    }
                },
                {
                    "season": 1,
                    "ranked": {
                        "k": 405,
                        "d": 388,
                        "a": 53,
                        "w": 22,
                        "l": 19
                    },
                    "casual": {
                        "k": 0,
                        "d": 0,
                        "a": 0,
                        "w": 19,
                        "l": 7
                    },
                    "custom": {
                        "k": 0,
                        "d": 0,
                        "a": 0,
                        "w": 0,
                        "l": 0
                    }
                },
                {
                    "season": 2,
                    "ranked": {
                        "k": 5298,
                        "d": 5191,
                        "a": 787,
                        "w": 261,
                        "l": 242
                    },
                    "casual": {
                        "k": 0,
                        "d": 0,
                        "a": 0,
                        "w": 145,
                        "l": 71
                    },
                    "custom": {
                        "k": 0,
                        "d": 0,
                        "a": 0,
                        "w": 0,
                        "l": 0
                    }
                },
                {
                    "season": 3,
                    "ranked": {
                        "k": 954,
                        "d": 1017,
                        "a": 115,
                        "w": 35,
                        "l": 33
                    },
                    "casual": {
                        "k": 342,
                        "d": 236,
                        "a": 33,
                        "w": 15,
                        "l": 4
                    },
                    "custom": {
                        "k": 43,
                        "d": 43,
                        "a": 0,
                        "w": 0,
                        "l": 0
                    }
                },
                {
                    "season": 4,
                    "ranked": {
                        "k": 7975,
                        "d": 7047,
                        "a": 1104,
                        "w": 242,
                        "l": 210
                    },
                    "casual": {
                        "k": 2867,
                        "d": 1543,
                        "a": 234,
                        "w": 58,
                        "l": 13
                    },
                    "custom": {
                        "k": 1214,
                        "d": 980,
                        "a": 111,
                        "w": 0,
                        "l": 0
                    }
                },
                {
                    "season": 5,
                    "ranked": {
                        "k": 4711,
                        "d": 4056,
                        "a": 662,
                        "w": 151,
                        "l": 122
                    },
                    "casual": {
                        "k": 1451,
                        "d": 721,
                        "a": 113,
                        "w": 28,
                        "l": 7
                    },
                    "custom": {
                        "k": 842,
                        "d": 627,
                        "a": 126,
                        "w": 0,
                        "l": 0
                    }
                },
                {
                    "season": 6,
                    "ranked": {
                        "k": 376,
                        "d": 284,
                        "a": 41,
                        "w": 25,
                        "l": 1
                    },
                    "casual": {
                        "k": 1550,
                        "d": 611,
                        "a": 138,
                        "w": 30,
                        "l": 9
                    },
                    "custom": {
                        "k": 688,
                        "d": 616,
                        "a": 87,
                        "w": 0,
                        "l": 0
                    }
                }
            ],
            "ranked": {
                "placement_matches_left": 0,
                "highest_rank": 9,
                "rating": 2173,
                "global_position": 234,
                "rank": 9
            }
        },
        "ban": null,
        "reports": [],
        "clan": {
            "basicInfo": {
                "name": "RedMight",
                "tag": "r M"
            },
            "id": 52067,
            "memberRank": 10
        }
    }
]