[
    {
        "basicInfo": {
            "userID": 104501807,
            "name": "Dorm",
            "userType": 1,
            "iconID": 0,
            "level": 44
        },
        "userSettings": {
            "blockFriendRequests": false,
            "block_clan_requests": false,
            "equipped_emblem": 202
        },
        "friendStatus": 0,
        "stats": {
            "seasonal_stats": [
                {
                    "season": 0,
                    "ranked": {
                        "k": 0,
                        "d": 0,
                        "a": 0,
                        "w": 0,
                        "l": 0
                    },
                    "casual": {
                        "k": 0,
                        "d": 0,
                        "a": 0,
                        "w": 0,
                        "l": 0
                    },
                    "custom": {
                        "k": 3489,
                        "d": 3175,
                        "a": 352,
                        "w": 0,
                        "l": 0
                    }
                },
                {
                    "season": 1,
                    "ranked": {
                        "k": 0,
                        "d": 0,
                        "a": 0,
                        "w": 0,
                        "l": 0
                    },
                    "casual": {
                        "k": 0,
                        "d": 0,
                        "a": 0,
                        "w": 0,
                        "l": 0
                    },
                    "custom": {
                        "k": 0,
                        "d": 0,
                        "a": 0,
                        "w": 0,
                        "l": 0
                    }
                },
                {
                    "season": 2,
                    "ranked": {
                        "k": 56,
                        "d": 43,
                        "a": 5,
                        "w": 4,
                        "l": 1
                    },
                    "casual": {
                        "k": 0,
                        "d": 0,
                        "a": 0,
                        "w": 8,
                        "l": 8
                    },
                    "custom": {
                        "k": 0,
                        "d": 0,
                        "a": 0,
                        "w": 0,
                        "l": 0
                    }
                },
                {
                    "season": 3,
                    "ranked": {
                        "k": 996,
                        "d": 995,
                        "a": 124,
                        "w": 38,
                        "l": 27
                    },
                    "casual": {
                        "k": 264,
                        "d": 127,
                        "a": 16,
                        "w": 3,
                        "l": 1
                    },
                    "custom": {
                        "k": 878,
                        "d": 1007,
                        "a": 110,
                        "w": 0,
                        "l": 0
                    }
                },
                {
                    "season": 4,
                    "ranked": {
                        "k": 588,
                        "d": 380,
                        "a": 59,
                        "w": 18,
                        "l": 9
                    },
                    "casual": {
                        "k": 58,
                        "d": 25,
                        "a": 1,
                        "w": 1,
                        "l": 0
                    },
                    "custom": {
                        "k": 189,
                        "d": 216,
                        "a": 48,
                        "w": 0,
                        "l": 0
                    }
                },
                {
                    "season": 5,
                    "ranked": {
                        "k": 303,
                        "d": 237,
                        "a": 32,
                        "w": 13,
                        "l": 5
                    },
                    "casual": {
                        "k": 88,
                        "d": 55,
                        "a": 12,
                        "w": 1,
                        "l": 0
                    },
                    "custom": {
                        "k": 495,
                        "d": 353,
                        "a": 68,
                        "w": 0,
                        "l": 0
                    }
                },
                {
                    "season": 6,
                    "ranked": {
                        "k": 247,
                        "d": 215,
                        "a": 39,
                        "w": 15,
                        "l": 3
                    },
                    "casual": {
                        "k": 0,
                        "d": 0,
                        "a": 0,
                        "w": 0,
                        "l": 0
                    },
                    "custom": {
                        "k": 0,
                        "d": 0,
                        "a": 0,
                        "w": 0,
                        "l": 0
                    }
                }
            ],
            "ranked": {
                "placement_matches_left": 0,
                "highest_rank": 8,
                "rating": 2174,
                "global_position": 232,
                "rank": 9
            }
        },
        "ban": null,
        "reports": [],
        "clan": {
            "basicInfo": {
                "name": "W4KE clan",
                "tag": "W4KE"
            },
            "id": 88650,
            "memberRank": 10
        }
    }
]