[
    {
        "basicInfo": {
            "userID": 44464619,
            "name": "Dragoon Knight -",
            "userType": 1,
            "iconID": 180,
            "level": 464
        },
        "userSettings": {
            "blockFriendRequests": false,
            "block_clan_requests": false,
            "equipped_emblem": 180
        },
        "friendStatus": 0,
        "stats": {
            "seasonal_stats": [
                {
                    "season": 0,
                    "ranked": {
                        "k": 9198,
                        "d": 9340,
                        "a": 1265,
                        "w": 451,
                        "l": 401
                    },
                    "casual": {
                        "k": 0,
                        "d": 0,
                        "a": 0,
                        "w": 0,
                        "l": 0
                    },
                    "custom": {
                        "k": 40469,
                        "d": 27351,
                        "a": 3665,
                        "w": 0,
                        "l": 0
                    }
                },
                {
                    "season": 1,
                    "ranked": {
                        "k": 2593,
                        "d": 1792,
                        "a": 291,
                        "w": 98,
                        "l": 84
                    },
                    "casual": {
                        "k": 0,
                        "d": 0,
                        "a": 0,
                        "w": 186,
                        "l": 91
                    },
                    "custom": {
                        "k": 0,
                        "d": 0,
                        "a": 0,
                        "w": 0,
                        "l": 0
                    }
                },
                {
                    "season": 2,
                    "ranked": {
                        "k": 9559,
                        "d": 8476,
                        "a": 1187,
                        "w": 448,
                        "l": 402
                    },
                    "casual": {
                        "k": 0,
                        "d": 0,
                        "a": 0,
                        "w": 263,
                        "l": 177
                    },
                    "custom": {
                        "k": 0,
                        "d": 0,
                        "a": 0,
                        "w": 0,
                        "l": 0
                    }
                },
                {
                    "season": 3,
                    "ranked": {
                        "k": 14503,
                        "d": 12122,
                        "a": 1715,
                        "w": 439,
                        "l": 377
                    },
                    "casual": {
                        "k": 4439,
                        "d": 2775,
                        "a": 473,
                        "w": 90,
                        "l": 33
                    },
                    "custom": {
                        "k": 1371,
                        "d": 954,
                        "a": 142,
                        "w": 0,
                        "l": 0
                    }
                },
                {
                    "season": 4,
                    "ranked": {
                        "k": 5137,
                        "d": 4375,
                        "a": 585,
                        "w": 164,
                        "l": 130
                    },
                    "casual": {
                        "k": 3461,
                        "d": 1457,
                        "a": 230,
                        "w": 41,
                        "l": 2
                    },
                    "custom": {
                        "k": 152,
                        "d": 98,
                        "a": 7,
                        "w": 0,
                        "l": 0
                    }
                },
                {
                    "season": 5,
                    "ranked": {
                        "k": 0,
                        "d": 0,
                        "a": 0,
                        "w": 0,
                        "l": 0
                    },
                    "casual": {
                        "k": 0,
                        "d": 0,
                        "a": 0,
                        "w": 0,
                        "l": 0
                    },
                    "custom": {
                        "k": 0,
                        "d": 0,
                        "a": 0,
                        "w": 0,
                        "l": 0
                    }
                },
                {
                    "season": 6,
                    "ranked": {
                        "k": 469,
                        "d": 344,
                        "a": 62,
                        "w": 19,
                        "l": 4
                    },
                    "casual": {
                        "k": 1129,
                        "d": 457,
                        "a": 92,
                        "w": 11,
                        "l": 2
                    },
                    "custom": {
                        "k": 0,
                        "d": 0,
                        "a": 0,
                        "w": 0,
                        "l": 0
                    }
                }
            ],
            "ranked": {
                "placement_matches_left": 0,
                "highest_rank": 9,
                "rating": 2167,
                "global_position": 244,
                "rank": 9
            }
        },
        "ban": null,
        "reports": []
    }
]