[
    {
        "basicInfo": {
            "userID": 120224170,
            "name": "Drown",
            "userType": 1,
            "iconID": 18,
            "level": 666
        },
        "userSettings": {
            "blockFriendRequests": false,
            "block_clan_requests": false,
            "equipped_emblem": 18
        },
        "friendStatus": 0,
        "stats": {
            "seasonal_stats": [
                {
                    "season": 0,
                    "ranked": {
                        "k": 366,
                        "d": 371,
                        "a": 46,
                        "w": 18,
                        "l": 17
                    },
                    "casual": {
                        "k": 0,
                        "d": 0,
                        "a": 0,
                        "w": 0,
                        "l": 0
                    },
                    "custom": {
                        "k": 78984,
                        "d": 45081,
                        "a": 6754,
                        "w": 0,
                        "l": 0
                    }
                },
                {
                    "season": 1,
                    "ranked": {
                        "k": 1321,
                        "d": 1184,
                        "a": 170,
                        "w": 66,
                        "l": 61
                    },
                    "casual": {
                        "k": 0,
                        "d": 0,
                        "a": 0,
                        "w": 1389,
                        "l": 318
                    },
                    "custom": {
                        "k": 0,
                        "d": 0,
                        "a": 0,
                        "w": 0,
                        "l": 0
                    }
                },
                {
                    "season": 2,
                    "ranked": {
                        "k": 4166,
                        "d": 3713,
                        "a": 512,
                        "w": 190,
                        "l": 185
                    },
                    "casual": {
                        "k": 0,
                        "d": 0,
                        "a": 0,
                        "w": 476,
                        "l": 191
                    },
                    "custom": {
                        "k": 557,
                        "d": 552,
                        "a": 57,
                        "w": 0,
                        "l": 0
                    }
                },
                {
                    "season": 3,
                    "ranked": {
                        "k": 7271,
                        "d": 6477,
                        "a": 809,
                        "w": 250,
                        "l": 200
                    },
                    "casual": {
                        "k": 8504,
                        "d": 4005,
                        "a": 700,
                        "w": 201,
                        "l": 86
                    },
                    "custom": {
                        "k": 18201,
                        "d": 10659,
                        "a": 987,
                        "w": 0,
                        "l": 0
                    }
                },
                {
                    "season": 4,
                    "ranked": {
                        "k": 4150,
                        "d": 3634,
                        "a": 473,
                        "w": 157,
                        "l": 104
                    },
                    "casual": {
                        "k": 29695,
                        "d": 10022,
                        "a": 1920,
                        "w": 285,
                        "l": 36
                    },
                    "custom": {
                        "k": 4809,
                        "d": 3216,
                        "a": 217,
                        "w": 0,
                        "l": 0
                    }
                },
                {
                    "season": 5,
                    "ranked": {
                        "k": 4452,
                        "d": 3258,
                        "a": 495,
                        "w": 133,
                        "l": 98
                    },
                    "casual": {
                        "k": 21210,
                        "d": 6725,
                        "a": 1331,
                        "w": 83,
                        "l": 16
                    },
                    "custom": {
                        "k": 2395,
                        "d": 1669,
                        "a": 212,
                        "w": 0,
                        "l": 0
                    }
                },
                {
                    "season": 6,
                    "ranked": {
                        "k": 1592,
                        "d": 1063,
                        "a": 212,
                        "w": 66,
                        "l": 16
                    },
                    "casual": {
                        "k": 11887,
                        "d": 3475,
                        "a": 723,
                        "w": 48,
                        "l": 6
                    },
                    "custom": {
                        "k": 1795,
                        "d": 1266,
                        "a": 188,
                        "w": 0,
                        "l": 0
                    }
                }
            ],
            "ranked": {
                "placement_matches_left": 0,
                "highest_rank": 9,
                "rating": 2219,
                "global_position": 129,
                "rank": 9
            }
        },
        "ban": null,
        "reports": [],
        "clan": {
            "basicInfo": {
                "name": "SeMinal",
                "tag": "sM"
            },
            "id": 169,
            "memberRank": 10
        }
    }
]