[
    {
        "basicInfo": {
            "userID": 187926829,
            "name": "E xhausted",
            "userType": 1,
            "iconID": 307,
            "level": 163
        },
        "userSettings": {
            "blockFriendRequests": true,
            "block_clan_requests": false,
            "equipped_emblem": 272
        },
        "friendStatus": 0,
        "stats": {
            "seasonal_stats": [
                {
                    "season": 0,
                    "ranked": {
                        "k": 0,
                        "d": 0,
                        "a": 0,
                        "w": 0,
                        "l": 0
                    },
                    "casual": {
                        "k": 0,
                        "d": 0,
                        "a": 0,
                        "w": 0,
                        "l": 0
                    },
                    "custom": {
                        "k": 0,
                        "d": 0,
                        "a": 0,
                        "w": 0,
                        "l": 0
                    }
                },
                {
                    "season": 1,
                    "ranked": {
                        "k": 0,
                        "d": 0,
                        "a": 0,
                        "w": 0,
                        "l": 0
                    },
                    "casual": {
                        "k": 0,
                        "d": 0,
                        "a": 0,
                        "w": 0,
                        "l": 0
                    },
                    "custom": {
                        "k": 0,
                        "d": 0,
                        "a": 0,
                        "w": 0,
                        "l": 0
                    }
                },
                {
                    "season": 2,
                    "ranked": {
                        "k": 0,
                        "d": 0,
                        "a": 0,
                        "w": 0,
                        "l": 0
                    },
                    "casual": {
                        "k": 0,
                        "d": 0,
                        "a": 0,
                        "w": 0,
                        "l": 0
                    },
                    "custom": {
                        "k": 0,
                        "d": 0,
                        "a": 0,
                        "w": 0,
                        "l": 0
                    }
                },
                {
                    "season": 3,
                    "ranked": {
                        "k": 0,
                        "d": 0,
                        "a": 0,
                        "w": 0,
                        "l": 0
                    },
                    "casual": {
                        "k": 0,
                        "d": 0,
                        "a": 0,
                        "w": 0,
                        "l": 0
                    },
                    "custom": {
                        "k": 0,
                        "d": 0,
                        "a": 0,
                        "w": 0,
                        "l": 0
                    }
                },
                {
                    "season": 4,
                    "ranked": {
                        "k": 5846,
                        "d": 4297,
                        "a": 594,
                        "w": 199,
                        "l": 129
                    },
                    "casual": {
                        "k": 23277,
                        "d": 8194,
                        "a": 1272,
                        "w": 41,
                        "l": 13
                    },
                    "custom": {
                        "k": 2112,
                        "d": 573,
                        "a": 47,
                        "w": 0,
                        "l": 0
                    }
                },
                {
                    "season": 5,
                    "ranked": {
                        "k": 3196,
                        "d": 2436,
                        "a": 313,
                        "w": 92,
                        "l": 92
                    },
                    "casual": {
                        "k": 12184,
                        "d": 3955,
                        "a": 580,
                        "w": 34,
                        "l": 4
                    },
                    "custom": {
                        "k": 662,
                        "d": 425,
                        "a": 11,
                        "w": 0,
                        "l": 0
                    }
                },
                {
                    "season": 6,
                    "ranked": {
                        "k": 1262,
                        "d": 992,
                        "a": 191,
                        "w": 73,
                        "l": 16
                    },
                    "casual": {
                        "k": 15023,
                        "d": 4524,
                        "a": 708,
                        "w": 54,
                        "l": 8
                    },
                    "custom": {
                        "k": 1068,
                        "d": 459,
                        "a": 31,
                        "w": 0,
                        "l": 0
                    }
                }
            ],
            "ranked": {
                "placement_matches_left": 0,
                "highest_rank": 9,
                "rating": 2310,
                "global_position": 40,
                "rank": 9
            }
        },
        "ban": null,
        "reports": [],
        "clan": {
            "basicInfo": {
                "name": "Team 2 Dieu",
                "tag": "dieu"
            },
            "id": 108447,
            "memberRank": 10
        }
    }
]