[
    {
        "basicInfo": {
            "userID": 135099975,
            "name": "Ecchi",
            "userType": 1,
            "iconID": 307,
            "level": 673
        },
        "userSettings": {
            "blockFriendRequests": false,
            "block_clan_requests": false,
            "equipped_emblem": 307
        },
        "friendStatus": 0,
        "stats": {
            "seasonal_stats": [
                {
                    "season": 0,
                    "ranked": {
                        "k": 1390,
                        "d": 814,
                        "a": 145,
                        "w": 61,
                        "l": 49
                    },
                    "casual": {
                        "k": 0,
                        "d": 0,
                        "a": 0,
                        "w": 1,
                        "l": 1
                    },
                    "custom": {
                        "k": 50108,
                        "d": 26486,
                        "a": 4655,
                        "w": 0,
                        "l": 0
                    }
                },
                {
                    "season": 1,
                    "ranked": {
                        "k": 3398,
                        "d": 3381,
                        "a": 437,
                        "w": 182,
                        "l": 156
                    },
                    "casual": {
                        "k": 0,
                        "d": 0,
                        "a": 0,
                        "w": 830,
                        "l": 265
                    },
                    "custom": {
                        "k": 0,
                        "d": 0,
                        "a": 0,
                        "w": 0,
                        "l": 0
                    }
                },
                {
                    "season": 2,
                    "ranked": {
                        "k": 2610,
                        "d": 2277,
                        "a": 371,
                        "w": 141,
                        "l": 104
                    },
                    "casual": {
                        "k": 43,
                        "d": 32,
                        "a": 5,
                        "w": 242,
                        "l": 231
                    },
                    "custom": {
                        "k": 338,
                        "d": 249,
                        "a": 11,
                        "w": 0,
                        "l": 0
                    }
                },
                {
                    "season": 3,
                    "ranked": {
                        "k": 5856,
                        "d": 4963,
                        "a": 823,
                        "w": 216,
                        "l": 146
                    },
                    "casual": {
                        "k": 13691,
                        "d": 6219,
                        "a": 1431,
                        "w": 334,
                        "l": 142
                    },
                    "custom": {
                        "k": 12339,
                        "d": 8429,
                        "a": 729,
                        "w": 0,
                        "l": 0
                    }
                },
                {
                    "season": 4,
                    "ranked": {
                        "k": 6446,
                        "d": 4495,
                        "a": 736,
                        "w": 191,
                        "l": 138
                    },
                    "casual": {
                        "k": 31930,
                        "d": 12599,
                        "a": 2478,
                        "w": 436,
                        "l": 82
                    },
                    "custom": {
                        "k": 10546,
                        "d": 8349,
                        "a": 1129,
                        "w": 0,
                        "l": 0
                    }
                },
                {
                    "season": 5,
                    "ranked": {
                        "k": 2094,
                        "d": 1674,
                        "a": 305,
                        "w": 84,
                        "l": 36
                    },
                    "casual": {
                        "k": 16415,
                        "d": 5946,
                        "a": 1095,
                        "w": 343,
                        "l": 52
                    },
                    "custom": {
                        "k": 4936,
                        "d": 4075,
                        "a": 445,
                        "w": 0,
                        "l": 0
                    }
                },
                {
                    "season": 6,
                    "ranked": {
                        "k": 752,
                        "d": 503,
                        "a": 120,
                        "w": 35,
                        "l": 8
                    },
                    "casual": {
                        "k": 7822,
                        "d": 2985,
                        "a": 609,
                        "w": 155,
                        "l": 19
                    },
                    "custom": {
                        "k": 1378,
                        "d": 1096,
                        "a": 169,
                        "w": 0,
                        "l": 0
                    }
                }
            ],
            "ranked": {
                "placement_matches_left": 0,
                "highest_rank": 9,
                "rating": 2256,
                "global_position": 81,
                "rank": 9
            }
        },
        "ban": null,
        "reports": [],
        "clan": {
            "basicInfo": {
                "name": "Team 2 Dieu",
                "tag": "dieu"
            },
            "id": 108447,
            "memberRank": 10
        }
    }
]