[
    {
        "basicInfo": {
            "userID": 141340430,
            "name": "Education",
            "userType": 1,
            "iconID": 1,
            "level": 27
        },
        "userSettings": {
            "blockFriendRequests": false,
            "block_clan_requests": false,
            "equipped_emblem": 1
        },
        "friendStatus": 0,
        "stats": {
            "seasonal_stats": [
                {
                    "season": 0,
                    "ranked": {
                        "k": 10,
                        "d": 4,
                        "a": 0,
                        "w": 0,
                        "l": 0
                    },
                    "casual": {
                        "k": 0,
                        "d": 0,
                        "a": 0,
                        "w": 0,
                        "l": 0
                    },
                    "custom": {
                        "k": 14644,
                        "d": 4020,
                        "a": 673,
                        "w": 0,
                        "l": 0
                    }
                },
                {
                    "season": 1,
                    "ranked": {
                        "k": 96,
                        "d": 75,
                        "a": 18,
                        "w": 10,
                        "l": 0
                    },
                    "casual": {
                        "k": 0,
                        "d": 0,
                        "a": 0,
                        "w": 57,
                        "l": 6
                    },
                    "custom": {
                        "k": 0,
                        "d": 0,
                        "a": 0,
                        "w": 0,
                        "l": 0
                    }
                },
                {
                    "season": 2,
                    "ranked": {
                        "k": 139,
                        "d": 93,
                        "a": 13,
                        "w": 7,
                        "l": 3
                    },
                    "casual": {
                        "k": 0,
                        "d": 0,
                        "a": 0,
                        "w": 64,
                        "l": 10
                    },
                    "custom": {
                        "k": 15,
                        "d": 17,
                        "a": 3,
                        "w": 0,
                        "l": 0
                    }
                },
                {
                    "season": 3,
                    "ranked": {
                        "k": 0,
                        "d": 0,
                        "a": 0,
                        "w": 0,
                        "l": 0
                    },
                    "casual": {
                        "k": 472,
                        "d": 150,
                        "a": 32,
                        "w": 8,
                        "l": 0
                    },
                    "custom": {
                        "k": 364,
                        "d": 219,
                        "a": 14,
                        "w": 0,
                        "l": 0
                    }
                },
                {
                    "season": 4,
                    "ranked": {
                        "k": 0,
                        "d": 0,
                        "a": 0,
                        "w": 0,
                        "l": 0
                    },
                    "casual": {
                        "k": 25,
                        "d": 11,
                        "a": 3,
                        "w": 1,
                        "l": 0
                    },
                    "custom": {
                        "k": 87,
                        "d": 64,
                        "a": 4,
                        "w": 0,
                        "l": 0
                    }
                },
                {
                    "season": 5,
                    "ranked": {
                        "k": 0,
                        "d": 0,
                        "a": 0,
                        "w": 0,
                        "l": 0
                    },
                    "casual": {
                        "k": 33,
                        "d": 16,
                        "a": 2,
                        "w": 0,
                        "l": 0
                    },
                    "custom": {
                        "k": 70,
                        "d": 45,
                        "a": 3,
                        "w": 0,
                        "l": 0
                    }
                },
                {
                    "season": 6,
                    "ranked": {
                        "k": 166,
                        "d": 87,
                        "a": 0,
                        "w": 10,
                        "l": 0
                    },
                    "casual": {
                        "k": 87,
                        "d": 33,
                        "a": 9,
                        "w": 5,
                        "l": 5
                    },
                    "custom": {
                        "k": 110,
                        "d": 80,
                        "a": 6,
                        "w": 0,
                        "l": 0
                    }
                }
            ],
            "ranked": {
                "placement_matches_left": 0,
                "highest_rank": 9,
                "rating": 2234,
                "global_position": 103,
                "rank": 9
            }
        },
        "ban": null,
        "reports": [],
        "clan": {
            "basicInfo": {
                "name": "igx tag",
                "tag": "igx"
            },
            "id": 115485,
            "memberRank": 10
        }
    }
]