[
    {
        "basicInfo": {
            "userID": 10870239,
            "name": "ekaterina Pyk_",
            "userType": 1,
            "iconID": 314,
            "level": 429
        },
        "userSettings": {
            "blockFriendRequests": false,
            "block_clan_requests": false,
            "equipped_emblem": 315
        },
        "friendStatus": 0,
        "stats": {
            "seasonal_stats": [
                {
                    "season": 0,
                    "ranked": {
                        "k": 2542,
                        "d": 2031,
                        "a": 329,
                        "w": 123,
                        "l": 118
                    },
                    "casual": {
                        "k": 0,
                        "d": 0,
                        "a": 0,
                        "w": 0,
                        "l": 0
                    },
                    "custom": {
                        "k": 13230,
                        "d": 8869,
                        "a": 1452,
                        "w": 0,
                        "l": 0
                    }
                },
                {
                    "season": 1,
                    "ranked": {
                        "k": 361,
                        "d": 410,
                        "a": 61,
                        "w": 27,
                        "l": 14
                    },
                    "casual": {
                        "k": 0,
                        "d": 0,
                        "a": 0,
                        "w": 18,
                        "l": 1
                    },
                    "custom": {
                        "k": 0,
                        "d": 0,
                        "a": 0,
                        "w": 0,
                        "l": 0
                    }
                },
                {
                    "season": 2,
                    "ranked": {
                        "k": 4410,
                        "d": 5074,
                        "a": 706,
                        "w": 249,
                        "l": 252
                    },
                    "casual": {
                        "k": 0,
                        "d": 0,
                        "a": 0,
                        "w": 97,
                        "l": 52
                    },
                    "custom": {
                        "k": 1,
                        "d": 7,
                        "a": 0,
                        "w": 0,
                        "l": 0
                    }
                },
                {
                    "season": 3,
                    "ranked": {
                        "k": 4976,
                        "d": 5071,
                        "a": 742,
                        "w": 172,
                        "l": 160
                    },
                    "casual": {
                        "k": 5713,
                        "d": 3510,
                        "a": 569,
                        "w": 122,
                        "l": 68
                    },
                    "custom": {
                        "k": 2239,
                        "d": 2862,
                        "a": 266,
                        "w": 0,
                        "l": 0
                    }
                },
                {
                    "season": 4,
                    "ranked": {
                        "k": 4720,
                        "d": 5129,
                        "a": 712,
                        "w": 168,
                        "l": 159
                    },
                    "casual": {
                        "k": 1755,
                        "d": 1066,
                        "a": 174,
                        "w": 52,
                        "l": 21
                    },
                    "custom": {
                        "k": 8783,
                        "d": 11352,
                        "a": 1264,
                        "w": 0,
                        "l": 0
                    }
                },
                {
                    "season": 5,
                    "ranked": {
                        "k": 3493,
                        "d": 3468,
                        "a": 554,
                        "w": 131,
                        "l": 104
                    },
                    "casual": {
                        "k": 924,
                        "d": 655,
                        "a": 98,
                        "w": 11,
                        "l": 5
                    },
                    "custom": {
                        "k": 1558,
                        "d": 1756,
                        "a": 232,
                        "w": 0,
                        "l": 0
                    }
                },
                {
                    "season": 6,
                    "ranked": {
                        "k": 1914,
                        "d": 2014,
                        "a": 285,
                        "w": 87,
                        "l": 35
                    },
                    "casual": {
                        "k": 645,
                        "d": 340,
                        "a": 60,
                        "w": 8,
                        "l": 3
                    },
                    "custom": {
                        "k": 1849,
                        "d": 1819,
                        "a": 247,
                        "w": 0,
                        "l": 0
                    }
                }
            ],
            "ranked": {
                "placement_matches_left": 0,
                "highest_rank": 9,
                "rating": 2219,
                "global_position": 130,
                "rank": 9
            }
        },
        "ban": null,
        "reports": [],
        "clan": {
            "basicInfo": {
                "name": "Aura eSports",
                "tag": "aura"
            },
            "id": 79820,
            "memberRank": 10
        }
    }
]