[
    {
        "basicInfo": {
            "userID": 169411641,
            "name": "eLitSoH",
            "userType": 1,
            "iconID": 296,
            "level": 85
        },
        "userSettings": {
            "blockFriendRequests": true,
            "block_clan_requests": false,
            "equipped_emblem": 296
        },
        "friendStatus": 0,
        "stats": {
            "seasonal_stats": [
                {
                    "season": 0,
                    "ranked": {
                        "k": 0,
                        "d": 0,
                        "a": 0,
                        "w": 0,
                        "l": 0
                    },
                    "casual": {
                        "k": 0,
                        "d": 0,
                        "a": 0,
                        "w": 0,
                        "l": 0
                    },
                    "custom": {
                        "k": 52,
                        "d": 18,
                        "a": 3,
                        "w": 0,
                        "l": 0
                    }
                },
                {
                    "season": 1,
                    "ranked": {
                        "k": 0,
                        "d": 0,
                        "a": 0,
                        "w": 0,
                        "l": 0
                    },
                    "casual": {
                        "k": 0,
                        "d": 0,
                        "a": 0,
                        "w": 0,
                        "l": 0
                    },
                    "custom": {
                        "k": 0,
                        "d": 0,
                        "a": 0,
                        "w": 0,
                        "l": 0
                    }
                },
                {
                    "season": 2,
                    "ranked": {
                        "k": 0,
                        "d": 0,
                        "a": 0,
                        "w": 0,
                        "l": 0
                    },
                    "casual": {
                        "k": 0,
                        "d": 0,
                        "a": 0,
                        "w": 2,
                        "l": 0
                    },
                    "custom": {
                        "k": 0,
                        "d": 0,
                        "a": 0,
                        "w": 0,
                        "l": 0
                    }
                },
                {
                    "season": 3,
                    "ranked": {
                        "k": 0,
                        "d": 0,
                        "a": 0,
                        "w": 0,
                        "l": 0
                    },
                    "casual": {
                        "k": 0,
                        "d": 0,
                        "a": 0,
                        "w": 0,
                        "l": 0
                    },
                    "custom": {
                        "k": 0,
                        "d": 0,
                        "a": 0,
                        "w": 0,
                        "l": 0
                    }
                },
                {
                    "season": 4,
                    "ranked": {
                        "k": 2448,
                        "d": 1439,
                        "a": 280,
                        "w": 81,
                        "l": 44
                    },
                    "casual": {
                        "k": 5936,
                        "d": 1641,
                        "a": 337,
                        "w": 87,
                        "l": 17
                    },
                    "custom": {
                        "k": 1933,
                        "d": 1314,
                        "a": 129,
                        "w": 0,
                        "l": 0
                    }
                },
                {
                    "season": 5,
                    "ranked": {
                        "k": 907,
                        "d": 495,
                        "a": 148,
                        "w": 39,
                        "l": 8
                    },
                    "casual": {
                        "k": 1161,
                        "d": 383,
                        "a": 67,
                        "w": 16,
                        "l": 4
                    },
                    "custom": {
                        "k": 594,
                        "d": 453,
                        "a": 82,
                        "w": 0,
                        "l": 0
                    }
                },
                {
                    "season": 6,
                    "ranked": {
                        "k": 233,
                        "d": 132,
                        "a": 34,
                        "w": 9,
                        "l": 2
                    },
                    "casual": {
                        "k": 274,
                        "d": 94,
                        "a": 16,
                        "w": 2,
                        "l": 1
                    },
                    "custom": {
                        "k": 86,
                        "d": 71,
                        "a": 17,
                        "w": 0,
                        "l": 0
                    }
                }
            ],
            "ranked": {
                "placement_matches_left": 0,
                "highest_rank": 9,
                "rating": 2190,
                "global_position": 193,
                "rank": 9
            }
        },
        "ban": null,
        "reports": [],
        "clan": {
            "basicInfo": {
                "name": "Inquisitive",
                "tag": "inQ"
            },
            "id": 368,
            "memberRank": 40
        }
    }
]