[
    {
        "basicInfo": {
            "userID": 146674527,
            "name": "Elite of UA",
            "userType": 1,
            "iconID": 64,
            "level": 324
        },
        "userSettings": {
            "blockFriendRequests": false,
            "block_clan_requests": false,
            "equipped_emblem": 64
        },
        "friendStatus": 0,
        "stats": {
            "seasonal_stats": [
                {
                    "season": 0,
                    "ranked": {
                        "k": 0,
                        "d": 0,
                        "a": 0,
                        "w": 0,
                        "l": 0
                    },
                    "casual": {
                        "k": 0,
                        "d": 0,
                        "a": 0,
                        "w": 0,
                        "l": 0
                    },
                    "custom": {
                        "k": 27603,
                        "d": 13167,
                        "a": 1932,
                        "w": 0,
                        "l": 0
                    }
                },
                {
                    "season": 1,
                    "ranked": {
                        "k": 1613,
                        "d": 1294,
                        "a": 266,
                        "w": 87,
                        "l": 55
                    },
                    "casual": {
                        "k": 0,
                        "d": 0,
                        "a": 0,
                        "w": 405,
                        "l": 99
                    },
                    "custom": {
                        "k": 0,
                        "d": 0,
                        "a": 0,
                        "w": 0,
                        "l": 0
                    }
                },
                {
                    "season": 2,
                    "ranked": {
                        "k": 8058,
                        "d": 6005,
                        "a": 1096,
                        "w": 375,
                        "l": 252
                    },
                    "casual": {
                        "k": 0,
                        "d": 0,
                        "a": 0,
                        "w": 250,
                        "l": 151
                    },
                    "custom": {
                        "k": 0,
                        "d": 0,
                        "a": 0,
                        "w": 0,
                        "l": 0
                    }
                },
                {
                    "season": 3,
                    "ranked": {
                        "k": 541,
                        "d": 403,
                        "a": 47,
                        "w": 19,
                        "l": 12
                    },
                    "casual": {
                        "k": 1289,
                        "d": 596,
                        "a": 93,
                        "w": 32,
                        "l": 22
                    },
                    "custom": {
                        "k": 1159,
                        "d": 656,
                        "a": 59,
                        "w": 0,
                        "l": 0
                    }
                },
                {
                    "season": 4,
                    "ranked": {
                        "k": 2,
                        "d": 15,
                        "a": 0,
                        "w": 0,
                        "l": 1
                    },
                    "casual": {
                        "k": 56,
                        "d": 45,
                        "a": 4,
                        "w": 1,
                        "l": 1
                    },
                    "custom": {
                        "k": 2,
                        "d": 2,
                        "a": 0,
                        "w": 0,
                        "l": 0
                    }
                },
                {
                    "season": 5,
                    "ranked": {
                        "k": 1802,
                        "d": 1720,
                        "a": 243,
                        "w": 67,
                        "l": 50
                    },
                    "casual": {
                        "k": 6831,
                        "d": 3406,
                        "a": 600,
                        "w": 166,
                        "l": 41
                    },
                    "custom": {
                        "k": 4097,
                        "d": 952,
                        "a": 74,
                        "w": 0,
                        "l": 0
                    }
                },
                {
                    "season": 6,
                    "ranked": {
                        "k": 457,
                        "d": 327,
                        "a": 68,
                        "w": 28,
                        "l": 3
                    },
                    "casual": {
                        "k": 2518,
                        "d": 1175,
                        "a": 243,
                        "w": 61,
                        "l": 14
                    },
                    "custom": {
                        "k": 228,
                        "d": 207,
                        "a": 6,
                        "w": 0,
                        "l": 0
                    }
                }
            ],
            "ranked": {
                "placement_matches_left": 0,
                "highest_rank": 9,
                "rating": 2204,
                "global_position": 158,
                "rank": 9
            }
        },
        "ban": null,
        "reports": [],
        "clan": {
            "basicInfo": {
                "name": "Relation",
                "tag": "Rln"
            },
            "id": 97839,
            "memberRank": 10
        }
    }
]