[
    {
        "basicInfo": {
            "userID": 2789232,
            "name": "emchan",
            "userType": 1,
            "iconID": 318,
            "level": 90
        },
        "userSettings": {
            "blockFriendRequests": false,
            "block_clan_requests": false,
            "equipped_emblem": 301
        },
        "friendStatus": 0,
        "stats": {
            "seasonal_stats": [
                {
                    "season": 0,
                    "ranked": {
                        "k": 4570,
                        "d": 3363,
                        "a": 498,
                        "w": 264,
                        "l": 264
                    },
                    "casual": {
                        "k": 0,
                        "d": 0,
                        "a": 0,
                        "w": 0,
                        "l": 0
                    },
                    "custom": {
                        "k": 90359,
                        "d": 34346,
                        "a": 5862,
                        "w": 0,
                        "l": 0
                    }
                },
                {
                    "season": 1,
                    "ranked": {
                        "k": 0,
                        "d": 0,
                        "a": 0,
                        "w": 0,
                        "l": 0
                    },
                    "casual": {
                        "k": 0,
                        "d": 0,
                        "a": 0,
                        "w": 0,
                        "l": 1
                    },
                    "custom": {
                        "k": 0,
                        "d": 0,
                        "a": 0,
                        "w": 0,
                        "l": 0
                    }
                },
                {
                    "season": 2,
                    "ranked": {
                        "k": 53,
                        "d": 96,
                        "a": 11,
                        "w": 5,
                        "l": 5
                    },
                    "casual": {
                        "k": 0,
                        "d": 0,
                        "a": 0,
                        "w": 62,
                        "l": 80
                    },
                    "custom": {
                        "k": 0,
                        "d": 0,
                        "a": 0,
                        "w": 0,
                        "l": 0
                    }
                },
                {
                    "season": 3,
                    "ranked": {
                        "k": 0,
                        "d": 0,
                        "a": 0,
                        "w": 0,
                        "l": 0
                    },
                    "casual": {
                        "k": 0,
                        "d": 0,
                        "a": 0,
                        "w": 0,
                        "l": 0
                    },
                    "custom": {
                        "k": 0,
                        "d": 0,
                        "a": 0,
                        "w": 0,
                        "l": 0
                    }
                },
                {
                    "season": 4,
                    "ranked": {
                        "k": 0,
                        "d": 0,
                        "a": 0,
                        "w": 0,
                        "l": 0
                    },
                    "casual": {
                        "k": 0,
                        "d": 0,
                        "a": 0,
                        "w": 0,
                        "l": 0
                    },
                    "custom": {
                        "k": 0,
                        "d": 0,
                        "a": 0,
                        "w": 0,
                        "l": 0
                    }
                },
                {
                    "season": 5,
                    "ranked": {
                        "k": 2301,
                        "d": 1739,
                        "a": 280,
                        "w": 76,
                        "l": 45
                    },
                    "casual": {
                        "k": 18151,
                        "d": 9745,
                        "a": 1515,
                        "w": 313,
                        "l": 119
                    },
                    "custom": {
                        "k": 2892,
                        "d": 2709,
                        "a": 416,
                        "w": 0,
                        "l": 0
                    }
                },
                {
                    "season": 6,
                    "ranked": {
                        "k": 472,
                        "d": 327,
                        "a": 14,
                        "w": 35,
                        "l": 2
                    },
                    "casual": {
                        "k": 717,
                        "d": 375,
                        "a": 80,
                        "w": 4,
                        "l": 1
                    },
                    "custom": {
                        "k": 394,
                        "d": 363,
                        "a": 71,
                        "w": 0,
                        "l": 0
                    }
                }
            ],
            "ranked": {
                "placement_matches_left": 0,
                "highest_rank": 9,
                "rating": 2271,
                "global_position": 64,
                "rank": 9
            }
        },
        "ban": null,
        "reports": [],
        "clan": {
            "basicInfo": {
                "name": "igx tag",
                "tag": "igx"
            },
            "id": 115485,
            "memberRank": 10
        }
    }
]