[
    {
        "basicInfo": {
            "userID": 173912645,
            "name": "Entrance",
            "userType": 1,
            "iconID": 295,
            "level": 274
        },
        "userSettings": {
            "blockFriendRequests": false,
            "block_clan_requests": false,
            "equipped_emblem": 306
        },
        "friendStatus": 0,
        "stats": {
            "seasonal_stats": [
                {
                    "season": 0,
                    "ranked": {
                        "k": 0,
                        "d": 0,
                        "a": 0,
                        "w": 0,
                        "l": 0
                    },
                    "casual": {
                        "k": 0,
                        "d": 0,
                        "a": 0,
                        "w": 0,
                        "l": 0
                    },
                    "custom": {
                        "k": 15,
                        "d": 7,
                        "a": 0,
                        "w": 0,
                        "l": 0
                    }
                },
                {
                    "season": 1,
                    "ranked": {
                        "k": 0,
                        "d": 0,
                        "a": 0,
                        "w": 0,
                        "l": 0
                    },
                    "casual": {
                        "k": 0,
                        "d": 0,
                        "a": 0,
                        "w": 0,
                        "l": 0
                    },
                    "custom": {
                        "k": 0,
                        "d": 0,
                        "a": 0,
                        "w": 0,
                        "l": 0
                    }
                },
                {
                    "season": 2,
                    "ranked": {
                        "k": 0,
                        "d": 0,
                        "a": 0,
                        "w": 0,
                        "l": 0
                    },
                    "casual": {
                        "k": 0,
                        "d": 0,
                        "a": 0,
                        "w": 0,
                        "l": 0
                    },
                    "custom": {
                        "k": 0,
                        "d": 0,
                        "a": 0,
                        "w": 0,
                        "l": 0
                    }
                },
                {
                    "season": 3,
                    "ranked": {
                        "k": 8427,
                        "d": 8362,
                        "a": 1031,
                        "w": 308,
                        "l": 220
                    },
                    "casual": {
                        "k": 2810,
                        "d": 1437,
                        "a": 272,
                        "w": 54,
                        "l": 29
                    },
                    "custom": {
                        "k": 5627,
                        "d": 5890,
                        "a": 411,
                        "w": 0,
                        "l": 0
                    }
                },
                {
                    "season": 4,
                    "ranked": {
                        "k": 4279,
                        "d": 4062,
                        "a": 502,
                        "w": 162,
                        "l": 110
                    },
                    "casual": {
                        "k": 2763,
                        "d": 1135,
                        "a": 190,
                        "w": 48,
                        "l": 9
                    },
                    "custom": {
                        "k": 4163,
                        "d": 3925,
                        "a": 500,
                        "w": 0,
                        "l": 0
                    }
                },
                {
                    "season": 5,
                    "ranked": {
                        "k": 4093,
                        "d": 3622,
                        "a": 522,
                        "w": 154,
                        "l": 82
                    },
                    "casual": {
                        "k": 5093,
                        "d": 1827,
                        "a": 336,
                        "w": 43,
                        "l": 8
                    },
                    "custom": {
                        "k": 4185,
                        "d": 3682,
                        "a": 391,
                        "w": 0,
                        "l": 0
                    }
                },
                {
                    "season": 6,
                    "ranked": {
                        "k": 1020,
                        "d": 837,
                        "a": 153,
                        "w": 47,
                        "l": 14
                    },
                    "casual": {
                        "k": 2021,
                        "d": 646,
                        "a": 133,
                        "w": 20,
                        "l": 2
                    },
                    "custom": {
                        "k": 2149,
                        "d": 1917,
                        "a": 311,
                        "w": 0,
                        "l": 0
                    }
                }
            ],
            "ranked": {
                "placement_matches_left": 0,
                "highest_rank": 9,
                "rating": 2207,
                "global_position": 148,
                "rank": 9
            }
        },
        "ban": null,
        "reports": []
    }
]