[
    {
        "basicInfo": {
            "userID": 149145342,
            "name": "Enwy",
            "userType": 1,
            "iconID": 296,
            "level": 339
        },
        "userSettings": {
            "blockFriendRequests": false,
            "block_clan_requests": false,
            "equipped_emblem": 296
        },
        "friendStatus": 0,
        "stats": {
            "seasonal_stats": [
                {
                    "season": 0,
                    "ranked": {
                        "k": 0,
                        "d": 0,
                        "a": 0,
                        "w": 0,
                        "l": 0
                    },
                    "casual": {
                        "k": 0,
                        "d": 0,
                        "a": 0,
                        "w": 0,
                        "l": 0
                    },
                    "custom": {
                        "k": 7970,
                        "d": 3343,
                        "a": 669,
                        "w": 0,
                        "l": 0
                    }
                },
                {
                    "season": 1,
                    "ranked": {
                        "k": 702,
                        "d": 411,
                        "a": 77,
                        "w": 33,
                        "l": 18
                    },
                    "casual": {
                        "k": 0,
                        "d": 0,
                        "a": 0,
                        "w": 4,
                        "l": 0
                    },
                    "custom": {
                        "k": 0,
                        "d": 0,
                        "a": 0,
                        "w": 0,
                        "l": 0
                    }
                },
                {
                    "season": 2,
                    "ranked": {
                        "k": 2512,
                        "d": 1517,
                        "a": 282,
                        "w": 119,
                        "l": 62
                    },
                    "casual": {
                        "k": 0,
                        "d": 0,
                        "a": 0,
                        "w": 47,
                        "l": 16
                    },
                    "custom": {
                        "k": 38,
                        "d": 35,
                        "a": 9,
                        "w": 0,
                        "l": 0
                    }
                },
                {
                    "season": 3,
                    "ranked": {
                        "k": 3834,
                        "d": 2113,
                        "a": 338,
                        "w": 110,
                        "l": 60
                    },
                    "casual": {
                        "k": 3897,
                        "d": 1386,
                        "a": 298,
                        "w": 56,
                        "l": 10
                    },
                    "custom": {
                        "k": 479,
                        "d": 257,
                        "a": 39,
                        "w": 0,
                        "l": 0
                    }
                },
                {
                    "season": 4,
                    "ranked": {
                        "k": 295,
                        "d": 133,
                        "a": 22,
                        "w": 11,
                        "l": 2
                    },
                    "casual": {
                        "k": 8058,
                        "d": 2471,
                        "a": 441,
                        "w": 124,
                        "l": 10
                    },
                    "custom": {
                        "k": 5052,
                        "d": 3814,
                        "a": 549,
                        "w": 0,
                        "l": 0
                    }
                },
                {
                    "season": 5,
                    "ranked": {
                        "k": 1833,
                        "d": 1079,
                        "a": 180,
                        "w": 89,
                        "l": 13
                    },
                    "casual": {
                        "k": 2791,
                        "d": 852,
                        "a": 200,
                        "w": 25,
                        "l": 2
                    },
                    "custom": {
                        "k": 2189,
                        "d": 1696,
                        "a": 293,
                        "w": 0,
                        "l": 0
                    }
                },
                {
                    "season": 6,
                    "ranked": {
                        "k": 480,
                        "d": 294,
                        "a": 72,
                        "w": 23,
                        "l": 4
                    },
                    "casual": {
                        "k": 632,
                        "d": 210,
                        "a": 54,
                        "w": 3,
                        "l": 1
                    },
                    "custom": {
                        "k": 1283,
                        "d": 984,
                        "a": 192,
                        "w": 0,
                        "l": 0
                    }
                }
            ],
            "ranked": {
                "placement_matches_left": 0,
                "highest_rank": 9,
                "rating": 2345,
                "global_position": 28,
                "rank": 9
            }
        },
        "ban": null,
        "reports": [],
        "clan": {
            "basicInfo": {
                "name": "REIGN",
                "tag": "RGN"
            },
            "id": 4439,
            "memberRank": 10
        }
    }
]