[
    {
        "basicInfo": {
            "userID": 69460853,
            "name": "Existeen",
            "userType": 1,
            "iconID": 2,
            "level": 562
        },
        "userSettings": {
            "blockFriendRequests": true,
            "block_clan_requests": false,
            "equipped_emblem": 2
        },
        "friendStatus": 0,
        "stats": {
            "seasonal_stats": [
                {
                    "season": 0,
                    "ranked": {
                        "k": 3806,
                        "d": 2156,
                        "a": 384,
                        "w": 149,
                        "l": 137
                    },
                    "casual": {
                        "k": 0,
                        "d": 0,
                        "a": 0,
                        "w": 13,
                        "l": 9
                    },
                    "custom": {
                        "k": 171326,
                        "d": 60473,
                        "a": 10993,
                        "w": 0,
                        "l": 0
                    }
                },
                {
                    "season": 1,
                    "ranked": {
                        "k": 0,
                        "d": 0,
                        "a": 0,
                        "w": 0,
                        "l": 0
                    },
                    "casual": {
                        "k": 0,
                        "d": 0,
                        "a": 0,
                        "w": 510,
                        "l": 108
                    },
                    "custom": {
                        "k": 0,
                        "d": 0,
                        "a": 0,
                        "w": 0,
                        "l": 0
                    }
                },
                {
                    "season": 2,
                    "ranked": {
                        "k": 1566,
                        "d": 1258,
                        "a": 228,
                        "w": 71,
                        "l": 65
                    },
                    "casual": {
                        "k": 0,
                        "d": 0,
                        "a": 0,
                        "w": 798,
                        "l": 327
                    },
                    "custom": {
                        "k": 227,
                        "d": 143,
                        "a": 16,
                        "w": 2,
                        "l": 2
                    }
                },
                {
                    "season": 3,
                    "ranked": {
                        "k": 5427,
                        "d": 4736,
                        "a": 603,
                        "w": 181,
                        "l": 132
                    },
                    "casual": {
                        "k": 6482,
                        "d": 3065,
                        "a": 474,
                        "w": 133,
                        "l": 50
                    },
                    "custom": {
                        "k": 3441,
                        "d": 2808,
                        "a": 179,
                        "w": 0,
                        "l": 0
                    }
                },
                {
                    "season": 4,
                    "ranked": {
                        "k": 4124,
                        "d": 3228,
                        "a": 454,
                        "w": 127,
                        "l": 82
                    },
                    "casual": {
                        "k": 28414,
                        "d": 8415,
                        "a": 1475,
                        "w": 281,
                        "l": 43
                    },
                    "custom": {
                        "k": 8453,
                        "d": 8128,
                        "a": 491,
                        "w": 0,
                        "l": 0
                    }
                },
                {
                    "season": 5,
                    "ranked": {
                        "k": 2840,
                        "d": 2059,
                        "a": 350,
                        "w": 87,
                        "l": 55
                    },
                    "casual": {
                        "k": 5602,
                        "d": 1954,
                        "a": 262,
                        "w": 23,
                        "l": 13
                    },
                    "custom": {
                        "k": 3687,
                        "d": 3361,
                        "a": 239,
                        "w": 0,
                        "l": 0
                    }
                },
                {
                    "season": 6,
                    "ranked": {
                        "k": 210,
                        "d": 176,
                        "a": 24,
                        "w": 13,
                        "l": 0
                    },
                    "casual": {
                        "k": 1000,
                        "d": 340,
                        "a": 67,
                        "w": 5,
                        "l": 2
                    },
                    "custom": {
                        "k": 746,
                        "d": 685,
                        "a": 23,
                        "w": 0,
                        "l": 0
                    }
                }
            ],
            "ranked": {
                "placement_matches_left": 0,
                "highest_rank": 9,
                "rating": 2330,
                "global_position": 32,
                "rank": 9
            }
        },
        "ban": null,
        "reports": []
    }
]