[
    {
        "basicInfo": {
            "userID": 45742887,
            "name": "ExZ",
            "userType": 1,
            "iconID": 307,
            "level": 344
        },
        "userSettings": {
            "blockFriendRequests": false,
            "block_clan_requests": false,
            "equipped_emblem": 307
        },
        "friendStatus": 0,
        "stats": {
            "seasonal_stats": [
                {
                    "season": 0,
                    "ranked": {
                        "k": 57144,
                        "d": 31981,
                        "a": 4842,
                        "w": 2457,
                        "l": 1735
                    },
                    "casual": {
                        "k": 0,
                        "d": 0,
                        "a": 0,
                        "w": 0,
                        "l": 0
                    },
                    "custom": {
                        "k": 116187,
                        "d": 51095,
                        "a": 7711,
                        "w": 0,
                        "l": 0
                    }
                },
                {
                    "season": 1,
                    "ranked": {
                        "k": 5393,
                        "d": 3677,
                        "a": 495,
                        "w": 247,
                        "l": 168
                    },
                    "casual": {
                        "k": 0,
                        "d": 0,
                        "a": 0,
                        "w": 37,
                        "l": 10
                    },
                    "custom": {
                        "k": 0,
                        "d": 0,
                        "a": 0,
                        "w": 0,
                        "l": 0
                    }
                },
                {
                    "season": 2,
                    "ranked": {
                        "k": 4028,
                        "d": 3183,
                        "a": 413,
                        "w": 202,
                        "l": 149
                    },
                    "casual": {
                        "k": 0,
                        "d": 0,
                        "a": 0,
                        "w": 35,
                        "l": 9
                    },
                    "custom": {
                        "k": 85,
                        "d": 56,
                        "a": 9,
                        "w": 0,
                        "l": 0
                    }
                },
                {
                    "season": 3,
                    "ranked": {
                        "k": 1915,
                        "d": 1434,
                        "a": 163,
                        "w": 73,
                        "l": 33
                    },
                    "casual": {
                        "k": 287,
                        "d": 100,
                        "a": 19,
                        "w": 14,
                        "l": 5
                    },
                    "custom": {
                        "k": 927,
                        "d": 635,
                        "a": 62,
                        "w": 0,
                        "l": 0
                    }
                },
                {
                    "season": 4,
                    "ranked": {
                        "k": 4949,
                        "d": 4102,
                        "a": 439,
                        "w": 163,
                        "l": 126
                    },
                    "casual": {
                        "k": 402,
                        "d": 164,
                        "a": 27,
                        "w": 9,
                        "l": 1
                    },
                    "custom": {
                        "k": 5535,
                        "d": 5520,
                        "a": 572,
                        "w": 0,
                        "l": 0
                    }
                },
                {
                    "season": 5,
                    "ranked": {
                        "k": 1664,
                        "d": 1318,
                        "a": 208,
                        "w": 55,
                        "l": 40
                    },
                    "casual": {
                        "k": 305,
                        "d": 141,
                        "a": 24,
                        "w": 5,
                        "l": 2
                    },
                    "custom": {
                        "k": 2107,
                        "d": 2076,
                        "a": 295,
                        "w": 0,
                        "l": 0
                    }
                },
                {
                    "season": 6,
                    "ranked": {
                        "k": 2551,
                        "d": 1839,
                        "a": 308,
                        "w": 133,
                        "l": 25
                    },
                    "casual": {
                        "k": 356,
                        "d": 131,
                        "a": 25,
                        "w": 9,
                        "l": 0
                    },
                    "custom": {
                        "k": 2104,
                        "d": 2057,
                        "a": 341,
                        "w": 0,
                        "l": 0
                    }
                }
            ],
            "ranked": {
                "placement_matches_left": 0,
                "highest_rank": 9,
                "rating": 2318,
                "global_position": 36,
                "rank": 9
            }
        },
        "ban": null,
        "reports": [],
        "clan": {
            "basicInfo": {
                "name": "Team Exclusive",
                "tag": "EXCL"
            },
            "id": 33825,
            "memberRank": 10
        }
    }
]