[
    {
        "basicInfo": {
            "userID": 77338771,
            "name": "Fair",
            "userType": 1,
            "iconID": 17,
            "level": 395
        },
        "userSettings": {
            "blockFriendRequests": false,
            "block_clan_requests": false,
            "equipped_emblem": 17
        },
        "friendStatus": 0,
        "stats": {
            "seasonal_stats": [
                {
                    "season": 0,
                    "ranked": {
                        "k": 17804,
                        "d": 11746,
                        "a": 1957,
                        "w": 760,
                        "l": 577
                    },
                    "casual": {
                        "k": 0,
                        "d": 0,
                        "a": 0,
                        "w": 0,
                        "l": 0
                    },
                    "custom": {
                        "k": 123005,
                        "d": 81747,
                        "a": 10861,
                        "w": 0,
                        "l": 0
                    }
                },
                {
                    "season": 1,
                    "ranked": {
                        "k": 1972,
                        "d": 1563,
                        "a": 222,
                        "w": 94,
                        "l": 66
                    },
                    "casual": {
                        "k": 0,
                        "d": 0,
                        "a": 0,
                        "w": 84,
                        "l": 27
                    },
                    "custom": {
                        "k": 0,
                        "d": 0,
                        "a": 0,
                        "w": 0,
                        "l": 0
                    }
                },
                {
                    "season": 2,
                    "ranked": {
                        "k": 2885,
                        "d": 2481,
                        "a": 294,
                        "w": 135,
                        "l": 108
                    },
                    "casual": {
                        "k": 154,
                        "d": 43,
                        "a": 8,
                        "w": 148,
                        "l": 100
                    },
                    "custom": {
                        "k": 52,
                        "d": 64,
                        "a": 5,
                        "w": 0,
                        "l": 0
                    }
                },
                {
                    "season": 3,
                    "ranked": {
                        "k": 2201,
                        "d": 1569,
                        "a": 240,
                        "w": 71,
                        "l": 36
                    },
                    "casual": {
                        "k": 2902,
                        "d": 915,
                        "a": 183,
                        "w": 45,
                        "l": 17
                    },
                    "custom": {
                        "k": 10746,
                        "d": 8960,
                        "a": 1145,
                        "w": 0,
                        "l": 0
                    }
                },
                {
                    "season": 4,
                    "ranked": {
                        "k": 1686,
                        "d": 1542,
                        "a": 216,
                        "w": 61,
                        "l": 38
                    },
                    "casual": {
                        "k": 1063,
                        "d": 490,
                        "a": 104,
                        "w": 14,
                        "l": 4
                    },
                    "custom": {
                        "k": 6899,
                        "d": 5671,
                        "a": 728,
                        "w": 0,
                        "l": 0
                    }
                },
                {
                    "season": 5,
                    "ranked": {
                        "k": 1814,
                        "d": 1430,
                        "a": 194,
                        "w": 65,
                        "l": 32
                    },
                    "casual": {
                        "k": 1137,
                        "d": 520,
                        "a": 94,
                        "w": 16,
                        "l": 3
                    },
                    "custom": {
                        "k": 4480,
                        "d": 3477,
                        "a": 466,
                        "w": 0,
                        "l": 0
                    }
                },
                {
                    "season": 6,
                    "ranked": {
                        "k": 1135,
                        "d": 947,
                        "a": 149,
                        "w": 54,
                        "l": 10
                    },
                    "casual": {
                        "k": 67,
                        "d": 28,
                        "a": 8,
                        "w": 1,
                        "l": 0
                    },
                    "custom": {
                        "k": 1770,
                        "d": 1492,
                        "a": 190,
                        "w": 0,
                        "l": 0
                    }
                }
            ],
            "ranked": {
                "placement_matches_left": 0,
                "highest_rank": 9,
                "rating": 2274,
                "global_position": 61,
                "rank": 9
            }
        },
        "ban": null,
        "reports": [],
        "clan": {
            "basicInfo": {
                "name": "Vigorous eSports",
                "tag": "VGRS"
            },
            "id": 89355,
            "memberRank": 10
        }
    }
]