[
    {
        "basicInfo": {
            "userID": 22555579,
            "name": "Falnia",
            "userType": 1,
            "iconID": 318,
            "level": 264
        },
        "userSettings": {
            "blockFriendRequests": false,
            "block_clan_requests": false,
            "equipped_emblem": 279
        },
        "friendStatus": 0,
        "stats": {
            "seasonal_stats": [
                {
                    "season": 0,
                    "ranked": {
                        "k": 23272,
                        "d": 14221,
                        "a": 2131,
                        "w": 1051,
                        "l": 659
                    },
                    "casual": {
                        "k": 0,
                        "d": 0,
                        "a": 0,
                        "w": 0,
                        "l": 1
                    },
                    "custom": {
                        "k": 94535,
                        "d": 62739,
                        "a": 8272,
                        "w": 0,
                        "l": 0
                    }
                },
                {
                    "season": 1,
                    "ranked": {
                        "k": 3972,
                        "d": 2628,
                        "a": 399,
                        "w": 187,
                        "l": 118
                    },
                    "casual": {
                        "k": 0,
                        "d": 0,
                        "a": 0,
                        "w": 34,
                        "l": 1
                    },
                    "custom": {
                        "k": 0,
                        "d": 0,
                        "a": 0,
                        "w": 0,
                        "l": 0
                    }
                },
                {
                    "season": 2,
                    "ranked": {
                        "k": 4161,
                        "d": 3105,
                        "a": 425,
                        "w": 201,
                        "l": 127
                    },
                    "casual": {
                        "k": 0,
                        "d": 0,
                        "a": 0,
                        "w": 85,
                        "l": 58
                    },
                    "custom": {
                        "k": 10,
                        "d": 18,
                        "a": 1,
                        "w": 0,
                        "l": 0
                    }
                },
                {
                    "season": 3,
                    "ranked": {
                        "k": 161,
                        "d": 118,
                        "a": 16,
                        "w": 8,
                        "l": 1
                    },
                    "casual": {
                        "k": 347,
                        "d": 170,
                        "a": 29,
                        "w": 6,
                        "l": 2
                    },
                    "custom": {
                        "k": 743,
                        "d": 776,
                        "a": 81,
                        "w": 0,
                        "l": 0
                    }
                },
                {
                    "season": 4,
                    "ranked": {
                        "k": 1865,
                        "d": 1539,
                        "a": 224,
                        "w": 67,
                        "l": 42
                    },
                    "casual": {
                        "k": 3304,
                        "d": 1072,
                        "a": 182,
                        "w": 32,
                        "l": 7
                    },
                    "custom": {
                        "k": 693,
                        "d": 694,
                        "a": 70,
                        "w": 0,
                        "l": 0
                    }
                },
                {
                    "season": 5,
                    "ranked": {
                        "k": 1566,
                        "d": 1400,
                        "a": 195,
                        "w": 67,
                        "l": 35
                    },
                    "casual": {
                        "k": 3793,
                        "d": 1203,
                        "a": 265,
                        "w": 54,
                        "l": 8
                    },
                    "custom": {
                        "k": 1771,
                        "d": 1844,
                        "a": 210,
                        "w": 0,
                        "l": 0
                    }
                },
                {
                    "season": 6,
                    "ranked": {
                        "k": 1762,
                        "d": 1333,
                        "a": 203,
                        "w": 73,
                        "l": 27
                    },
                    "casual": {
                        "k": 3395,
                        "d": 1064,
                        "a": 199,
                        "w": 20,
                        "l": 0
                    },
                    "custom": {
                        "k": 1610,
                        "d": 1903,
                        "a": 207,
                        "w": 0,
                        "l": 0
                    }
                }
            ],
            "ranked": {
                "placement_matches_left": 0,
                "highest_rank": 9,
                "rating": 2245,
                "global_position": 93,
                "rank": 9
            }
        },
        "ban": null,
        "reports": [],
        "clan": {
            "basicInfo": {
                "name": "Aura eSports",
                "tag": "aura"
            },
            "id": 79820,
            "memberRank": 10
        }
    }
]