[
    {
        "basicInfo": {
            "userID": 135368323,
            "name": "Fanaticuzinho",
            "userType": 1,
            "iconID": 67,
            "level": 120
        },
        "userSettings": {
            "blockFriendRequests": false,
            "block_clan_requests": false,
            "equipped_emblem": 67
        },
        "friendStatus": 0,
        "stats": {
            "seasonal_stats": [
                {
                    "season": 0,
                    "ranked": {
                        "k": 1153,
                        "d": 574,
                        "a": 147,
                        "w": 44,
                        "l": 30
                    },
                    "casual": {
                        "k": 0,
                        "d": 0,
                        "a": 0,
                        "w": 0,
                        "l": 0
                    },
                    "custom": {
                        "k": 4423,
                        "d": 2598,
                        "a": 342,
                        "w": 0,
                        "l": 0
                    }
                },
                {
                    "season": 1,
                    "ranked": {
                        "k": 118,
                        "d": 47,
                        "a": 13,
                        "w": 6,
                        "l": 1
                    },
                    "casual": {
                        "k": 0,
                        "d": 0,
                        "a": 0,
                        "w": 2,
                        "l": 1
                    },
                    "custom": {
                        "k": 0,
                        "d": 0,
                        "a": 0,
                        "w": 0,
                        "l": 0
                    }
                },
                {
                    "season": 2,
                    "ranked": {
                        "k": 5379,
                        "d": 3927,
                        "a": 776,
                        "w": 236,
                        "l": 165
                    },
                    "casual": {
                        "k": 0,
                        "d": 0,
                        "a": 0,
                        "w": 15,
                        "l": 21
                    },
                    "custom": {
                        "k": 0,
                        "d": 0,
                        "a": 0,
                        "w": 0,
                        "l": 0
                    }
                },
                {
                    "season": 3,
                    "ranked": {
                        "k": 3546,
                        "d": 2979,
                        "a": 473,
                        "w": 120,
                        "l": 77
                    },
                    "casual": {
                        "k": 416,
                        "d": 181,
                        "a": 20,
                        "w": 8,
                        "l": 0
                    },
                    "custom": {
                        "k": 62,
                        "d": 52,
                        "a": 5,
                        "w": 0,
                        "l": 0
                    }
                },
                {
                    "season": 4,
                    "ranked": {
                        "k": 602,
                        "d": 574,
                        "a": 83,
                        "w": 24,
                        "l": 13
                    },
                    "casual": {
                        "k": 64,
                        "d": 32,
                        "a": 5,
                        "w": 0,
                        "l": 0
                    },
                    "custom": {
                        "k": 54,
                        "d": 44,
                        "a": 6,
                        "w": 0,
                        "l": 0
                    }
                },
                {
                    "season": 5,
                    "ranked": {
                        "k": 49,
                        "d": 29,
                        "a": 3,
                        "w": 2,
                        "l": 0
                    },
                    "casual": {
                        "k": 311,
                        "d": 92,
                        "a": 14,
                        "w": 5,
                        "l": 0
                    },
                    "custom": {
                        "k": 0,
                        "d": 0,
                        "a": 0,
                        "w": 0,
                        "l": 0
                    }
                },
                {
                    "season": 6,
                    "ranked": {
                        "k": 212,
                        "d": 205,
                        "a": 36,
                        "w": 11,
                        "l": 1
                    },
                    "casual": {
                        "k": 29,
                        "d": 15,
                        "a": 6,
                        "w": 1,
                        "l": 0
                    },
                    "custom": {
                        "k": 0,
                        "d": 0,
                        "a": 0,
                        "w": 0,
                        "l": 0
                    }
                }
            ],
            "ranked": {
                "placement_matches_left": 0,
                "highest_rank": 9,
                "rating": 2176,
                "global_position": 229,
                "rank": 9
            }
        },
        "ban": null,
        "reports": [],
        "clan": {
            "basicInfo": {
                "name": "wnss",
                "tag": "wnss"
            },
            "id": 88218,
            "memberRank": 10
        }
    }
]