[
    {
        "basicInfo": {
            "userID": 166115799,
            "name": "Faultless",
            "userType": 1,
            "iconID": 302,
            "level": 533
        },
        "userSettings": {
            "blockFriendRequests": false,
            "block_clan_requests": false,
            "equipped_emblem": 302
        },
        "friendStatus": 0,
        "stats": {
            "seasonal_stats": [
                {
                    "season": 0,
                    "ranked": {
                        "k": 0,
                        "d": 0,
                        "a": 0,
                        "w": 0,
                        "l": 0
                    },
                    "casual": {
                        "k": 0,
                        "d": 0,
                        "a": 0,
                        "w": 0,
                        "l": 0
                    },
                    "custom": {
                        "k": 10203,
                        "d": 7681,
                        "a": 1289,
                        "w": 0,
                        "l": 0
                    }
                },
                {
                    "season": 1,
                    "ranked": {
                        "k": 0,
                        "d": 0,
                        "a": 0,
                        "w": 0,
                        "l": 0
                    },
                    "casual": {
                        "k": 0,
                        "d": 0,
                        "a": 0,
                        "w": 0,
                        "l": 0
                    },
                    "custom": {
                        "k": 0,
                        "d": 0,
                        "a": 0,
                        "w": 0,
                        "l": 0
                    }
                },
                {
                    "season": 2,
                    "ranked": {
                        "k": 5331,
                        "d": 4733,
                        "a": 705,
                        "w": 257,
                        "l": 256
                    },
                    "casual": {
                        "k": 44,
                        "d": 28,
                        "a": 2,
                        "w": 400,
                        "l": 305
                    },
                    "custom": {
                        "k": 0,
                        "d": 4,
                        "a": 0,
                        "w": 0,
                        "l": 0
                    }
                },
                {
                    "season": 3,
                    "ranked": {
                        "k": 2316,
                        "d": 1883,
                        "a": 250,
                        "w": 74,
                        "l": 61
                    },
                    "casual": {
                        "k": 19325,
                        "d": 10788,
                        "a": 1845,
                        "w": 633,
                        "l": 350
                    },
                    "custom": {
                        "k": 4905,
                        "d": 4394,
                        "a": 327,
                        "w": 0,
                        "l": 0
                    }
                },
                {
                    "season": 4,
                    "ranked": {
                        "k": 2790,
                        "d": 2511,
                        "a": 345,
                        "w": 101,
                        "l": 65
                    },
                    "casual": {
                        "k": 11586,
                        "d": 4808,
                        "a": 799,
                        "w": 265,
                        "l": 55
                    },
                    "custom": {
                        "k": 13303,
                        "d": 7760,
                        "a": 768,
                        "w": 0,
                        "l": 0
                    }
                },
                {
                    "season": 5,
                    "ranked": {
                        "k": 3935,
                        "d": 3258,
                        "a": 482,
                        "w": 145,
                        "l": 71
                    },
                    "casual": {
                        "k": 5074,
                        "d": 2184,
                        "a": 330,
                        "w": 63,
                        "l": 20
                    },
                    "custom": {
                        "k": 4513,
                        "d": 4232,
                        "a": 450,
                        "w": 0,
                        "l": 0
                    }
                },
                {
                    "season": 6,
                    "ranked": {
                        "k": 452,
                        "d": 353,
                        "a": 52,
                        "w": 23,
                        "l": 4
                    },
                    "casual": {
                        "k": 2355,
                        "d": 915,
                        "a": 166,
                        "w": 33,
                        "l": 6
                    },
                    "custom": {
                        "k": 1465,
                        "d": 1525,
                        "a": 253,
                        "w": 0,
                        "l": 0
                    }
                }
            ],
            "ranked": {
                "placement_matches_left": 0,
                "highest_rank": 9,
                "rating": 2324,
                "global_position": 34,
                "rank": 9
            }
        },
        "ban": null,
        "reports": [],
        "clan": {
            "basicInfo": {
                "name": "REIGN",
                "tag": "RGN"
            },
            "id": 4439,
            "memberRank": 10
        }
    }
]