[
    {
        "basicInfo": {
            "userID": 13121190,
            "name": "Fayad",
            "userType": 1,
            "iconID": 23,
            "level": 324
        },
        "userSettings": {
            "blockFriendRequests": true,
            "block_clan_requests": true,
            "equipped_emblem": 23
        },
        "friendStatus": 0,
        "stats": {
            "seasonal_stats": [
                {
                    "season": 0,
                    "ranked": {
                        "k": 2413,
                        "d": 2199,
                        "a": 315,
                        "w": 125,
                        "l": 68
                    },
                    "casual": {
                        "k": 0,
                        "d": 0,
                        "a": 0,
                        "w": 0,
                        "l": 0
                    },
                    "custom": {
                        "k": 29522,
                        "d": 16637,
                        "a": 2477,
                        "w": 0,
                        "l": 0
                    }
                },
                {
                    "season": 1,
                    "ranked": {
                        "k": 214,
                        "d": 189,
                        "a": 25,
                        "w": 10,
                        "l": 10
                    },
                    "casual": {
                        "k": 0,
                        "d": 0,
                        "a": 0,
                        "w": 128,
                        "l": 69
                    },
                    "custom": {
                        "k": 0,
                        "d": 0,
                        "a": 0,
                        "w": 0,
                        "l": 0
                    }
                },
                {
                    "season": 2,
                    "ranked": {
                        "k": 2564,
                        "d": 1476,
                        "a": 307,
                        "w": 111,
                        "l": 56
                    },
                    "casual": {
                        "k": 0,
                        "d": 0,
                        "a": 0,
                        "w": 244,
                        "l": 73
                    },
                    "custom": {
                        "k": 0,
                        "d": 0,
                        "a": 0,
                        "w": 0,
                        "l": 0
                    }
                },
                {
                    "season": 3,
                    "ranked": {
                        "k": 414,
                        "d": 268,
                        "a": 52,
                        "w": 18,
                        "l": 5
                    },
                    "casual": {
                        "k": 8204,
                        "d": 2957,
                        "a": 531,
                        "w": 100,
                        "l": 21
                    },
                    "custom": {
                        "k": 13198,
                        "d": 8642,
                        "a": 1055,
                        "w": 0,
                        "l": 0
                    }
                },
                {
                    "season": 4,
                    "ranked": {
                        "k": 2968,
                        "d": 2415,
                        "a": 408,
                        "w": 88,
                        "l": 75
                    },
                    "casual": {
                        "k": 7749,
                        "d": 3217,
                        "a": 507,
                        "w": 59,
                        "l": 10
                    },
                    "custom": {
                        "k": 14407,
                        "d": 10058,
                        "a": 937,
                        "w": 0,
                        "l": 0
                    }
                },
                {
                    "season": 5,
                    "ranked": {
                        "k": 2491,
                        "d": 2174,
                        "a": 344,
                        "w": 71,
                        "l": 67
                    },
                    "casual": {
                        "k": 4331,
                        "d": 1795,
                        "a": 281,
                        "w": 7,
                        "l": 2
                    },
                    "custom": {
                        "k": 14874,
                        "d": 10759,
                        "a": 1000,
                        "w": 0,
                        "l": 0
                    }
                },
                {
                    "season": 6,
                    "ranked": {
                        "k": 522,
                        "d": 425,
                        "a": 74,
                        "w": 24,
                        "l": 5
                    },
                    "casual": {
                        "k": 1128,
                        "d": 416,
                        "a": 47,
                        "w": 0,
                        "l": 0
                    },
                    "custom": {
                        "k": 3000,
                        "d": 2206,
                        "a": 212,
                        "w": 0,
                        "l": 0
                    }
                }
            ],
            "ranked": {
                "placement_matches_left": 0,
                "highest_rank": 9,
                "rating": 2183,
                "global_position": 209,
                "rank": 9
            }
        },
        "ban": null,
        "reports": []
    }
]