[
    {
        "basicInfo": {
            "userID": 35782306,
            "name": "FeIine",
            "userType": 1,
            "iconID": 1,
            "level": 367
        },
        "userSettings": {
            "blockFriendRequests": true,
            "block_clan_requests": false,
            "equipped_emblem": 1
        },
        "friendStatus": 0,
        "stats": {
            "seasonal_stats": [
                {
                    "season": 0,
                    "ranked": {
                        "k": 3222,
                        "d": 2953,
                        "a": 453,
                        "w": 164,
                        "l": 130
                    },
                    "casual": {
                        "k": 0,
                        "d": 0,
                        "a": 0,
                        "w": 0,
                        "l": 0
                    },
                    "custom": {
                        "k": 50197,
                        "d": 35165,
                        "a": 3921,
                        "w": 0,
                        "l": 0
                    }
                },
                {
                    "season": 1,
                    "ranked": {
                        "k": 3404,
                        "d": 3054,
                        "a": 455,
                        "w": 175,
                        "l": 145
                    },
                    "casual": {
                        "k": 0,
                        "d": 0,
                        "a": 0,
                        "w": 117,
                        "l": 37
                    },
                    "custom": {
                        "k": 0,
                        "d": 0,
                        "a": 0,
                        "w": 0,
                        "l": 0
                    }
                },
                {
                    "season": 2,
                    "ranked": {
                        "k": 8831,
                        "d": 6756,
                        "a": 990,
                        "w": 412,
                        "l": 321
                    },
                    "casual": {
                        "k": 0,
                        "d": 0,
                        "a": 0,
                        "w": 169,
                        "l": 57
                    },
                    "custom": {
                        "k": 134,
                        "d": 123,
                        "a": 3,
                        "w": 0,
                        "l": 0
                    }
                },
                {
                    "season": 3,
                    "ranked": {
                        "k": 4639,
                        "d": 3205,
                        "a": 591,
                        "w": 215,
                        "l": 55
                    },
                    "casual": {
                        "k": 15665,
                        "d": 6987,
                        "a": 950,
                        "w": 310,
                        "l": 61
                    },
                    "custom": {
                        "k": 7161,
                        "d": 4233,
                        "a": 395,
                        "w": 0,
                        "l": 0
                    }
                },
                {
                    "season": 4,
                    "ranked": {
                        "k": 1552,
                        "d": 1119,
                        "a": 191,
                        "w": 65,
                        "l": 23
                    },
                    "casual": {
                        "k": 23235,
                        "d": 9785,
                        "a": 1162,
                        "w": 334,
                        "l": 69
                    },
                    "custom": {
                        "k": 10747,
                        "d": 6925,
                        "a": 828,
                        "w": 0,
                        "l": 0
                    }
                },
                {
                    "season": 5,
                    "ranked": {
                        "k": 861,
                        "d": 544,
                        "a": 86,
                        "w": 34,
                        "l": 11
                    },
                    "casual": {
                        "k": 13690,
                        "d": 4756,
                        "a": 669,
                        "w": 78,
                        "l": 16
                    },
                    "custom": {
                        "k": 2718,
                        "d": 1632,
                        "a": 208,
                        "w": 0,
                        "l": 0
                    }
                },
                {
                    "season": 6,
                    "ranked": {
                        "k": 190,
                        "d": 117,
                        "a": 23,
                        "w": 8,
                        "l": 2
                    },
                    "casual": {
                        "k": 4983,
                        "d": 1743,
                        "a": 264,
                        "w": 8,
                        "l": 3
                    },
                    "custom": {
                        "k": 327,
                        "d": 308,
                        "a": 28,
                        "w": 0,
                        "l": 0
                    }
                }
            ],
            "ranked": {
                "placement_matches_left": 0,
                "highest_rank": 9,
                "rating": 2177,
                "global_position": 225,
                "rank": 9
            }
        },
        "ban": null,
        "reports": [],
        "clan": {
            "basicInfo": {
                "name": "Team Donkeys",
                "tag": "donk"
            },
            "id": 90837,
            "memberRank": 40
        }
    }
]