[
    {
        "basicInfo": {
            "userID": 33479344,
            "name": "FhriX",
            "userType": 1,
            "iconID": 180,
            "level": 473
        },
        "userSettings": {
            "blockFriendRequests": false,
            "block_clan_requests": false,
            "equipped_emblem": 24
        },
        "friendStatus": 0,
        "stats": {
            "seasonal_stats": [
                {
                    "season": 0,
                    "ranked": {
                        "k": 9274,
                        "d": 5397,
                        "a": 1108,
                        "w": 408,
                        "l": 271
                    },
                    "casual": {
                        "k": 0,
                        "d": 0,
                        "a": 0,
                        "w": 0,
                        "l": 0
                    },
                    "custom": {
                        "k": 92178,
                        "d": 45204,
                        "a": 7419,
                        "w": 0,
                        "l": 0
                    }
                },
                {
                    "season": 1,
                    "ranked": {
                        "k": 1333,
                        "d": 932,
                        "a": 158,
                        "w": 70,
                        "l": 36
                    },
                    "casual": {
                        "k": 0,
                        "d": 0,
                        "a": 0,
                        "w": 148,
                        "l": 29
                    },
                    "custom": {
                        "k": 0,
                        "d": 0,
                        "a": 0,
                        "w": 0,
                        "l": 0
                    }
                },
                {
                    "season": 2,
                    "ranked": {
                        "k": 4036,
                        "d": 3213,
                        "a": 459,
                        "w": 195,
                        "l": 140
                    },
                    "casual": {
                        "k": 10,
                        "d": 6,
                        "a": 1,
                        "w": 253,
                        "l": 86
                    },
                    "custom": {
                        "k": 68,
                        "d": 68,
                        "a": 12,
                        "w": 0,
                        "l": 0
                    }
                },
                {
                    "season": 3,
                    "ranked": {
                        "k": 2910,
                        "d": 2430,
                        "a": 387,
                        "w": 129,
                        "l": 47
                    },
                    "casual": {
                        "k": 5913,
                        "d": 2358,
                        "a": 358,
                        "w": 95,
                        "l": 40
                    },
                    "custom": {
                        "k": 4204,
                        "d": 3949,
                        "a": 484,
                        "w": 0,
                        "l": 0
                    }
                },
                {
                    "season": 4,
                    "ranked": {
                        "k": 1435,
                        "d": 1322,
                        "a": 176,
                        "w": 51,
                        "l": 43
                    },
                    "casual": {
                        "k": 11328,
                        "d": 4048,
                        "a": 784,
                        "w": 213,
                        "l": 45
                    },
                    "custom": {
                        "k": 7124,
                        "d": 7163,
                        "a": 752,
                        "w": 0,
                        "l": 0
                    }
                },
                {
                    "season": 5,
                    "ranked": {
                        "k": 780,
                        "d": 641,
                        "a": 91,
                        "w": 33,
                        "l": 14
                    },
                    "casual": {
                        "k": 5045,
                        "d": 1871,
                        "a": 331,
                        "w": 88,
                        "l": 19
                    },
                    "custom": {
                        "k": 998,
                        "d": 904,
                        "a": 78,
                        "w": 0,
                        "l": 0
                    }
                },
                {
                    "season": 6,
                    "ranked": {
                        "k": 2492,
                        "d": 1950,
                        "a": 336,
                        "w": 109,
                        "l": 44
                    },
                    "casual": {
                        "k": 3289,
                        "d": 1145,
                        "a": 227,
                        "w": 45,
                        "l": 16
                    },
                    "custom": {
                        "k": 1788,
                        "d": 1715,
                        "a": 250,
                        "w": 0,
                        "l": 0
                    }
                }
            ],
            "ranked": {
                "placement_matches_left": 0,
                "highest_rank": 9,
                "rating": 2197,
                "global_position": 172,
                "rank": 9
            }
        },
        "ban": null,
        "reports": [],
        "clan": {
            "basicInfo": {
                "name": "euphoria",
                "tag": "euph"
            },
            "id": 86333,
            "memberRank": 10
        }
    }
]