[
    {
        "basicInfo": {
            "userID": 52416029,
            "name": "Fntsy X",
            "userType": 1,
            "iconID": 243,
            "level": 518
        },
        "userSettings": {
            "blockFriendRequests": false,
            "block_clan_requests": false,
            "equipped_emblem": 243
        },
        "friendStatus": 0,
        "stats": {
            "seasonal_stats": [
                {
                    "season": 0,
                    "ranked": {
                        "k": 23552,
                        "d": 16346,
                        "a": 2502,
                        "w": 1025,
                        "l": 776
                    },
                    "casual": {
                        "k": 0,
                        "d": 0,
                        "a": 0,
                        "w": 2,
                        "l": 5
                    },
                    "custom": {
                        "k": 130349,
                        "d": 54133,
                        "a": 7375,
                        "w": 0,
                        "l": 0
                    }
                },
                {
                    "season": 1,
                    "ranked": {
                        "k": 4086,
                        "d": 3045,
                        "a": 450,
                        "w": 188,
                        "l": 140
                    },
                    "casual": {
                        "k": 0,
                        "d": 0,
                        "a": 0,
                        "w": 274,
                        "l": 18
                    },
                    "custom": {
                        "k": 0,
                        "d": 0,
                        "a": 0,
                        "w": 0,
                        "l": 0
                    }
                },
                {
                    "season": 2,
                    "ranked": {
                        "k": 12370,
                        "d": 9416,
                        "a": 1502,
                        "w": 555,
                        "l": 423
                    },
                    "casual": {
                        "k": 0,
                        "d": 0,
                        "a": 0,
                        "w": 361,
                        "l": 77
                    },
                    "custom": {
                        "k": 0,
                        "d": 0,
                        "a": 0,
                        "w": 0,
                        "l": 0
                    }
                },
                {
                    "season": 3,
                    "ranked": {
                        "k": 2838,
                        "d": 2260,
                        "a": 352,
                        "w": 101,
                        "l": 61
                    },
                    "casual": {
                        "k": 19331,
                        "d": 7237,
                        "a": 1283,
                        "w": 277,
                        "l": 85
                    },
                    "custom": {
                        "k": 8129,
                        "d": 7432,
                        "a": 896,
                        "w": 0,
                        "l": 0
                    }
                },
                {
                    "season": 4,
                    "ranked": {
                        "k": 4050,
                        "d": 4019,
                        "a": 594,
                        "w": 164,
                        "l": 109
                    },
                    "casual": {
                        "k": 19405,
                        "d": 6492,
                        "a": 1106,
                        "w": 247,
                        "l": 32
                    },
                    "custom": {
                        "k": 23570,
                        "d": 4788,
                        "a": 508,
                        "w": 0,
                        "l": 0
                    }
                },
                {
                    "season": 5,
                    "ranked": {
                        "k": 3098,
                        "d": 2763,
                        "a": 414,
                        "w": 100,
                        "l": 84
                    },
                    "casual": {
                        "k": 7566,
                        "d": 2872,
                        "a": 465,
                        "w": 54,
                        "l": 20
                    },
                    "custom": {
                        "k": 1714,
                        "d": 1879,
                        "a": 120,
                        "w": 0,
                        "l": 0
                    }
                },
                {
                    "season": 6,
                    "ranked": {
                        "k": 1202,
                        "d": 992,
                        "a": 165,
                        "w": 49,
                        "l": 22
                    },
                    "casual": {
                        "k": 319,
                        "d": 131,
                        "a": 26,
                        "w": 2,
                        "l": 0
                    },
                    "custom": {
                        "k": 230,
                        "d": 179,
                        "a": 32,
                        "w": 0,
                        "l": 0
                    }
                }
            ],
            "ranked": {
                "placement_matches_left": 0,
                "highest_rank": 9,
                "rating": 2184,
                "global_position": 204,
                "rank": 9
            }
        },
        "ban": null,
        "reports": [],
        "clan": {
            "basicInfo": {
                "name": "Team Northless",
                "tag": "nths"
            },
            "id": 83965,
            "memberRank": 10
        }
    }
]