[
    {
        "basicInfo": {
            "userID": 32643247,
            "name": "Frxst",
            "userType": 1,
            "iconID": 318,
            "level": 322
        },
        "userSettings": {
            "blockFriendRequests": false,
            "block_clan_requests": false,
            "equipped_emblem": 230
        },
        "friendStatus": 0,
        "stats": {
            "seasonal_stats": [
                {
                    "season": 0,
                    "ranked": {
                        "k": 8063,
                        "d": 8272,
                        "a": 1105,
                        "w": 445,
                        "l": 325
                    },
                    "casual": {
                        "k": 0,
                        "d": 0,
                        "a": 0,
                        "w": 0,
                        "l": 0
                    },
                    "custom": {
                        "k": 73877,
                        "d": 46772,
                        "a": 6437,
                        "w": 0,
                        "l": 0
                    }
                },
                {
                    "season": 1,
                    "ranked": {
                        "k": 300,
                        "d": 192,
                        "a": 39,
                        "w": 14,
                        "l": 7
                    },
                    "casual": {
                        "k": 0,
                        "d": 0,
                        "a": 0,
                        "w": 20,
                        "l": 9
                    },
                    "custom": {
                        "k": 0,
                        "d": 0,
                        "a": 0,
                        "w": 0,
                        "l": 0
                    }
                },
                {
                    "season": 2,
                    "ranked": {
                        "k": 3035,
                        "d": 2694,
                        "a": 394,
                        "w": 156,
                        "l": 117
                    },
                    "casual": {
                        "k": 50,
                        "d": 12,
                        "a": 3,
                        "w": 404,
                        "l": 173
                    },
                    "custom": {
                        "k": 250,
                        "d": 203,
                        "a": 4,
                        "w": 0,
                        "l": 0
                    }
                },
                {
                    "season": 3,
                    "ranked": {
                        "k": 4931,
                        "d": 4460,
                        "a": 655,
                        "w": 163,
                        "l": 132
                    },
                    "casual": {
                        "k": 10959,
                        "d": 4779,
                        "a": 879,
                        "w": 403,
                        "l": 77
                    },
                    "custom": {
                        "k": 7068,
                        "d": 5431,
                        "a": 424,
                        "w": 0,
                        "l": 0
                    }
                },
                {
                    "season": 4,
                    "ranked": {
                        "k": 1890,
                        "d": 1799,
                        "a": 255,
                        "w": 85,
                        "l": 36
                    },
                    "casual": {
                        "k": 4453,
                        "d": 1943,
                        "a": 330,
                        "w": 234,
                        "l": 23
                    },
                    "custom": {
                        "k": 7183,
                        "d": 6056,
                        "a": 554,
                        "w": 0,
                        "l": 0
                    }
                },
                {
                    "season": 5,
                    "ranked": {
                        "k": 696,
                        "d": 469,
                        "a": 73,
                        "w": 36,
                        "l": 4
                    },
                    "casual": {
                        "k": 1276,
                        "d": 598,
                        "a": 90,
                        "w": 35,
                        "l": 4
                    },
                    "custom": {
                        "k": 1759,
                        "d": 1673,
                        "a": 206,
                        "w": 0,
                        "l": 0
                    }
                },
                {
                    "season": 6,
                    "ranked": {
                        "k": 303,
                        "d": 108,
                        "a": 15,
                        "w": 17,
                        "l": 0
                    },
                    "casual": {
                        "k": 478,
                        "d": 226,
                        "a": 36,
                        "w": 14,
                        "l": 2
                    },
                    "custom": {
                        "k": 934,
                        "d": 769,
                        "a": 91,
                        "w": 0,
                        "l": 0
                    }
                }
            ],
            "ranked": {
                "placement_matches_left": 0,
                "highest_rank": 9,
                "rating": 2377,
                "global_position": 16,
                "rank": 9
            }
        },
        "ban": null,
        "reports": [],
        "clan": {
            "basicInfo": {
                "name": "Nomical",
                "tag": "NMCL"
            },
            "id": 114947,
            "memberRank": 40
        }
    }
]