[
    {
        "basicInfo": {
            "userID": 183290177,
            "name": "FullDolbaeb",
            "userType": 1,
            "iconID": 251,
            "level": 387
        },
        "userSettings": {
            "blockFriendRequests": false,
            "block_clan_requests": false,
            "equipped_emblem": 317
        },
        "friendStatus": 0,
        "stats": {
            "seasonal_stats": [
                {
                    "season": 0,
                    "ranked": {
                        "k": 0,
                        "d": 0,
                        "a": 0,
                        "w": 0,
                        "l": 0
                    },
                    "casual": {
                        "k": 0,
                        "d": 0,
                        "a": 0,
                        "w": 0,
                        "l": 0
                    },
                    "custom": {
                        "k": 0,
                        "d": 0,
                        "a": 0,
                        "w": 0,
                        "l": 0
                    }
                },
                {
                    "season": 1,
                    "ranked": {
                        "k": 0,
                        "d": 0,
                        "a": 0,
                        "w": 0,
                        "l": 0
                    },
                    "casual": {
                        "k": 0,
                        "d": 0,
                        "a": 0,
                        "w": 0,
                        "l": 0
                    },
                    "custom": {
                        "k": 0,
                        "d": 0,
                        "a": 0,
                        "w": 0,
                        "l": 0
                    }
                },
                {
                    "season": 2,
                    "ranked": {
                        "k": 0,
                        "d": 0,
                        "a": 0,
                        "w": 0,
                        "l": 0
                    },
                    "casual": {
                        "k": 0,
                        "d": 0,
                        "a": 0,
                        "w": 0,
                        "l": 0
                    },
                    "custom": {
                        "k": 0,
                        "d": 0,
                        "a": 0,
                        "w": 0,
                        "l": 0
                    }
                },
                {
                    "season": 3,
                    "ranked": {
                        "k": 272,
                        "d": 83,
                        "a": 11,
                        "w": 8,
                        "l": 2
                    },
                    "casual": {
                        "k": 391,
                        "d": 133,
                        "a": 21,
                        "w": 9,
                        "l": 2
                    },
                    "custom": {
                        "k": 0,
                        "d": 0,
                        "a": 0,
                        "w": 0,
                        "l": 0
                    }
                },
                {
                    "season": 4,
                    "ranked": {
                        "k": 5795,
                        "d": 4049,
                        "a": 610,
                        "w": 201,
                        "l": 124
                    },
                    "casual": {
                        "k": 53074,
                        "d": 15815,
                        "a": 3371,
                        "w": 1043,
                        "l": 131
                    },
                    "custom": {
                        "k": 1173,
                        "d": 859,
                        "a": 81,
                        "w": 0,
                        "l": 0
                    }
                },
                {
                    "season": 5,
                    "ranked": {
                        "k": 7402,
                        "d": 5326,
                        "a": 914,
                        "w": 225,
                        "l": 190
                    },
                    "casual": {
                        "k": 26511,
                        "d": 9545,
                        "a": 1940,
                        "w": 234,
                        "l": 47
                    },
                    "custom": {
                        "k": 90,
                        "d": 43,
                        "a": 6,
                        "w": 0,
                        "l": 0
                    }
                },
                {
                    "season": 6,
                    "ranked": {
                        "k": 4427,
                        "d": 3149,
                        "a": 713,
                        "w": 178,
                        "l": 83
                    },
                    "casual": {
                        "k": 16370,
                        "d": 5794,
                        "a": 1095,
                        "w": 142,
                        "l": 25
                    },
                    "custom": {
                        "k": 196,
                        "d": 101,
                        "a": 6,
                        "w": 0,
                        "l": 0
                    }
                }
            ],
            "ranked": {
                "placement_matches_left": 0,
                "highest_rank": 9,
                "rating": 2182,
                "global_position": 211,
                "rank": 9
            }
        },
        "ban": null,
        "reports": []
    }
]