[
    {
        "basicInfo": {
            "userID": 160779813,
            "name": "Furious",
            "userType": 1,
            "iconID": 0,
            "level": 121
        },
        "userSettings": {
            "blockFriendRequests": false,
            "block_clan_requests": false,
            "equipped_emblem": 184
        },
        "friendStatus": 0,
        "stats": {
            "seasonal_stats": [
                {
                    "season": 0,
                    "ranked": {
                        "k": 0,
                        "d": 0,
                        "a": 0,
                        "w": 0,
                        "l": 0
                    },
                    "casual": {
                        "k": 0,
                        "d": 0,
                        "a": 0,
                        "w": 0,
                        "l": 0
                    },
                    "custom": {
                        "k": 8027,
                        "d": 4563,
                        "a": 571,
                        "w": 0,
                        "l": 0
                    }
                },
                {
                    "season": 1,
                    "ranked": {
                        "k": 0,
                        "d": 0,
                        "a": 0,
                        "w": 0,
                        "l": 0
                    },
                    "casual": {
                        "k": 0,
                        "d": 0,
                        "a": 0,
                        "w": 0,
                        "l": 0
                    },
                    "custom": {
                        "k": 0,
                        "d": 0,
                        "a": 0,
                        "w": 0,
                        "l": 0
                    }
                },
                {
                    "season": 2,
                    "ranked": {
                        "k": 3736,
                        "d": 2980,
                        "a": 458,
                        "w": 191,
                        "l": 118
                    },
                    "casual": {
                        "k": 0,
                        "d": 0,
                        "a": 0,
                        "w": 75,
                        "l": 34
                    },
                    "custom": {
                        "k": 0,
                        "d": 0,
                        "a": 0,
                        "w": 0,
                        "l": 0
                    }
                },
                {
                    "season": 3,
                    "ranked": {
                        "k": 918,
                        "d": 803,
                        "a": 132,
                        "w": 33,
                        "l": 24
                    },
                    "casual": {
                        "k": 2723,
                        "d": 903,
                        "a": 175,
                        "w": 35,
                        "l": 14
                    },
                    "custom": {
                        "k": 1111,
                        "d": 766,
                        "a": 118,
                        "w": 0,
                        "l": 0
                    }
                },
                {
                    "season": 4,
                    "ranked": {
                        "k": 1023,
                        "d": 751,
                        "a": 127,
                        "w": 30,
                        "l": 26
                    },
                    "casual": {
                        "k": 728,
                        "d": 309,
                        "a": 48,
                        "w": 9,
                        "l": 2
                    },
                    "custom": {
                        "k": 169,
                        "d": 158,
                        "a": 17,
                        "w": 0,
                        "l": 0
                    }
                },
                {
                    "season": 5,
                    "ranked": {
                        "k": 1518,
                        "d": 1030,
                        "a": 222,
                        "w": 74,
                        "l": 14
                    },
                    "casual": {
                        "k": 3309,
                        "d": 1211,
                        "a": 179,
                        "w": 37,
                        "l": 10
                    },
                    "custom": {
                        "k": 2225,
                        "d": 1613,
                        "a": 255,
                        "w": 0,
                        "l": 0
                    }
                },
                {
                    "season": 6,
                    "ranked": {
                        "k": 591,
                        "d": 423,
                        "a": 102,
                        "w": 31,
                        "l": 5
                    },
                    "casual": {
                        "k": 297,
                        "d": 77,
                        "a": 16,
                        "w": 2,
                        "l": 0
                    },
                    "custom": {
                        "k": 64,
                        "d": 63,
                        "a": 19,
                        "w": 0,
                        "l": 0
                    }
                }
            ],
            "ranked": {
                "placement_matches_left": 0,
                "highest_rank": 8,
                "rating": 2314,
                "global_position": 37,
                "rank": 9
            }
        },
        "ban": null,
        "reports": [],
        "clan": {
            "basicInfo": {
                "name": "Team 2 Dieu",
                "tag": "dieu"
            },
            "id": 108447,
            "memberRank": 10
        }
    }
]