[
    {
        "basicInfo": {
            "userID": 100081731,
            "name": "Gainsy",
            "userType": 1,
            "iconID": 255,
            "level": 649
        },
        "userSettings": {
            "blockFriendRequests": false,
            "block_clan_requests": false,
            "equipped_emblem": 255
        },
        "friendStatus": 0,
        "stats": {
            "seasonal_stats": [
                {
                    "season": 0,
                    "ranked": {
                        "k": 636,
                        "d": 276,
                        "a": 70,
                        "w": 22,
                        "l": 18
                    },
                    "casual": {
                        "k": 0,
                        "d": 0,
                        "a": 0,
                        "w": 0,
                        "l": 0
                    },
                    "custom": {
                        "k": 197785,
                        "d": 105612,
                        "a": 14726,
                        "w": 0,
                        "l": 0
                    }
                },
                {
                    "season": 1,
                    "ranked": {
                        "k": 1168,
                        "d": 1133,
                        "a": 162,
                        "w": 62,
                        "l": 58
                    },
                    "casual": {
                        "k": 0,
                        "d": 0,
                        "a": 0,
                        "w": 539,
                        "l": 132
                    },
                    "custom": {
                        "k": 0,
                        "d": 0,
                        "a": 0,
                        "w": 0,
                        "l": 0
                    }
                },
                {
                    "season": 2,
                    "ranked": {
                        "k": 16442,
                        "d": 13426,
                        "a": 2312,
                        "w": 746,
                        "l": 585
                    },
                    "casual": {
                        "k": 254,
                        "d": 146,
                        "a": 24,
                        "w": 1185,
                        "l": 377
                    },
                    "custom": {
                        "k": 1022,
                        "d": 576,
                        "a": 71,
                        "w": 2,
                        "l": 2
                    }
                },
                {
                    "season": 3,
                    "ranked": {
                        "k": 2647,
                        "d": 1921,
                        "a": 339,
                        "w": 97,
                        "l": 34
                    },
                    "casual": {
                        "k": 17772,
                        "d": 6002,
                        "a": 1092,
                        "w": 91,
                        "l": 17
                    },
                    "custom": {
                        "k": 12658,
                        "d": 7215,
                        "a": 636,
                        "w": 0,
                        "l": 0
                    }
                },
                {
                    "season": 4,
                    "ranked": {
                        "k": 5672,
                        "d": 4376,
                        "a": 599,
                        "w": 175,
                        "l": 124
                    },
                    "casual": {
                        "k": 10647,
                        "d": 3084,
                        "a": 568,
                        "w": 46,
                        "l": 3
                    },
                    "custom": {
                        "k": 8879,
                        "d": 5653,
                        "a": 682,
                        "w": 0,
                        "l": 0
                    }
                },
                {
                    "season": 5,
                    "ranked": {
                        "k": 4330,
                        "d": 3441,
                        "a": 541,
                        "w": 136,
                        "l": 91
                    },
                    "casual": {
                        "k": 6027,
                        "d": 1911,
                        "a": 342,
                        "w": 3,
                        "l": 2
                    },
                    "custom": {
                        "k": 6929,
                        "d": 5907,
                        "a": 301,
                        "w": 0,
                        "l": 0
                    }
                },
                {
                    "season": 6,
                    "ranked": {
                        "k": 2734,
                        "d": 1956,
                        "a": 413,
                        "w": 97,
                        "l": 40
                    },
                    "casual": {
                        "k": 3256,
                        "d": 1032,
                        "a": 162,
                        "w": 11,
                        "l": 1
                    },
                    "custom": {
                        "k": 2110,
                        "d": 1879,
                        "a": 237,
                        "w": 0,
                        "l": 0
                    }
                }
            ],
            "ranked": {
                "placement_matches_left": 0,
                "highest_rank": 9,
                "rating": 2194,
                "global_position": 185,
                "rank": 9
            }
        },
        "ban": null,
        "reports": [],
        "clan": {
            "basicInfo": {
                "name": "REIGN",
                "tag": "RGN"
            },
            "id": 4439,
            "memberRank": 10
        }
    }
]