[
    {
        "basicInfo": {
            "userID": 145642886,
            "name": "gIa1ve",
            "userType": 1,
            "iconID": 0,
            "level": 50
        },
        "userSettings": {
            "blockFriendRequests": false,
            "block_clan_requests": false,
            "equipped_emblem": 310
        },
        "friendStatus": 0,
        "stats": {
            "seasonal_stats": [
                {
                    "season": 0,
                    "ranked": {
                        "k": 0,
                        "d": 0,
                        "a": 0,
                        "w": 0,
                        "l": 0
                    },
                    "casual": {
                        "k": 0,
                        "d": 0,
                        "a": 0,
                        "w": 0,
                        "l": 0
                    },
                    "custom": {
                        "k": 3089,
                        "d": 1657,
                        "a": 201,
                        "w": 0,
                        "l": 0
                    }
                },
                {
                    "season": 1,
                    "ranked": {
                        "k": 274,
                        "d": 182,
                        "a": 22,
                        "w": 17,
                        "l": 6
                    },
                    "casual": {
                        "k": 0,
                        "d": 0,
                        "a": 0,
                        "w": 1,
                        "l": 0
                    },
                    "custom": {
                        "k": 0,
                        "d": 0,
                        "a": 0,
                        "w": 0,
                        "l": 0
                    }
                },
                {
                    "season": 2,
                    "ranked": {
                        "k": 43,
                        "d": 17,
                        "a": 5,
                        "w": 3,
                        "l": 0
                    },
                    "casual": {
                        "k": 0,
                        "d": 0,
                        "a": 0,
                        "w": 0,
                        "l": 0
                    },
                    "custom": {
                        "k": 0,
                        "d": 0,
                        "a": 0,
                        "w": 0,
                        "l": 0
                    }
                },
                {
                    "season": 3,
                    "ranked": {
                        "k": 777,
                        "d": 486,
                        "a": 74,
                        "w": 24,
                        "l": 14
                    },
                    "casual": {
                        "k": 54,
                        "d": 16,
                        "a": 3,
                        "w": 2,
                        "l": 0
                    },
                    "custom": {
                        "k": 180,
                        "d": 138,
                        "a": 6,
                        "w": 0,
                        "l": 0
                    }
                },
                {
                    "season": 4,
                    "ranked": {
                        "k": 116,
                        "d": 84,
                        "a": 7,
                        "w": 4,
                        "l": 2
                    },
                    "casual": {
                        "k": 0,
                        "d": 0,
                        "a": 0,
                        "w": 0,
                        "l": 0
                    },
                    "custom": {
                        "k": 150,
                        "d": 109,
                        "a": 11,
                        "w": 0,
                        "l": 0
                    }
                },
                {
                    "season": 5,
                    "ranked": {
                        "k": 525,
                        "d": 414,
                        "a": 55,
                        "w": 20,
                        "l": 8
                    },
                    "casual": {
                        "k": 15,
                        "d": 1,
                        "a": 1,
                        "w": 1,
                        "l": 0
                    },
                    "custom": {
                        "k": 271,
                        "d": 231,
                        "a": 17,
                        "w": 0,
                        "l": 0
                    }
                },
                {
                    "season": 6,
                    "ranked": {
                        "k": 1707,
                        "d": 1263,
                        "a": 252,
                        "w": 81,
                        "l": 15
                    },
                    "casual": {
                        "k": 13,
                        "d": 9,
                        "a": 0,
                        "w": 0,
                        "l": 0
                    },
                    "custom": {
                        "k": 8,
                        "d": 3,
                        "a": 0,
                        "w": 0,
                        "l": 0
                    }
                }
            ],
            "ranked": {
                "placement_matches_left": 0,
                "highest_rank": 9,
                "rating": 2363,
                "global_position": 23,
                "rank": 9
            }
        },
        "ban": null,
        "reports": [],
        "clan": {
            "basicInfo": {
                "name": "medusa",
                "tag": "mdsa"
            },
            "id": 111343,
            "memberRank": 40
        }
    }
]