[
    {
        "basicInfo": {
            "userID": 112727920,
            "name": "GIue",
            "userType": 1,
            "iconID": 24,
            "level": 301
        },
        "userSettings": {
            "blockFriendRequests": false,
            "block_clan_requests": false,
            "equipped_emblem": 317
        },
        "friendStatus": 0,
        "stats": {
            "seasonal_stats": [
                {
                    "season": 0,
                    "ranked": {
                        "k": 8578,
                        "d": 6678,
                        "a": 858,
                        "w": 400,
                        "l": 341
                    },
                    "casual": {
                        "k": 0,
                        "d": 0,
                        "a": 0,
                        "w": 2,
                        "l": 0
                    },
                    "custom": {
                        "k": 47473,
                        "d": 26270,
                        "a": 3512,
                        "w": 0,
                        "l": 0
                    }
                },
                {
                    "season": 1,
                    "ranked": {
                        "k": 2205,
                        "d": 1880,
                        "a": 226,
                        "w": 103,
                        "l": 95
                    },
                    "casual": {
                        "k": 0,
                        "d": 0,
                        "a": 0,
                        "w": 49,
                        "l": 6
                    },
                    "custom": {
                        "k": 0,
                        "d": 0,
                        "a": 0,
                        "w": 0,
                        "l": 0
                    }
                },
                {
                    "season": 2,
                    "ranked": {
                        "k": 5920,
                        "d": 5032,
                        "a": 742,
                        "w": 291,
                        "l": 243
                    },
                    "casual": {
                        "k": 0,
                        "d": 0,
                        "a": 0,
                        "w": 132,
                        "l": 54
                    },
                    "custom": {
                        "k": 970,
                        "d": 741,
                        "a": 78,
                        "w": 0,
                        "l": 0
                    }
                },
                {
                    "season": 3,
                    "ranked": {
                        "k": 2535,
                        "d": 2106,
                        "a": 259,
                        "w": 88,
                        "l": 55
                    },
                    "casual": {
                        "k": 7805,
                        "d": 3654,
                        "a": 646,
                        "w": 112,
                        "l": 41
                    },
                    "custom": {
                        "k": 4685,
                        "d": 4021,
                        "a": 330,
                        "w": 0,
                        "l": 0
                    }
                },
                {
                    "season": 4,
                    "ranked": {
                        "k": 4301,
                        "d": 3936,
                        "a": 515,
                        "w": 137,
                        "l": 126
                    },
                    "casual": {
                        "k": 8419,
                        "d": 3707,
                        "a": 589,
                        "w": 112,
                        "l": 27
                    },
                    "custom": {
                        "k": 3880,
                        "d": 3021,
                        "a": 192,
                        "w": 0,
                        "l": 0
                    }
                },
                {
                    "season": 5,
                    "ranked": {
                        "k": 836,
                        "d": 849,
                        "a": 117,
                        "w": 47,
                        "l": 22
                    },
                    "casual": {
                        "k": 2931,
                        "d": 1481,
                        "a": 270,
                        "w": 11,
                        "l": 4
                    },
                    "custom": {
                        "k": 2832,
                        "d": 2712,
                        "a": 165,
                        "w": 0,
                        "l": 0
                    }
                },
                {
                    "season": 6,
                    "ranked": {
                        "k": 198,
                        "d": 118,
                        "a": 23,
                        "w": 11,
                        "l": 1
                    },
                    "casual": {
                        "k": 89,
                        "d": 56,
                        "a": 9,
                        "w": 1,
                        "l": 0
                    },
                    "custom": {
                        "k": 23,
                        "d": 30,
                        "a": 0,
                        "w": 0,
                        "l": 0
                    }
                }
            ],
            "ranked": {
                "placement_matches_left": 0,
                "highest_rank": 9,
                "rating": 2255,
                "global_position": 82,
                "rank": 9
            }
        },
        "ban": null,
        "reports": [],
        "clan": {
            "basicInfo": {
                "name": "Kings Clan",
                "tag": "King"
            },
            "id": 8,
            "memberRank": 10
        }
    }
]