[
    {
        "basicInfo": {
            "userID": 12894595,
            "name": "Gomes1",
            "userType": 1,
            "iconID": 54,
            "level": 386
        },
        "userSettings": {
            "blockFriendRequests": false,
            "block_clan_requests": false,
            "equipped_emblem": 54
        },
        "friendStatus": 0,
        "stats": {
            "seasonal_stats": [
                {
                    "season": 0,
                    "ranked": {
                        "k": 17632,
                        "d": 13035,
                        "a": 2519,
                        "w": 880,
                        "l": 573
                    },
                    "casual": {
                        "k": 0,
                        "d": 0,
                        "a": 0,
                        "w": 0,
                        "l": 1
                    },
                    "custom": {
                        "k": 261216,
                        "d": 151481,
                        "a": 26932,
                        "w": 0,
                        "l": 0
                    }
                },
                {
                    "season": 1,
                    "ranked": {
                        "k": 2748,
                        "d": 2660,
                        "a": 419,
                        "w": 159,
                        "l": 101
                    },
                    "casual": {
                        "k": 0,
                        "d": 0,
                        "a": 0,
                        "w": 17,
                        "l": 4
                    },
                    "custom": {
                        "k": 0,
                        "d": 0,
                        "a": 0,
                        "w": 0,
                        "l": 0
                    }
                },
                {
                    "season": 2,
                    "ranked": {
                        "k": 10087,
                        "d": 9084,
                        "a": 1405,
                        "w": 546,
                        "l": 359
                    },
                    "casual": {
                        "k": 114,
                        "d": 46,
                        "a": 5,
                        "w": 147,
                        "l": 43
                    },
                    "custom": {
                        "k": 562,
                        "d": 496,
                        "a": 56,
                        "w": 0,
                        "l": 0
                    }
                },
                {
                    "season": 3,
                    "ranked": {
                        "k": 7403,
                        "d": 6409,
                        "a": 984,
                        "w": 295,
                        "l": 136
                    },
                    "casual": {
                        "k": 4201,
                        "d": 1680,
                        "a": 299,
                        "w": 62,
                        "l": 24
                    },
                    "custom": {
                        "k": 8577,
                        "d": 8269,
                        "a": 1207,
                        "w": 0,
                        "l": 0
                    }
                },
                {
                    "season": 4,
                    "ranked": {
                        "k": 4718,
                        "d": 4786,
                        "a": 597,
                        "w": 201,
                        "l": 117
                    },
                    "casual": {
                        "k": 1174,
                        "d": 504,
                        "a": 77,
                        "w": 13,
                        "l": 6
                    },
                    "custom": {
                        "k": 11091,
                        "d": 9662,
                        "a": 1421,
                        "w": 0,
                        "l": 0
                    }
                },
                {
                    "season": 5,
                    "ranked": {
                        "k": 4076,
                        "d": 3776,
                        "a": 623,
                        "w": 163,
                        "l": 83
                    },
                    "casual": {
                        "k": 667,
                        "d": 343,
                        "a": 37,
                        "w": 7,
                        "l": 3
                    },
                    "custom": {
                        "k": 3543,
                        "d": 3052,
                        "a": 302,
                        "w": 0,
                        "l": 0
                    }
                },
                {
                    "season": 6,
                    "ranked": {
                        "k": 1918,
                        "d": 1858,
                        "a": 271,
                        "w": 101,
                        "l": 23
                    },
                    "casual": {
                        "k": 388,
                        "d": 181,
                        "a": 20,
                        "w": 4,
                        "l": 1
                    },
                    "custom": {
                        "k": 991,
                        "d": 704,
                        "a": 69,
                        "w": 0,
                        "l": 0
                    }
                }
            ],
            "ranked": {
                "placement_matches_left": 0,
                "highest_rank": 9,
                "rating": 2287,
                "global_position": 48,
                "rank": 9
            }
        },
        "ban": null,
        "reports": [],
        "clan": {
            "basicInfo": {
                "name": "Insanity Killers",
                "tag": "iK"
            },
            "id": 202,
            "memberRank": 40
        }
    }
]