[
    {
        "basicInfo": {
            "userID": 160958200,
            "name": "Graft",
            "userType": 1,
            "iconID": 318,
            "level": 276
        },
        "userSettings": {
            "blockFriendRequests": true,
            "block_clan_requests": false,
            "equipped_emblem": 316
        },
        "friendStatus": 0,
        "stats": {
            "seasonal_stats": [
                {
                    "season": 0,
                    "ranked": {
                        "k": 0,
                        "d": 0,
                        "a": 0,
                        "w": 0,
                        "l": 0
                    },
                    "casual": {
                        "k": 0,
                        "d": 0,
                        "a": 0,
                        "w": 0,
                        "l": 0
                    },
                    "custom": {
                        "k": 647,
                        "d": 541,
                        "a": 41,
                        "w": 0,
                        "l": 0
                    }
                },
                {
                    "season": 1,
                    "ranked": {
                        "k": 0,
                        "d": 0,
                        "a": 0,
                        "w": 0,
                        "l": 0
                    },
                    "casual": {
                        "k": 0,
                        "d": 0,
                        "a": 0,
                        "w": 0,
                        "l": 0
                    },
                    "custom": {
                        "k": 0,
                        "d": 0,
                        "a": 0,
                        "w": 0,
                        "l": 0
                    }
                },
                {
                    "season": 2,
                    "ranked": {
                        "k": 299,
                        "d": 206,
                        "a": 37,
                        "w": 14,
                        "l": 11
                    },
                    "casual": {
                        "k": 0,
                        "d": 0,
                        "a": 0,
                        "w": 18,
                        "l": 12
                    },
                    "custom": {
                        "k": 0,
                        "d": 0,
                        "a": 0,
                        "w": 0,
                        "l": 0
                    }
                },
                {
                    "season": 3,
                    "ranked": {
                        "k": 4977,
                        "d": 3944,
                        "a": 548,
                        "w": 164,
                        "l": 119
                    },
                    "casual": {
                        "k": 10328,
                        "d": 4661,
                        "a": 878,
                        "w": 190,
                        "l": 78
                    },
                    "custom": {
                        "k": 1118,
                        "d": 1012,
                        "a": 99,
                        "w": 0,
                        "l": 0
                    }
                },
                {
                    "season": 4,
                    "ranked": {
                        "k": 2654,
                        "d": 2429,
                        "a": 327,
                        "w": 80,
                        "l": 80
                    },
                    "casual": {
                        "k": 8141,
                        "d": 4706,
                        "a": 680,
                        "w": 158,
                        "l": 44
                    },
                    "custom": {
                        "k": 2128,
                        "d": 1961,
                        "a": 94,
                        "w": 0,
                        "l": 0
                    }
                },
                {
                    "season": 5,
                    "ranked": {
                        "k": 3986,
                        "d": 3081,
                        "a": 461,
                        "w": 129,
                        "l": 93
                    },
                    "casual": {
                        "k": 6739,
                        "d": 2744,
                        "a": 343,
                        "w": 77,
                        "l": 27
                    },
                    "custom": {
                        "k": 1167,
                        "d": 870,
                        "a": 101,
                        "w": 0,
                        "l": 0
                    }
                },
                {
                    "season": 6,
                    "ranked": {
                        "k": 2050,
                        "d": 1556,
                        "a": 277,
                        "w": 67,
                        "l": 37
                    },
                    "casual": {
                        "k": 63,
                        "d": 37,
                        "a": 3,
                        "w": 0,
                        "l": 1
                    },
                    "custom": {
                        "k": 24,
                        "d": 24,
                        "a": 4,
                        "w": 0,
                        "l": 0
                    }
                }
            ],
            "ranked": {
                "placement_matches_left": 0,
                "highest_rank": 9,
                "rating": 2192,
                "rank": 8
            }
        },
        "ban": {
            "Type": 1,
            "SecondsLeft": 169512
        },
        "reports": [],
        "clan": {
            "basicInfo": {
                "name": "Triodis eSports",
                "tag": "Tods"
            },
            "id": 20669,
            "memberRank": 40
        }
    }
]