[
    {
        "basicInfo": {
            "userID": 69350243,
            "name": "Gssi X",
            "userType": 1,
            "iconID": 318,
            "level": 720
        },
        "userSettings": {
            "blockFriendRequests": false,
            "block_clan_requests": false,
            "equipped_emblem": 316
        },
        "friendStatus": 0,
        "stats": {
            "seasonal_stats": [
                {
                    "season": 0,
                    "ranked": {
                        "k": 10213,
                        "d": 5263,
                        "a": 1081,
                        "w": 528,
                        "l": 189
                    },
                    "casual": {
                        "k": 0,
                        "d": 0,
                        "a": 0,
                        "w": 3,
                        "l": 2
                    },
                    "custom": {
                        "k": 159553,
                        "d": 60406,
                        "a": 10039,
                        "w": 0,
                        "l": 0
                    }
                },
                {
                    "season": 1,
                    "ranked": {
                        "k": 2442,
                        "d": 1375,
                        "a": 300,
                        "w": 129,
                        "l": 47
                    },
                    "casual": {
                        "k": 0,
                        "d": 0,
                        "a": 0,
                        "w": 1348,
                        "l": 331
                    },
                    "custom": {
                        "k": 0,
                        "d": 0,
                        "a": 0,
                        "w": 0,
                        "l": 0
                    }
                },
                {
                    "season": 2,
                    "ranked": {
                        "k": 189,
                        "d": 123,
                        "a": 26,
                        "w": 13,
                        "l": 3
                    },
                    "casual": {
                        "k": 34,
                        "d": 14,
                        "a": 5,
                        "w": 1005,
                        "l": 478
                    },
                    "custom": {
                        "k": 356,
                        "d": 200,
                        "a": 25,
                        "w": 2,
                        "l": 2
                    }
                },
                {
                    "season": 3,
                    "ranked": {
                        "k": 1096,
                        "d": 747,
                        "a": 137,
                        "w": 48,
                        "l": 13
                    },
                    "casual": {
                        "k": 14049,
                        "d": 4331,
                        "a": 979,
                        "w": 534,
                        "l": 148
                    },
                    "custom": {
                        "k": 5073,
                        "d": 3584,
                        "a": 572,
                        "w": 0,
                        "l": 0
                    }
                },
                {
                    "season": 4,
                    "ranked": {
                        "k": 766,
                        "d": 649,
                        "a": 109,
                        "w": 33,
                        "l": 14
                    },
                    "casual": {
                        "k": 15595,
                        "d": 4705,
                        "a": 1019,
                        "w": 591,
                        "l": 86
                    },
                    "custom": {
                        "k": 2461,
                        "d": 1782,
                        "a": 310,
                        "w": 0,
                        "l": 0
                    }
                },
                {
                    "season": 5,
                    "ranked": {
                        "k": 220,
                        "d": 149,
                        "a": 25,
                        "w": 12,
                        "l": 1
                    },
                    "casual": {
                        "k": 17048,
                        "d": 5274,
                        "a": 1175,
                        "w": 467,
                        "l": 51
                    },
                    "custom": {
                        "k": 3188,
                        "d": 2449,
                        "a": 386,
                        "w": 0,
                        "l": 0
                    }
                },
                {
                    "season": 6,
                    "ranked": {
                        "k": 213,
                        "d": 181,
                        "a": 40,
                        "w": 11,
                        "l": 2
                    },
                    "casual": {
                        "k": 1889,
                        "d": 619,
                        "a": 114,
                        "w": 42,
                        "l": 5
                    },
                    "custom": {
                        "k": 1523,
                        "d": 968,
                        "a": 182,
                        "w": 0,
                        "l": 0
                    }
                }
            ],
            "ranked": {
                "placement_matches_left": 0,
                "highest_rank": 9,
                "rating": 2227,
                "global_position": 109,
                "rank": 9
            }
        },
        "ban": null,
        "reports": [],
        "clan": {
            "basicInfo": {
                "name": "Seventeen",
                "tag": "XVIl"
            },
            "id": 59208,
            "memberRank": 10
        }
    }
]