[
    {
        "basicInfo": {
            "userID": 20069858,
            "name": "Guide",
            "userType": 1,
            "iconID": 123,
            "level": 803
        },
        "userSettings": {
            "blockFriendRequests": false,
            "block_clan_requests": false,
            "equipped_emblem": 123
        },
        "friendStatus": 0,
        "stats": {
            "seasonal_stats": [
                {
                    "season": 0,
                    "ranked": {
                        "k": 5189,
                        "d": 3906,
                        "a": 543,
                        "w": 274,
                        "l": 140
                    },
                    "casual": {
                        "k": 0,
                        "d": 0,
                        "a": 0,
                        "w": 0,
                        "l": 0
                    },
                    "custom": {
                        "k": 135542,
                        "d": 51684,
                        "a": 9196,
                        "w": 0,
                        "l": 0
                    }
                },
                {
                    "season": 1,
                    "ranked": {
                        "k": 6563,
                        "d": 3775,
                        "a": 599,
                        "w": 308,
                        "l": 158
                    },
                    "casual": {
                        "k": 0,
                        "d": 0,
                        "a": 0,
                        "w": 540,
                        "l": 92
                    },
                    "custom": {
                        "k": 0,
                        "d": 0,
                        "a": 0,
                        "w": 0,
                        "l": 0
                    }
                },
                {
                    "season": 2,
                    "ranked": {
                        "k": 14750,
                        "d": 9066,
                        "a": 1316,
                        "w": 724,
                        "l": 368
                    },
                    "casual": {
                        "k": 40,
                        "d": 17,
                        "a": 4,
                        "w": 240,
                        "l": 178
                    },
                    "custom": {
                        "k": 195,
                        "d": 150,
                        "a": 4,
                        "w": 0,
                        "l": 0
                    }
                },
                {
                    "season": 3,
                    "ranked": {
                        "k": 6641,
                        "d": 4653,
                        "a": 662,
                        "w": 239,
                        "l": 122
                    },
                    "casual": {
                        "k": 21181,
                        "d": 6729,
                        "a": 1300,
                        "w": 170,
                        "l": 60
                    },
                    "custom": {
                        "k": 9208,
                        "d": 5789,
                        "a": 673,
                        "w": 0,
                        "l": 0
                    }
                },
                {
                    "season": 4,
                    "ranked": {
                        "k": 8993,
                        "d": 6280,
                        "a": 829,
                        "w": 272,
                        "l": 194
                    },
                    "casual": {
                        "k": 13610,
                        "d": 3878,
                        "a": 838,
                        "w": 93,
                        "l": 15
                    },
                    "custom": {
                        "k": 6594,
                        "d": 4516,
                        "a": 529,
                        "w": 0,
                        "l": 0
                    }
                },
                {
                    "season": 5,
                    "ranked": {
                        "k": 5620,
                        "d": 3829,
                        "a": 677,
                        "w": 192,
                        "l": 109
                    },
                    "casual": {
                        "k": 15195,
                        "d": 4145,
                        "a": 847,
                        "w": 112,
                        "l": 12
                    },
                    "custom": {
                        "k": 6480,
                        "d": 3859,
                        "a": 426,
                        "w": 0,
                        "l": 0
                    }
                },
                {
                    "season": 6,
                    "ranked": {
                        "k": 1961,
                        "d": 1310,
                        "a": 278,
                        "w": 96,
                        "l": 18
                    },
                    "casual": {
                        "k": 1613,
                        "d": 431,
                        "a": 100,
                        "w": 3,
                        "l": 0
                    },
                    "custom": {
                        "k": 922,
                        "d": 598,
                        "a": 105,
                        "w": 0,
                        "l": 0
                    }
                }
            ],
            "ranked": {
                "placement_matches_left": 0,
                "highest_rank": 9,
                "rating": 2304,
                "global_position": 42,
                "rank": 9
            }
        },
        "ban": null,
        "reports": [],
        "clan": {
            "basicInfo": {
                "name": "Lemonic",
                "tag": "LNC"
            },
            "id": 38061,
            "memberRank": 10
        }
    }
]