[
    {
        "basicInfo": {
            "userID": 102721887,
            "name": "Halcon-",
            "userType": 1,
            "iconID": 147,
            "level": 722
        },
        "userSettings": {
            "blockFriendRequests": false,
            "block_clan_requests": false,
            "equipped_emblem": 147
        },
        "friendStatus": 0,
        "stats": {
            "seasonal_stats": [
                {
                    "season": 0,
                    "ranked": {
                        "k": 12524,
                        "d": 9177,
                        "a": 1422,
                        "w": 645,
                        "l": 391
                    },
                    "casual": {
                        "k": 0,
                        "d": 0,
                        "a": 0,
                        "w": 0,
                        "l": 0
                    },
                    "custom": {
                        "k": 106966,
                        "d": 58370,
                        "a": 10355,
                        "w": 0,
                        "l": 0
                    }
                },
                {
                    "season": 1,
                    "ranked": {
                        "k": 2340,
                        "d": 1653,
                        "a": 280,
                        "w": 119,
                        "l": 69
                    },
                    "casual": {
                        "k": 0,
                        "d": 0,
                        "a": 0,
                        "w": 183,
                        "l": 63
                    },
                    "custom": {
                        "k": 0,
                        "d": 0,
                        "a": 0,
                        "w": 0,
                        "l": 0
                    }
                },
                {
                    "season": 2,
                    "ranked": {
                        "k": 12567,
                        "d": 9128,
                        "a": 1638,
                        "w": 645,
                        "l": 394
                    },
                    "casual": {
                        "k": 206,
                        "d": 124,
                        "a": 22,
                        "w": 541,
                        "l": 175
                    },
                    "custom": {
                        "k": 81,
                        "d": 83,
                        "a": 15,
                        "w": 0,
                        "l": 0
                    }
                },
                {
                    "season": 3,
                    "ranked": {
                        "k": 3700,
                        "d": 3033,
                        "a": 484,
                        "w": 163,
                        "l": 69
                    },
                    "casual": {
                        "k": 41605,
                        "d": 22928,
                        "a": 3952,
                        "w": 478,
                        "l": 216
                    },
                    "custom": {
                        "k": 9202,
                        "d": 8465,
                        "a": 1227,
                        "w": 0,
                        "l": 0
                    }
                },
                {
                    "season": 4,
                    "ranked": {
                        "k": 3289,
                        "d": 2542,
                        "a": 380,
                        "w": 144,
                        "l": 58
                    },
                    "casual": {
                        "k": 44964,
                        "d": 21112,
                        "a": 3396,
                        "w": 428,
                        "l": 120
                    },
                    "custom": {
                        "k": 11195,
                        "d": 9575,
                        "a": 1345,
                        "w": 0,
                        "l": 0
                    }
                },
                {
                    "season": 5,
                    "ranked": {
                        "k": 4005,
                        "d": 3110,
                        "a": 550,
                        "w": 190,
                        "l": 65
                    },
                    "casual": {
                        "k": 34967,
                        "d": 17416,
                        "a": 2653,
                        "w": 289,
                        "l": 73
                    },
                    "custom": {
                        "k": 4873,
                        "d": 4514,
                        "a": 576,
                        "w": 0,
                        "l": 0
                    }
                },
                {
                    "season": 6,
                    "ranked": {
                        "k": 2449,
                        "d": 1828,
                        "a": 269,
                        "w": 111,
                        "l": 37
                    },
                    "casual": {
                        "k": 11135,
                        "d": 5306,
                        "a": 842,
                        "w": 52,
                        "l": 13
                    },
                    "custom": {
                        "k": 1105,
                        "d": 985,
                        "a": 148,
                        "w": 0,
                        "l": 0
                    }
                }
            ],
            "ranked": {
                "placement_matches_left": 0,
                "highest_rank": 9,
                "rating": 2221,
                "global_position": 128,
                "rank": 9
            }
        },
        "ban": null,
        "reports": []
    }
]