[
    {
        "basicInfo": {
            "userID": 157978694,
            "name": "Harx",
            "userType": 1,
            "iconID": 1,
            "level": 662
        },
        "userSettings": {
            "blockFriendRequests": false,
            "block_clan_requests": false,
            "equipped_emblem": 316
        },
        "friendStatus": 0,
        "stats": {
            "seasonal_stats": [
                {
                    "season": 0,
                    "ranked": {
                        "k": 0,
                        "d": 0,
                        "a": 0,
                        "w": 0,
                        "l": 0
                    },
                    "casual": {
                        "k": 0,
                        "d": 0,
                        "a": 0,
                        "w": 0,
                        "l": 0
                    },
                    "custom": {
                        "k": 25844,
                        "d": 8299,
                        "a": 1210,
                        "w": 0,
                        "l": 0
                    }
                },
                {
                    "season": 1,
                    "ranked": {
                        "k": 0,
                        "d": 0,
                        "a": 0,
                        "w": 0,
                        "l": 0
                    },
                    "casual": {
                        "k": 0,
                        "d": 0,
                        "a": 0,
                        "w": 0,
                        "l": 0
                    },
                    "custom": {
                        "k": 0,
                        "d": 0,
                        "a": 0,
                        "w": 0,
                        "l": 0
                    }
                },
                {
                    "season": 2,
                    "ranked": {
                        "k": 15449,
                        "d": 4834,
                        "a": 921,
                        "w": 370,
                        "l": 320
                    },
                    "casual": {
                        "k": 0,
                        "d": 3,
                        "a": 0,
                        "w": 158,
                        "l": 72
                    },
                    "custom": {
                        "k": 211,
                        "d": 191,
                        "a": 17,
                        "w": 0,
                        "l": 0
                    }
                },
                {
                    "season": 3,
                    "ranked": {
                        "k": 17736,
                        "d": 5590,
                        "a": 1050,
                        "w": 267,
                        "l": 240
                    },
                    "casual": {
                        "k": 7265,
                        "d": 3698,
                        "a": 615,
                        "w": 165,
                        "l": 107
                    },
                    "custom": {
                        "k": 1703,
                        "d": 967,
                        "a": 57,
                        "w": 0,
                        "l": 0
                    }
                },
                {
                    "season": 4,
                    "ranked": {
                        "k": 2929,
                        "d": 1542,
                        "a": 266,
                        "w": 133,
                        "l": 47
                    },
                    "casual": {
                        "k": 10160,
                        "d": 4112,
                        "a": 735,
                        "w": 193,
                        "l": 57
                    },
                    "custom": {
                        "k": 11881,
                        "d": 4973,
                        "a": 356,
                        "w": 0,
                        "l": 0
                    }
                },
                {
                    "season": 5,
                    "ranked": {
                        "k": 5992,
                        "d": 1646,
                        "a": 371,
                        "w": 110,
                        "l": 100
                    },
                    "casual": {
                        "k": 8858,
                        "d": 3746,
                        "a": 648,
                        "w": 115,
                        "l": 29
                    },
                    "custom": {
                        "k": 3678,
                        "d": 3086,
                        "a": 188,
                        "w": 0,
                        "l": 0
                    }
                },
                {
                    "season": 6,
                    "ranked": {
                        "k": 839,
                        "d": 600,
                        "a": 129,
                        "w": 47,
                        "l": 9
                    },
                    "casual": {
                        "k": 5126,
                        "d": 2127,
                        "a": 397,
                        "w": 71,
                        "l": 18
                    },
                    "custom": {
                        "k": 1888,
                        "d": 975,
                        "a": 149,
                        "w": 0,
                        "l": 0
                    }
                }
            ],
            "ranked": {
                "placement_matches_left": 0,
                "highest_rank": 9,
                "rating": 2283,
                "global_position": 52,
                "rank": 9
            }
        },
        "ban": null,
        "reports": [],
        "clan": {
            "basicInfo": {
                "name": "Sky2Fly",
                "tag": "S2F"
            },
            "id": 28,
            "memberRank": 10
        }
    }
]