[
    {
        "basicInfo": {
            "userID": 49294556,
            "name": "Henrico Lee",
            "userType": 1,
            "iconID": 58,
            "level": 602
        },
        "userSettings": {
            "blockFriendRequests": false,
            "block_clan_requests": false,
            "equipped_emblem": 58
        },
        "friendStatus": 0,
        "stats": {
            "seasonal_stats": [
                {
                    "season": 0,
                    "ranked": {
                        "k": 44235,
                        "d": 31253,
                        "a": 5089,
                        "w": 2139,
                        "l": 1166
                    },
                    "casual": {
                        "k": 0,
                        "d": 0,
                        "a": 0,
                        "w": 0,
                        "l": 0
                    },
                    "custom": {
                        "k": 188692,
                        "d": 129811,
                        "a": 15214,
                        "w": 0,
                        "l": 0
                    }
                },
                {
                    "season": 1,
                    "ranked": {
                        "k": 4425,
                        "d": 3630,
                        "a": 534,
                        "w": 236,
                        "l": 133
                    },
                    "casual": {
                        "k": 0,
                        "d": 0,
                        "a": 0,
                        "w": 18,
                        "l": 4
                    },
                    "custom": {
                        "k": 0,
                        "d": 0,
                        "a": 0,
                        "w": 0,
                        "l": 0
                    }
                },
                {
                    "season": 2,
                    "ranked": {
                        "k": 15612,
                        "d": 11151,
                        "a": 1929,
                        "w": 751,
                        "l": 405
                    },
                    "casual": {
                        "k": 319,
                        "d": 171,
                        "a": 25,
                        "w": 65,
                        "l": 35
                    },
                    "custom": {
                        "k": 635,
                        "d": 503,
                        "a": 45,
                        "w": 0,
                        "l": 0
                    }
                },
                {
                    "season": 3,
                    "ranked": {
                        "k": 12498,
                        "d": 8550,
                        "a": 1393,
                        "w": 397,
                        "l": 184
                    },
                    "casual": {
                        "k": 9610,
                        "d": 4089,
                        "a": 680,
                        "w": 113,
                        "l": 50
                    },
                    "custom": {
                        "k": 20433,
                        "d": 15449,
                        "a": 1439,
                        "w": 0,
                        "l": 0
                    }
                },
                {
                    "season": 4,
                    "ranked": {
                        "k": 20683,
                        "d": 15777,
                        "a": 2518,
                        "w": 617,
                        "l": 412
                    },
                    "casual": {
                        "k": 7964,
                        "d": 3377,
                        "a": 487,
                        "w": 66,
                        "l": 11
                    },
                    "custom": {
                        "k": 12925,
                        "d": 10399,
                        "a": 1288,
                        "w": 0,
                        "l": 0
                    }
                },
                {
                    "season": 5,
                    "ranked": {
                        "k": 4006,
                        "d": 3105,
                        "a": 577,
                        "w": 145,
                        "l": 67
                    },
                    "casual": {
                        "k": 5071,
                        "d": 2124,
                        "a": 347,
                        "w": 52,
                        "l": 4
                    },
                    "custom": {
                        "k": 6286,
                        "d": 5688,
                        "a": 655,
                        "w": 0,
                        "l": 0
                    }
                },
                {
                    "season": 6,
                    "ranked": {
                        "k": 599,
                        "d": 478,
                        "a": 73,
                        "w": 25,
                        "l": 7
                    },
                    "casual": {
                        "k": 920,
                        "d": 353,
                        "a": 50,
                        "w": 10,
                        "l": 4
                    },
                    "custom": {
                        "k": 1483,
                        "d": 1245,
                        "a": 232,
                        "w": 0,
                        "l": 0
                    }
                }
            ],
            "ranked": {
                "placement_matches_left": 0,
                "highest_rank": 9,
                "rating": 2210,
                "global_position": 142,
                "rank": 9
            }
        },
        "ban": null,
        "reports": [],
        "clan": {
            "basicInfo": {
                "name": "xenocide",
                "tag": "xeno"
            },
            "id": 87427,
            "memberRank": 10
        }
    }
]