[
    {
        "basicInfo": {
            "userID": 159961487,
            "name": "Heroin Father",
            "userType": 1,
            "iconID": 1,
            "level": 245
        },
        "userSettings": {
            "blockFriendRequests": false,
            "block_clan_requests": false,
            "equipped_emblem": 177
        },
        "friendStatus": 0,
        "stats": {
            "seasonal_stats": [
                {
                    "season": 0,
                    "ranked": {
                        "k": 0,
                        "d": 0,
                        "a": 0,
                        "w": 0,
                        "l": 0
                    },
                    "casual": {
                        "k": 0,
                        "d": 0,
                        "a": 0,
                        "w": 0,
                        "l": 0
                    },
                    "custom": {
                        "k": 13641,
                        "d": 13208,
                        "a": 944,
                        "w": 0,
                        "l": 0
                    }
                },
                {
                    "season": 1,
                    "ranked": {
                        "k": 0,
                        "d": 0,
                        "a": 0,
                        "w": 0,
                        "l": 0
                    },
                    "casual": {
                        "k": 0,
                        "d": 0,
                        "a": 0,
                        "w": 0,
                        "l": 0
                    },
                    "custom": {
                        "k": 0,
                        "d": 0,
                        "a": 0,
                        "w": 0,
                        "l": 0
                    }
                },
                {
                    "season": 2,
                    "ranked": {
                        "k": 2525,
                        "d": 3572,
                        "a": 355,
                        "w": 161,
                        "l": 184
                    },
                    "casual": {
                        "k": 0,
                        "d": 0,
                        "a": 0,
                        "w": 190,
                        "l": 200
                    },
                    "custom": {
                        "k": 0,
                        "d": 0,
                        "a": 0,
                        "w": 0,
                        "l": 0
                    }
                },
                {
                    "season": 3,
                    "ranked": {
                        "k": 7329,
                        "d": 4776,
                        "a": 776,
                        "w": 242,
                        "l": 139
                    },
                    "casual": {
                        "k": 13573,
                        "d": 5518,
                        "a": 982,
                        "w": 198,
                        "l": 64
                    },
                    "custom": {
                        "k": 16236,
                        "d": 2312,
                        "a": 124,
                        "w": 0,
                        "l": 0
                    }
                },
                {
                    "season": 4,
                    "ranked": {
                        "k": 669,
                        "d": 488,
                        "a": 88,
                        "w": 26,
                        "l": 9
                    },
                    "casual": {
                        "k": 674,
                        "d": 312,
                        "a": 44,
                        "w": 2,
                        "l": 2
                    },
                    "custom": {
                        "k": 338,
                        "d": 337,
                        "a": 25,
                        "w": 0,
                        "l": 0
                    }
                },
                {
                    "season": 5,
                    "ranked": {
                        "k": 191,
                        "d": 96,
                        "a": 21,
                        "w": 10,
                        "l": 0
                    },
                    "casual": {
                        "k": 2905,
                        "d": 1139,
                        "a": 155,
                        "w": 18,
                        "l": 2
                    },
                    "custom": {
                        "k": 2084,
                        "d": 1713,
                        "a": 191,
                        "w": 0,
                        "l": 0
                    }
                },
                {
                    "season": 6,
                    "ranked": {
                        "k": 327,
                        "d": 184,
                        "a": 43,
                        "w": 19,
                        "l": 0
                    },
                    "casual": {
                        "k": 2866,
                        "d": 1059,
                        "a": 181,
                        "w": 13,
                        "l": 4
                    },
                    "custom": {
                        "k": 511,
                        "d": 405,
                        "a": 60,
                        "w": 0,
                        "l": 0
                    }
                }
            ],
            "ranked": {
                "placement_matches_left": 0,
                "highest_rank": 9,
                "rating": 2375,
                "global_position": 17,
                "rank": 9
            }
        },
        "ban": null,
        "reports": []
    }
]