[
    {
        "basicInfo": {
            "userID": 176989933,
            "name": "Hoctorr",
            "userType": 1,
            "iconID": 1,
            "level": 351
        },
        "userSettings": {
            "blockFriendRequests": true,
            "block_clan_requests": false,
            "equipped_emblem": 1
        },
        "friendStatus": 0,
        "stats": {
            "seasonal_stats": [
                {
                    "season": 0,
                    "ranked": {
                        "k": 0,
                        "d": 0,
                        "a": 0,
                        "w": 0,
                        "l": 0
                    },
                    "casual": {
                        "k": 0,
                        "d": 0,
                        "a": 0,
                        "w": 0,
                        "l": 0
                    },
                    "custom": {
                        "k": 61,
                        "d": 19,
                        "a": 7,
                        "w": 0,
                        "l": 0
                    }
                },
                {
                    "season": 1,
                    "ranked": {
                        "k": 0,
                        "d": 0,
                        "a": 0,
                        "w": 0,
                        "l": 0
                    },
                    "casual": {
                        "k": 0,
                        "d": 0,
                        "a": 0,
                        "w": 0,
                        "l": 0
                    },
                    "custom": {
                        "k": 0,
                        "d": 0,
                        "a": 0,
                        "w": 0,
                        "l": 0
                    }
                },
                {
                    "season": 2,
                    "ranked": {
                        "k": 0,
                        "d": 0,
                        "a": 0,
                        "w": 0,
                        "l": 0
                    },
                    "casual": {
                        "k": 0,
                        "d": 0,
                        "a": 0,
                        "w": 0,
                        "l": 0
                    },
                    "custom": {
                        "k": 0,
                        "d": 0,
                        "a": 0,
                        "w": 0,
                        "l": 0
                    }
                },
                {
                    "season": 3,
                    "ranked": {
                        "k": 9208,
                        "d": 4910,
                        "a": 856,
                        "w": 354,
                        "l": 75
                    },
                    "casual": {
                        "k": 36918,
                        "d": 13465,
                        "a": 1703,
                        "w": 162,
                        "l": 50
                    },
                    "custom": {
                        "k": 26594,
                        "d": 11986,
                        "a": 1270,
                        "w": 0,
                        "l": 0
                    }
                },
                {
                    "season": 4,
                    "ranked": {
                        "k": 3126,
                        "d": 1883,
                        "a": 286,
                        "w": 136,
                        "l": 35
                    },
                    "casual": {
                        "k": 71549,
                        "d": 25127,
                        "a": 3141,
                        "w": 258,
                        "l": 46
                    },
                    "custom": {
                        "k": 40511,
                        "d": 12196,
                        "a": 1153,
                        "w": 0,
                        "l": 0
                    }
                },
                {
                    "season": 5,
                    "ranked": {
                        "k": 5373,
                        "d": 2960,
                        "a": 638,
                        "w": 267,
                        "l": 29
                    },
                    "casual": {
                        "k": 16794,
                        "d": 6414,
                        "a": 844,
                        "w": 47,
                        "l": 7
                    },
                    "custom": {
                        "k": 3053,
                        "d": 2612,
                        "a": 309,
                        "w": 0,
                        "l": 0
                    }
                },
                {
                    "season": 6,
                    "ranked": {
                        "k": 1342,
                        "d": 716,
                        "a": 149,
                        "w": 68,
                        "l": 2
                    },
                    "casual": {
                        "k": 6131,
                        "d": 2154,
                        "a": 309,
                        "w": 3,
                        "l": 2
                    },
                    "custom": {
                        "k": 567,
                        "d": 521,
                        "a": 66,
                        "w": 0,
                        "l": 0
                    }
                }
            ],
            "ranked": {
                "placement_matches_left": 0,
                "highest_rank": 9,
                "rating": 2475,
                "global_position": 1,
                "rank": 9
            }
        },
        "ban": null,
        "reports": []
    }
]