[
    {
        "basicInfo": {
            "userID": 109414257,
            "name": "hoi",
            "userType": 1,
            "iconID": 317,
            "level": 911
        },
        "userSettings": {
            "blockFriendRequests": false,
            "block_clan_requests": false,
            "equipped_emblem": 140
        },
        "friendStatus": 0,
        "stats": {
            "seasonal_stats": [
                {
                    "season": 0,
                    "ranked": {
                        "k": 1473,
                        "d": 1141,
                        "a": 187,
                        "w": 75,
                        "l": 50
                    },
                    "casual": {
                        "k": 0,
                        "d": 0,
                        "a": 0,
                        "w": 0,
                        "l": 1
                    },
                    "custom": {
                        "k": 178593,
                        "d": 78511,
                        "a": 13492,
                        "w": 0,
                        "l": 0
                    }
                },
                {
                    "season": 1,
                    "ranked": {
                        "k": 635,
                        "d": 506,
                        "a": 81,
                        "w": 34,
                        "l": 20
                    },
                    "casual": {
                        "k": 0,
                        "d": 0,
                        "a": 0,
                        "w": 1710,
                        "l": 369
                    },
                    "custom": {
                        "k": 0,
                        "d": 0,
                        "a": 0,
                        "w": 0,
                        "l": 0
                    }
                },
                {
                    "season": 2,
                    "ranked": {
                        "k": 4671,
                        "d": 4005,
                        "a": 599,
                        "w": 247,
                        "l": 170
                    },
                    "casual": {
                        "k": 0,
                        "d": 0,
                        "a": 0,
                        "w": 1266,
                        "l": 400
                    },
                    "custom": {
                        "k": 93,
                        "d": 47,
                        "a": 6,
                        "w": 1,
                        "l": 1
                    }
                },
                {
                    "season": 3,
                    "ranked": {
                        "k": 4742,
                        "d": 3972,
                        "a": 621,
                        "w": 157,
                        "l": 118
                    },
                    "casual": {
                        "k": 29509,
                        "d": 10973,
                        "a": 2061,
                        "w": 690,
                        "l": 190
                    },
                    "custom": {
                        "k": 3742,
                        "d": 1557,
                        "a": 150,
                        "w": 0,
                        "l": 0
                    }
                },
                {
                    "season": 4,
                    "ranked": {
                        "k": 3055,
                        "d": 2625,
                        "a": 395,
                        "w": 101,
                        "l": 84
                    },
                    "casual": {
                        "k": 27278,
                        "d": 9377,
                        "a": 1734,
                        "w": 491,
                        "l": 88
                    },
                    "custom": {
                        "k": 4912,
                        "d": 4641,
                        "a": 532,
                        "w": 0,
                        "l": 0
                    }
                },
                {
                    "season": 5,
                    "ranked": {
                        "k": 1416,
                        "d": 985,
                        "a": 113,
                        "w": 64,
                        "l": 30
                    },
                    "casual": {
                        "k": 25257,
                        "d": 9344,
                        "a": 1624,
                        "w": 333,
                        "l": 67
                    },
                    "custom": {
                        "k": 1754,
                        "d": 1569,
                        "a": 133,
                        "w": 0,
                        "l": 0
                    }
                },
                {
                    "season": 6,
                    "ranked": {
                        "k": 250,
                        "d": 129,
                        "a": 7,
                        "w": 15,
                        "l": 1
                    },
                    "casual": {
                        "k": 6452,
                        "d": 2208,
                        "a": 433,
                        "w": 90,
                        "l": 16
                    },
                    "custom": {
                        "k": 807,
                        "d": 782,
                        "a": 83,
                        "w": 0,
                        "l": 0
                    }
                }
            ],
            "ranked": {
                "placement_matches_left": 0,
                "highest_rank": 9,
                "rating": 2201,
                "global_position": 165,
                "rank": 9
            }
        },
        "ban": null,
        "reports": [],
        "clan": {
            "basicInfo": {
                "name": "Visual Gaming",
                "tag": "visu"
            },
            "id": 96319,
            "memberRank": 40
        }
    }
]