[
    {
        "basicInfo": {
            "userID": 110239890,
            "name": "Hyx",
            "userType": 1,
            "iconID": 231,
            "level": 688
        },
        "userSettings": {
            "blockFriendRequests": false,
            "block_clan_requests": false,
            "equipped_emblem": 317
        },
        "friendStatus": 0,
        "stats": {
            "seasonal_stats": [
                {
                    "season": 0,
                    "ranked": {
                        "k": 3327,
                        "d": 3072,
                        "a": 415,
                        "w": 163,
                        "l": 170
                    },
                    "casual": {
                        "k": 0,
                        "d": 0,
                        "a": 0,
                        "w": 0,
                        "l": 0
                    },
                    "custom": {
                        "k": 48005,
                        "d": 33472,
                        "a": 4045,
                        "w": 0,
                        "l": 0
                    }
                },
                {
                    "season": 1,
                    "ranked": {
                        "k": 2640,
                        "d": 2918,
                        "a": 328,
                        "w": 152,
                        "l": 141
                    },
                    "casual": {
                        "k": 0,
                        "d": 0,
                        "a": 0,
                        "w": 275,
                        "l": 118
                    },
                    "custom": {
                        "k": 0,
                        "d": 0,
                        "a": 0,
                        "w": 0,
                        "l": 0
                    }
                },
                {
                    "season": 2,
                    "ranked": {
                        "k": 8620,
                        "d": 9811,
                        "a": 1143,
                        "w": 462,
                        "l": 498
                    },
                    "casual": {
                        "k": 0,
                        "d": 0,
                        "a": 0,
                        "w": 256,
                        "l": 99
                    },
                    "custom": {
                        "k": 900,
                        "d": 952,
                        "a": 27,
                        "w": 1,
                        "l": 1
                    }
                },
                {
                    "season": 3,
                    "ranked": {
                        "k": 13623,
                        "d": 14061,
                        "a": 1458,
                        "w": 506,
                        "l": 435
                    },
                    "casual": {
                        "k": 4757,
                        "d": 2116,
                        "a": 397,
                        "w": 94,
                        "l": 40
                    },
                    "custom": {
                        "k": 7330,
                        "d": 7725,
                        "a": 378,
                        "w": 0,
                        "l": 0
                    }
                },
                {
                    "season": 4,
                    "ranked": {
                        "k": 2229,
                        "d": 2006,
                        "a": 276,
                        "w": 82,
                        "l": 55
                    },
                    "casual": {
                        "k": 2572,
                        "d": 1163,
                        "a": 192,
                        "w": 30,
                        "l": 7
                    },
                    "custom": {
                        "k": 5463,
                        "d": 5478,
                        "a": 514,
                        "w": 0,
                        "l": 0
                    }
                },
                {
                    "season": 5,
                    "ranked": {
                        "k": 1924,
                        "d": 1292,
                        "a": 250,
                        "w": 56,
                        "l": 38
                    },
                    "casual": {
                        "k": 861,
                        "d": 273,
                        "a": 58,
                        "w": 26,
                        "l": 3
                    },
                    "custom": {
                        "k": 5320,
                        "d": 3341,
                        "a": 474,
                        "w": 0,
                        "l": 0
                    }
                },
                {
                    "season": 6,
                    "ranked": {
                        "k": 436,
                        "d": 250,
                        "a": 62,
                        "w": 18,
                        "l": 3
                    },
                    "casual": {
                        "k": 239,
                        "d": 118,
                        "a": 24,
                        "w": 6,
                        "l": 1
                    },
                    "custom": {
                        "k": 1501,
                        "d": 1219,
                        "a": 166,
                        "w": 0,
                        "l": 0
                    }
                }
            ],
            "ranked": {
                "placement_matches_left": 0,
                "highest_rank": 9,
                "rating": 2196,
                "global_position": 176,
                "rank": 9
            }
        },
        "ban": null,
        "reports": []
    }
]