[
    {
        "basicInfo": {
            "userID": 80708123,
            "name": "im Delightful",
            "userType": 1,
            "iconID": 255,
            "level": 382
        },
        "userSettings": {
            "blockFriendRequests": false,
            "block_clan_requests": false,
            "equipped_emblem": 255
        },
        "friendStatus": 0,
        "stats": {
            "seasonal_stats": [
                {
                    "season": 0,
                    "ranked": {
                        "k": 1006,
                        "d": 1191,
                        "a": 132,
                        "w": 63,
                        "l": 42
                    },
                    "casual": {
                        "k": 0,
                        "d": 0,
                        "a": 0,
                        "w": 1,
                        "l": 1
                    },
                    "custom": {
                        "k": 138366,
                        "d": 80781,
                        "a": 9538,
                        "w": 0,
                        "l": 0
                    }
                },
                {
                    "season": 1,
                    "ranked": {
                        "k": 5803,
                        "d": 4669,
                        "a": 699,
                        "w": 287,
                        "l": 205
                    },
                    "casual": {
                        "k": 0,
                        "d": 0,
                        "a": 0,
                        "w": 598,
                        "l": 136
                    },
                    "custom": {
                        "k": 0,
                        "d": 0,
                        "a": 0,
                        "w": 0,
                        "l": 0
                    }
                },
                {
                    "season": 2,
                    "ranked": {
                        "k": 7536,
                        "d": 6860,
                        "a": 972,
                        "w": 435,
                        "l": 275
                    },
                    "casual": {
                        "k": 1,
                        "d": 0,
                        "a": 0,
                        "w": 244,
                        "l": 95
                    },
                    "custom": {
                        "k": 617,
                        "d": 354,
                        "a": 54,
                        "w": 2,
                        "l": 2
                    }
                },
                {
                    "season": 3,
                    "ranked": {
                        "k": 1347,
                        "d": 1110,
                        "a": 153,
                        "w": 52,
                        "l": 29
                    },
                    "casual": {
                        "k": 1689,
                        "d": 536,
                        "a": 119,
                        "w": 47,
                        "l": 5
                    },
                    "custom": {
                        "k": 10076,
                        "d": 5696,
                        "a": 557,
                        "w": 0,
                        "l": 0
                    }
                },
                {
                    "season": 4,
                    "ranked": {
                        "k": 674,
                        "d": 546,
                        "a": 77,
                        "w": 30,
                        "l": 14
                    },
                    "casual": {
                        "k": 816,
                        "d": 374,
                        "a": 51,
                        "w": 11,
                        "l": 1
                    },
                    "custom": {
                        "k": 18295,
                        "d": 13144,
                        "a": 1412,
                        "w": 0,
                        "l": 0
                    }
                },
                {
                    "season": 5,
                    "ranked": {
                        "k": 1966,
                        "d": 1656,
                        "a": 252,
                        "w": 102,
                        "l": 30
                    },
                    "casual": {
                        "k": 1149,
                        "d": 395,
                        "a": 67,
                        "w": 24,
                        "l": 8
                    },
                    "custom": {
                        "k": 11674,
                        "d": 8841,
                        "a": 927,
                        "w": 0,
                        "l": 0
                    }
                },
                {
                    "season": 6,
                    "ranked": {
                        "k": 490,
                        "d": 381,
                        "a": 93,
                        "w": 35,
                        "l": 1
                    },
                    "casual": {
                        "k": 104,
                        "d": 36,
                        "a": 8,
                        "w": 1,
                        "l": 1
                    },
                    "custom": {
                        "k": 3579,
                        "d": 2788,
                        "a": 267,
                        "w": 0,
                        "l": 0
                    }
                }
            ],
            "ranked": {
                "placement_matches_left": 0,
                "highest_rank": 9,
                "rating": 2385,
                "global_position": 13,
                "rank": 9
            }
        },
        "ban": null,
        "reports": [],
        "clan": {
            "basicInfo": {
                "name": "Unbreakable",
                "tag": "UNB"
            },
            "id": 5178,
            "memberRank": 10
        }
    }
]