[
    {
        "basicInfo": {
            "userID": 122056536,
            "name": "india",
            "userType": 1,
            "iconID": 20,
            "level": 919
        },
        "userSettings": {
            "blockFriendRequests": false,
            "block_clan_requests": false,
            "equipped_emblem": 20
        },
        "friendStatus": 0,
        "stats": {
            "seasonal_stats": [
                {
                    "season": 0,
                    "ranked": {
                        "k": 886,
                        "d": 945,
                        "a": 91,
                        "w": 50,
                        "l": 47
                    },
                    "casual": {
                        "k": 0,
                        "d": 0,
                        "a": 0,
                        "w": 0,
                        "l": 0
                    },
                    "custom": {
                        "k": 88177,
                        "d": 69917,
                        "a": 8098,
                        "w": 0,
                        "l": 0
                    }
                },
                {
                    "season": 1,
                    "ranked": {
                        "k": 2745,
                        "d": 3290,
                        "a": 409,
                        "w": 178,
                        "l": 156
                    },
                    "casual": {
                        "k": 0,
                        "d": 0,
                        "a": 0,
                        "w": 629,
                        "l": 448
                    },
                    "custom": {
                        "k": 0,
                        "d": 0,
                        "a": 0,
                        "w": 0,
                        "l": 0
                    }
                },
                {
                    "season": 2,
                    "ranked": {
                        "k": 10961,
                        "d": 13075,
                        "a": 1763,
                        "w": 656,
                        "l": 626
                    },
                    "casual": {
                        "k": 0,
                        "d": 0,
                        "a": 0,
                        "w": 702,
                        "l": 632
                    },
                    "custom": {
                        "k": 10,
                        "d": 16,
                        "a": 0,
                        "w": 0,
                        "l": 0
                    }
                },
                {
                    "season": 3,
                    "ranked": {
                        "k": 11762,
                        "d": 10495,
                        "a": 1444,
                        "w": 391,
                        "l": 331
                    },
                    "casual": {
                        "k": 18028,
                        "d": 10504,
                        "a": 1664,
                        "w": 484,
                        "l": 342
                    },
                    "custom": {
                        "k": 10335,
                        "d": 7357,
                        "a": 809,
                        "w": 0,
                        "l": 0
                    }
                },
                {
                    "season": 4,
                    "ranked": {
                        "k": 3935,
                        "d": 3547,
                        "a": 555,
                        "w": 131,
                        "l": 114
                    },
                    "casual": {
                        "k": 5793,
                        "d": 3315,
                        "a": 542,
                        "w": 188,
                        "l": 88
                    },
                    "custom": {
                        "k": 7768,
                        "d": 7558,
                        "a": 996,
                        "w": 0,
                        "l": 0
                    }
                },
                {
                    "season": 5,
                    "ranked": {
                        "k": 835,
                        "d": 748,
                        "a": 105,
                        "w": 33,
                        "l": 20
                    },
                    "casual": {
                        "k": 1595,
                        "d": 674,
                        "a": 135,
                        "w": 34,
                        "l": 7
                    },
                    "custom": {
                        "k": 3978,
                        "d": 3377,
                        "a": 487,
                        "w": 0,
                        "l": 0
                    }
                },
                {
                    "season": 6,
                    "ranked": {
                        "k": 180,
                        "d": 158,
                        "a": 33,
                        "w": 11,
                        "l": 0
                    },
                    "casual": {
                        "k": 53,
                        "d": 18,
                        "a": 5,
                        "w": 2,
                        "l": 0
                    },
                    "custom": {
                        "k": 85,
                        "d": 80,
                        "a": 5,
                        "w": 0,
                        "l": 0
                    }
                }
            ],
            "ranked": {
                "placement_matches_left": 0,
                "highest_rank": 9,
                "rating": 2199,
                "global_position": 169,
                "rank": 9
            }
        },
        "ban": null,
        "reports": []
    }
]