[
    {
        "basicInfo": {
            "userID": 75496775,
            "name": "InSight",
            "userType": 1,
            "iconID": 251,
            "level": 584
        },
        "userSettings": {
            "blockFriendRequests": false,
            "block_clan_requests": false,
            "equipped_emblem": 251
        },
        "friendStatus": 0,
        "stats": {
            "seasonal_stats": [
                {
                    "season": 0,
                    "ranked": {
                        "k": 7274,
                        "d": 6413,
                        "a": 901,
                        "w": 374,
                        "l": 275
                    },
                    "casual": {
                        "k": 0,
                        "d": 0,
                        "a": 0,
                        "w": 0,
                        "l": 0
                    },
                    "custom": {
                        "k": 136605,
                        "d": 67778,
                        "a": 10403,
                        "w": 0,
                        "l": 0
                    }
                },
                {
                    "season": 1,
                    "ranked": {
                        "k": 2762,
                        "d": 2054,
                        "a": 353,
                        "w": 138,
                        "l": 86
                    },
                    "casual": {
                        "k": 0,
                        "d": 0,
                        "a": 0,
                        "w": 472,
                        "l": 92
                    },
                    "custom": {
                        "k": 0,
                        "d": 0,
                        "a": 0,
                        "w": 0,
                        "l": 0
                    }
                },
                {
                    "season": 2,
                    "ranked": {
                        "k": 8419,
                        "d": 6919,
                        "a": 934,
                        "w": 413,
                        "l": 319
                    },
                    "casual": {
                        "k": 0,
                        "d": 0,
                        "a": 0,
                        "w": 914,
                        "l": 307
                    },
                    "custom": {
                        "k": 0,
                        "d": 0,
                        "a": 0,
                        "w": 0,
                        "l": 0
                    }
                },
                {
                    "season": 3,
                    "ranked": {
                        "k": 5142,
                        "d": 4381,
                        "a": 589,
                        "w": 178,
                        "l": 124
                    },
                    "casual": {
                        "k": 5621,
                        "d": 2303,
                        "a": 431,
                        "w": 130,
                        "l": 33
                    },
                    "custom": {
                        "k": 3232,
                        "d": 2934,
                        "a": 279,
                        "w": 0,
                        "l": 0
                    }
                },
                {
                    "season": 4,
                    "ranked": {
                        "k": 10213,
                        "d": 8289,
                        "a": 984,
                        "w": 310,
                        "l": 271
                    },
                    "casual": {
                        "k": 14542,
                        "d": 5215,
                        "a": 842,
                        "w": 196,
                        "l": 30
                    },
                    "custom": {
                        "k": 4808,
                        "d": 3595,
                        "a": 350,
                        "w": 0,
                        "l": 0
                    }
                },
                {
                    "season": 5,
                    "ranked": {
                        "k": 4514,
                        "d": 3448,
                        "a": 467,
                        "w": 143,
                        "l": 110
                    },
                    "casual": {
                        "k": 6274,
                        "d": 2287,
                        "a": 401,
                        "w": 52,
                        "l": 7
                    },
                    "custom": {
                        "k": 3719,
                        "d": 1346,
                        "a": 155,
                        "w": 0,
                        "l": 0
                    }
                },
                {
                    "season": 6,
                    "ranked": {
                        "k": 523,
                        "d": 332,
                        "a": 42,
                        "w": 24,
                        "l": 7
                    },
                    "casual": {
                        "k": 1795,
                        "d": 570,
                        "a": 90,
                        "w": 13,
                        "l": 2
                    },
                    "custom": {
                        "k": 496,
                        "d": 410,
                        "a": 37,
                        "w": 0,
                        "l": 0
                    }
                }
            ],
            "ranked": {
                "placement_matches_left": 0,
                "highest_rank": 9,
                "rating": 2180,
                "global_position": 214,
                "rank": 9
            }
        },
        "ban": null,
        "reports": []
    }
]