[
    {
        "basicInfo": {
            "userID": 20211053,
            "name": "Isaaak",
            "userType": 1,
            "iconID": 318,
            "level": 332
        },
        "userSettings": {
            "blockFriendRequests": false,
            "block_clan_requests": false,
            "equipped_emblem": 2
        },
        "friendStatus": 0,
        "stats": {
            "seasonal_stats": [
                {
                    "season": 0,
                    "ranked": {
                        "k": 23979,
                        "d": 18327,
                        "a": 3329,
                        "w": 1112,
                        "l": 920
                    },
                    "casual": {
                        "k": 0,
                        "d": 0,
                        "a": 0,
                        "w": 0,
                        "l": 0
                    },
                    "custom": {
                        "k": 257457,
                        "d": 160592,
                        "a": 24268,
                        "w": 0,
                        "l": 0
                    }
                },
                {
                    "season": 1,
                    "ranked": {
                        "k": 2900,
                        "d": 2791,
                        "a": 369,
                        "w": 156,
                        "l": 126
                    },
                    "casual": {
                        "k": 0,
                        "d": 0,
                        "a": 0,
                        "w": 131,
                        "l": 63
                    },
                    "custom": {
                        "k": 0,
                        "d": 0,
                        "a": 0,
                        "w": 0,
                        "l": 0
                    }
                },
                {
                    "season": 2,
                    "ranked": {
                        "k": 5089,
                        "d": 5116,
                        "a": 719,
                        "w": 262,
                        "l": 220
                    },
                    "casual": {
                        "k": 9,
                        "d": 6,
                        "a": 3,
                        "w": 315,
                        "l": 160
                    },
                    "custom": {
                        "k": 22,
                        "d": 32,
                        "a": 4,
                        "w": 0,
                        "l": 0
                    }
                },
                {
                    "season": 3,
                    "ranked": {
                        "k": 616,
                        "d": 591,
                        "a": 71,
                        "w": 21,
                        "l": 17
                    },
                    "casual": {
                        "k": 733,
                        "d": 424,
                        "a": 69,
                        "w": 21,
                        "l": 8
                    },
                    "custom": {
                        "k": 11412,
                        "d": 723,
                        "a": 60,
                        "w": 0,
                        "l": 0
                    }
                },
                {
                    "season": 4,
                    "ranked": {
                        "k": 2393,
                        "d": 2021,
                        "a": 237,
                        "w": 70,
                        "l": 66
                    },
                    "casual": {
                        "k": 6600,
                        "d": 3004,
                        "a": 499,
                        "w": 174,
                        "l": 56
                    },
                    "custom": {
                        "k": 5318,
                        "d": 5213,
                        "a": 442,
                        "w": 0,
                        "l": 0
                    }
                },
                {
                    "season": 5,
                    "ranked": {
                        "k": 2576,
                        "d": 2006,
                        "a": 353,
                        "w": 101,
                        "l": 47
                    },
                    "casual": {
                        "k": 17355,
                        "d": 7016,
                        "a": 1221,
                        "w": 238,
                        "l": 73
                    },
                    "custom": {
                        "k": 11641,
                        "d": 10475,
                        "a": 906,
                        "w": 0,
                        "l": 0
                    }
                },
                {
                    "season": 6,
                    "ranked": {
                        "k": 1998,
                        "d": 1499,
                        "a": 326,
                        "w": 90,
                        "l": 24
                    },
                    "casual": {
                        "k": 9669,
                        "d": 3397,
                        "a": 580,
                        "w": 136,
                        "l": 39
                    },
                    "custom": {
                        "k": 3647,
                        "d": 3307,
                        "a": 475,
                        "w": 0,
                        "l": 0
                    }
                }
            ],
            "ranked": {
                "placement_matches_left": 0,
                "highest_rank": 9,
                "rating": 2232,
                "global_position": 106,
                "rank": 9
            }
        },
        "ban": null,
        "reports": [],
        "clan": {
            "basicInfo": {
                "name": "SeMinal",
                "tag": "sM"
            },
            "id": 169,
            "memberRank": 10
        }
    }
]