[
    {
        "basicInfo": {
            "userID": 178185481,
            "name": "Isaac Le",
            "userType": 1,
            "iconID": 317,
            "level": 162
        },
        "userSettings": {
            "blockFriendRequests": true,
            "block_clan_requests": true,
            "equipped_emblem": 317
        },
        "friendStatus": 0,
        "stats": {
            "seasonal_stats": [
                {
                    "season": 0,
                    "ranked": {
                        "k": 6,
                        "d": 1,
                        "a": 0,
                        "w": 0,
                        "l": 0
                    },
                    "casual": {
                        "k": 0,
                        "d": 0,
                        "a": 0,
                        "w": 0,
                        "l": 0
                    },
                    "custom": {
                        "k": 251,
                        "d": 48,
                        "a": 14,
                        "w": 0,
                        "l": 0
                    }
                },
                {
                    "season": 1,
                    "ranked": {
                        "k": 0,
                        "d": 0,
                        "a": 0,
                        "w": 0,
                        "l": 0
                    },
                    "casual": {
                        "k": 0,
                        "d": 0,
                        "a": 0,
                        "w": 0,
                        "l": 0
                    },
                    "custom": {
                        "k": 0,
                        "d": 0,
                        "a": 0,
                        "w": 0,
                        "l": 0
                    }
                },
                {
                    "season": 2,
                    "ranked": {
                        "k": 0,
                        "d": 0,
                        "a": 0,
                        "w": 0,
                        "l": 0
                    },
                    "casual": {
                        "k": 0,
                        "d": 0,
                        "a": 0,
                        "w": 0,
                        "l": 0
                    },
                    "custom": {
                        "k": 0,
                        "d": 0,
                        "a": 0,
                        "w": 0,
                        "l": 0
                    }
                },
                {
                    "season": 3,
                    "ranked": {
                        "k": 3738,
                        "d": 2564,
                        "a": 436,
                        "w": 121,
                        "l": 70
                    },
                    "casual": {
                        "k": 9056,
                        "d": 3203,
                        "a": 652,
                        "w": 149,
                        "l": 14
                    },
                    "custom": {
                        "k": 5698,
                        "d": 3484,
                        "a": 321,
                        "w": 0,
                        "l": 0
                    }
                },
                {
                    "season": 4,
                    "ranked": {
                        "k": 759,
                        "d": 580,
                        "a": 91,
                        "w": 39,
                        "l": 12
                    },
                    "casual": {
                        "k": 5684,
                        "d": 1559,
                        "a": 341,
                        "w": 106,
                        "l": 9
                    },
                    "custom": {
                        "k": 7132,
                        "d": 4988,
                        "a": 440,
                        "w": 0,
                        "l": 0
                    }
                },
                {
                    "season": 5,
                    "ranked": {
                        "k": 510,
                        "d": 372,
                        "a": 55,
                        "w": 30,
                        "l": 6
                    },
                    "casual": {
                        "k": 3985,
                        "d": 1420,
                        "a": 278,
                        "w": 56,
                        "l": 8
                    },
                    "custom": {
                        "k": 4068,
                        "d": 2948,
                        "a": 333,
                        "w": 0,
                        "l": 0
                    }
                },
                {
                    "season": 6,
                    "ranked": {
                        "k": 319,
                        "d": 135,
                        "a": 36,
                        "w": 21,
                        "l": 0
                    },
                    "casual": {
                        "k": 1563,
                        "d": 471,
                        "a": 87,
                        "w": 10,
                        "l": 0
                    },
                    "custom": {
                        "k": 325,
                        "d": 226,
                        "a": 33,
                        "w": 0,
                        "l": 0
                    }
                }
            ],
            "ranked": {
                "placement_matches_left": 0,
                "highest_rank": 9,
                "rating": 2334,
                "global_position": 29,
                "rank": 9
            }
        },
        "ban": null,
        "reports": [],
        "clan": {
            "basicInfo": {
                "name": "Monkguins",
                "tag": "MNKG"
            },
            "id": 101321,
            "memberRank": 40
        }
    }
]