[
    {
        "basicInfo": {
            "userID": 183321312,
            "name": "Janskubansku",
            "userType": 1,
            "iconID": 246,
            "level": 221
        },
        "userSettings": {
            "blockFriendRequests": false,
            "block_clan_requests": false,
            "equipped_emblem": 246
        },
        "friendStatus": 0,
        "stats": {
            "seasonal_stats": [
                {
                    "season": 0,
                    "ranked": {
                        "k": 0,
                        "d": 0,
                        "a": 0,
                        "w": 0,
                        "l": 0
                    },
                    "casual": {
                        "k": 0,
                        "d": 0,
                        "a": 0,
                        "w": 0,
                        "l": 0
                    },
                    "custom": {
                        "k": 0,
                        "d": 0,
                        "a": 0,
                        "w": 0,
                        "l": 0
                    }
                },
                {
                    "season": 1,
                    "ranked": {
                        "k": 0,
                        "d": 0,
                        "a": 0,
                        "w": 0,
                        "l": 0
                    },
                    "casual": {
                        "k": 0,
                        "d": 0,
                        "a": 0,
                        "w": 0,
                        "l": 0
                    },
                    "custom": {
                        "k": 0,
                        "d": 0,
                        "a": 0,
                        "w": 0,
                        "l": 0
                    }
                },
                {
                    "season": 2,
                    "ranked": {
                        "k": 0,
                        "d": 0,
                        "a": 0,
                        "w": 0,
                        "l": 0
                    },
                    "casual": {
                        "k": 0,
                        "d": 0,
                        "a": 0,
                        "w": 0,
                        "l": 0
                    },
                    "custom": {
                        "k": 0,
                        "d": 0,
                        "a": 0,
                        "w": 0,
                        "l": 0
                    }
                },
                {
                    "season": 3,
                    "ranked": {
                        "k": 85,
                        "d": 175,
                        "a": 17,
                        "w": 8,
                        "l": 4
                    },
                    "casual": {
                        "k": 442,
                        "d": 408,
                        "a": 68,
                        "w": 8,
                        "l": 6
                    },
                    "custom": {
                        "k": 0,
                        "d": 0,
                        "a": 0,
                        "w": 0,
                        "l": 0
                    }
                },
                {
                    "season": 4,
                    "ranked": {
                        "k": 1447,
                        "d": 2104,
                        "a": 222,
                        "w": 88,
                        "l": 54
                    },
                    "casual": {
                        "k": 3864,
                        "d": 2800,
                        "a": 473,
                        "w": 215,
                        "l": 55
                    },
                    "custom": {
                        "k": 127,
                        "d": 208,
                        "a": 23,
                        "w": 0,
                        "l": 0
                    }
                },
                {
                    "season": 5,
                    "ranked": {
                        "k": 1671,
                        "d": 1364,
                        "a": 200,
                        "w": 71,
                        "l": 28
                    },
                    "casual": {
                        "k": 2013,
                        "d": 992,
                        "a": 173,
                        "w": 88,
                        "l": 10
                    },
                    "custom": {
                        "k": 315,
                        "d": 297,
                        "a": 30,
                        "w": 0,
                        "l": 0
                    }
                },
                {
                    "season": 6,
                    "ranked": {
                        "k": 394,
                        "d": 386,
                        "a": 75,
                        "w": 17,
                        "l": 8
                    },
                    "casual": {
                        "k": 842,
                        "d": 416,
                        "a": 81,
                        "w": 60,
                        "l": 7
                    },
                    "custom": {
                        "k": 119,
                        "d": 98,
                        "a": 7,
                        "w": 0,
                        "l": 0
                    }
                }
            ],
            "ranked": {
                "placement_matches_left": 0,
                "highest_rank": 9,
                "rating": 2167,
                "global_position": 246,
                "rank": 9
            }
        },
        "ban": null,
        "reports": []
    }
]