[
    {
        "basicInfo": {
            "userID": 146071782,
            "name": "Javire",
            "userType": 1,
            "iconID": 258,
            "level": 507
        },
        "userSettings": {
            "blockFriendRequests": false,
            "block_clan_requests": false,
            "equipped_emblem": 187
        },
        "friendStatus": 0,
        "stats": {
            "seasonal_stats": [
                {
                    "season": 0,
                    "ranked": {
                        "k": 0,
                        "d": 0,
                        "a": 0,
                        "w": 0,
                        "l": 0
                    },
                    "casual": {
                        "k": 0,
                        "d": 0,
                        "a": 0,
                        "w": 0,
                        "l": 0
                    },
                    "custom": {
                        "k": 32828,
                        "d": 17897,
                        "a": 2741,
                        "w": 0,
                        "l": 0
                    }
                },
                {
                    "season": 1,
                    "ranked": {
                        "k": 2535,
                        "d": 1448,
                        "a": 261,
                        "w": 107,
                        "l": 61
                    },
                    "casual": {
                        "k": 0,
                        "d": 0,
                        "a": 0,
                        "w": 220,
                        "l": 63
                    },
                    "custom": {
                        "k": 0,
                        "d": 0,
                        "a": 0,
                        "w": 0,
                        "l": 0
                    }
                },
                {
                    "season": 2,
                    "ranked": {
                        "k": 5907,
                        "d": 4223,
                        "a": 734,
                        "w": 276,
                        "l": 188
                    },
                    "casual": {
                        "k": 0,
                        "d": 0,
                        "a": 0,
                        "w": 287,
                        "l": 65
                    },
                    "custom": {
                        "k": 25,
                        "d": 34,
                        "a": 4,
                        "w": 0,
                        "l": 0
                    }
                },
                {
                    "season": 3,
                    "ranked": {
                        "k": 2101,
                        "d": 1714,
                        "a": 287,
                        "w": 75,
                        "l": 43
                    },
                    "casual": {
                        "k": 6180,
                        "d": 2445,
                        "a": 519,
                        "w": 50,
                        "l": 18
                    },
                    "custom": {
                        "k": 9604,
                        "d": 8565,
                        "a": 910,
                        "w": 0,
                        "l": 0
                    }
                },
                {
                    "season": 4,
                    "ranked": {
                        "k": 4835,
                        "d": 3924,
                        "a": 576,
                        "w": 154,
                        "l": 116
                    },
                    "casual": {
                        "k": 7500,
                        "d": 2573,
                        "a": 586,
                        "w": 97,
                        "l": 9
                    },
                    "custom": {
                        "k": 15441,
                        "d": 12546,
                        "a": 1504,
                        "w": 0,
                        "l": 0
                    }
                },
                {
                    "season": 5,
                    "ranked": {
                        "k": 3426,
                        "d": 2962,
                        "a": 498,
                        "w": 110,
                        "l": 93
                    },
                    "casual": {
                        "k": 2731,
                        "d": 1034,
                        "a": 229,
                        "w": 21,
                        "l": 6
                    },
                    "custom": {
                        "k": 4925,
                        "d": 4316,
                        "a": 572,
                        "w": 0,
                        "l": 0
                    }
                },
                {
                    "season": 6,
                    "ranked": {
                        "k": 1211,
                        "d": 1080,
                        "a": 179,
                        "w": 54,
                        "l": 23
                    },
                    "casual": {
                        "k": 254,
                        "d": 119,
                        "a": 28,
                        "w": 3,
                        "l": 0
                    },
                    "custom": {
                        "k": 740,
                        "d": 795,
                        "a": 105,
                        "w": 0,
                        "l": 0
                    }
                }
            ],
            "ranked": {
                "placement_matches_left": 0,
                "highest_rank": 9,
                "rating": 2188,
                "global_position": 199,
                "rank": 9
            }
        },
        "ban": null,
        "reports": [],
        "clan": {
            "basicInfo": {
                "name": "Vigorous eSports",
                "tag": "VGRS"
            },
            "id": 89355,
            "memberRank": 10
        }
    }
]