[
    {
        "basicInfo": {
            "userID": 155424520,
            "name": "JE O KE E R",
            "userType": 1,
            "iconID": 1,
            "level": 55
        },
        "userSettings": {
            "blockFriendRequests": true,
            "block_clan_requests": true,
            "equipped_emblem": 287
        },
        "friendStatus": 0,
        "stats": {
            "seasonal_stats": [
                {
                    "season": 0,
                    "ranked": {
                        "k": 0,
                        "d": 0,
                        "a": 0,
                        "w": 0,
                        "l": 0
                    },
                    "casual": {
                        "k": 0,
                        "d": 0,
                        "a": 0,
                        "w": 0,
                        "l": 0
                    },
                    "custom": {
                        "k": 1630,
                        "d": 1184,
                        "a": 21,
                        "w": 0,
                        "l": 0
                    }
                },
                {
                    "season": 1,
                    "ranked": {
                        "k": 0,
                        "d": 0,
                        "a": 0,
                        "w": 0,
                        "l": 0
                    },
                    "casual": {
                        "k": 0,
                        "d": 0,
                        "a": 0,
                        "w": 0,
                        "l": 0
                    },
                    "custom": {
                        "k": 0,
                        "d": 0,
                        "a": 0,
                        "w": 0,
                        "l": 0
                    }
                },
                {
                    "season": 2,
                    "ranked": {
                        "k": 800,
                        "d": 1301,
                        "a": 85,
                        "w": 53,
                        "l": 90
                    },
                    "casual": {
                        "k": 0,
                        "d": 0,
                        "a": 0,
                        "w": 3,
                        "l": 3
                    },
                    "custom": {
                        "k": 0,
                        "d": 0,
                        "a": 0,
                        "w": 0,
                        "l": 0
                    }
                },
                {
                    "season": 3,
                    "ranked": {
                        "k": 1297,
                        "d": 823,
                        "a": 122,
                        "w": 42,
                        "l": 22
                    },
                    "casual": {
                        "k": 520,
                        "d": 128,
                        "a": 12,
                        "w": 7,
                        "l": 4
                    },
                    "custom": {
                        "k": 2636,
                        "d": 10,
                        "a": 1,
                        "w": 0,
                        "l": 0
                    }
                },
                {
                    "season": 4,
                    "ranked": {
                        "k": 1014,
                        "d": 650,
                        "a": 96,
                        "w": 26,
                        "l": 24
                    },
                    "casual": {
                        "k": 181,
                        "d": 66,
                        "a": 15,
                        "w": 2,
                        "l": 0
                    },
                    "custom": {
                        "k": 0,
                        "d": 0,
                        "a": 0,
                        "w": 0,
                        "l": 0
                    }
                },
                {
                    "season": 5,
                    "ranked": {
                        "k": 531,
                        "d": 333,
                        "a": 44,
                        "w": 18,
                        "l": 8
                    },
                    "casual": {
                        "k": 0,
                        "d": 0,
                        "a": 0,
                        "w": 0,
                        "l": 0
                    },
                    "custom": {
                        "k": 43,
                        "d": 49,
                        "a": 14,
                        "w": 0,
                        "l": 0
                    }
                },
                {
                    "season": 6,
                    "ranked": {
                        "k": 363,
                        "d": 243,
                        "a": 52,
                        "w": 19,
                        "l": 3
                    },
                    "casual": {
                        "k": 94,
                        "d": 39,
                        "a": 13,
                        "w": 1,
                        "l": 1
                    },
                    "custom": {
                        "k": 68,
                        "d": 792,
                        "a": 0,
                        "w": 0,
                        "l": 0
                    }
                }
            ],
            "ranked": {
                "placement_matches_left": 0,
                "highest_rank": 9,
                "rating": 2199,
                "global_position": 168,
                "rank": 9
            }
        },
        "ban": null,
        "reports": []
    }
]