[
    {
        "basicInfo": {
            "userID": 143248189,
            "name": "Jelle",
            "userType": 1,
            "iconID": 1,
            "level": 808
        },
        "userSettings": {
            "blockFriendRequests": false,
            "block_clan_requests": false,
            "equipped_emblem": 208
        },
        "friendStatus": 0,
        "stats": {
            "seasonal_stats": [
                {
                    "season": 0,
                    "ranked": {
                        "k": 0,
                        "d": 0,
                        "a": 0,
                        "w": 0,
                        "l": 0
                    },
                    "casual": {
                        "k": 0,
                        "d": 0,
                        "a": 0,
                        "w": 0,
                        "l": 0
                    },
                    "custom": {
                        "k": 117614,
                        "d": 38509,
                        "a": 4213,
                        "w": 0,
                        "l": 0
                    }
                },
                {
                    "season": 1,
                    "ranked": {
                        "k": 2041,
                        "d": 2411,
                        "a": 243,
                        "w": 109,
                        "l": 126
                    },
                    "casual": {
                        "k": 0,
                        "d": 0,
                        "a": 0,
                        "w": 231,
                        "l": 154
                    },
                    "custom": {
                        "k": 0,
                        "d": 0,
                        "a": 0,
                        "w": 0,
                        "l": 0
                    }
                },
                {
                    "season": 2,
                    "ranked": {
                        "k": 23702,
                        "d": 22251,
                        "a": 2645,
                        "w": 1166,
                        "l": 1011
                    },
                    "casual": {
                        "k": 101,
                        "d": 59,
                        "a": 9,
                        "w": 1299,
                        "l": 408
                    },
                    "custom": {
                        "k": 118,
                        "d": 64,
                        "a": 17,
                        "w": 0,
                        "l": 0
                    }
                },
                {
                    "season": 3,
                    "ranked": {
                        "k": 1343,
                        "d": 766,
                        "a": 100,
                        "w": 71,
                        "l": 7
                    },
                    "casual": {
                        "k": 23228,
                        "d": 8743,
                        "a": 1483,
                        "w": 879,
                        "l": 220
                    },
                    "custom": {
                        "k": 27558,
                        "d": 6929,
                        "a": 590,
                        "w": 0,
                        "l": 0
                    }
                },
                {
                    "season": 4,
                    "ranked": {
                        "k": 217,
                        "d": 130,
                        "a": 23,
                        "w": 10,
                        "l": 1
                    },
                    "casual": {
                        "k": 24977,
                        "d": 8333,
                        "a": 1426,
                        "w": 688,
                        "l": 93
                    },
                    "custom": {
                        "k": 11198,
                        "d": 4634,
                        "a": 457,
                        "w": 0,
                        "l": 0
                    }
                },
                {
                    "season": 5,
                    "ranked": {
                        "k": 1432,
                        "d": 1101,
                        "a": 148,
                        "w": 86,
                        "l": 11
                    },
                    "casual": {
                        "k": 13996,
                        "d": 4532,
                        "a": 762,
                        "w": 184,
                        "l": 37
                    },
                    "custom": {
                        "k": 1983,
                        "d": 1200,
                        "a": 101,
                        "w": 0,
                        "l": 0
                    }
                },
                {
                    "season": 6,
                    "ranked": {
                        "k": 1423,
                        "d": 939,
                        "a": 136,
                        "w": 72,
                        "l": 9
                    },
                    "casual": {
                        "k": 4473,
                        "d": 1521,
                        "a": 253,
                        "w": 44,
                        "l": 6
                    },
                    "custom": {
                        "k": 186,
                        "d": 157,
                        "a": 9,
                        "w": 0,
                        "l": 0
                    }
                }
            ],
            "ranked": {
                "placement_matches_left": 0,
                "highest_rank": 9,
                "rating": 2434,
                "global_position": 4,
                "rank": 9
            }
        },
        "ban": null,
        "reports": [],
        "clan": {
            "basicInfo": {
                "name": "euphoria",
                "tag": "euph"
            },
            "id": 86333,
            "memberRank": 10
        }
    }
]