[
    {
        "basicInfo": {
            "userID": 182228226,
            "name": "Jennie Kim 17",
            "userType": 1,
            "iconID": 271,
            "level": 169
        },
        "userSettings": {
            "blockFriendRequests": false,
            "block_clan_requests": false,
            "equipped_emblem": 271
        },
        "friendStatus": 0,
        "stats": {
            "seasonal_stats": [
                {
                    "season": 0,
                    "ranked": {
                        "k": 0,
                        "d": 0,
                        "a": 0,
                        "w": 0,
                        "l": 0
                    },
                    "casual": {
                        "k": 0,
                        "d": 0,
                        "a": 0,
                        "w": 0,
                        "l": 0
                    },
                    "custom": {
                        "k": 0,
                        "d": 0,
                        "a": 0,
                        "w": 0,
                        "l": 0
                    }
                },
                {
                    "season": 1,
                    "ranked": {
                        "k": 0,
                        "d": 0,
                        "a": 0,
                        "w": 0,
                        "l": 0
                    },
                    "casual": {
                        "k": 0,
                        "d": 0,
                        "a": 0,
                        "w": 0,
                        "l": 0
                    },
                    "custom": {
                        "k": 0,
                        "d": 0,
                        "a": 0,
                        "w": 0,
                        "l": 0
                    }
                },
                {
                    "season": 2,
                    "ranked": {
                        "k": 0,
                        "d": 0,
                        "a": 0,
                        "w": 0,
                        "l": 0
                    },
                    "casual": {
                        "k": 0,
                        "d": 0,
                        "a": 0,
                        "w": 0,
                        "l": 0
                    },
                    "custom": {
                        "k": 0,
                        "d": 0,
                        "a": 0,
                        "w": 0,
                        "l": 0
                    }
                },
                {
                    "season": 3,
                    "ranked": {
                        "k": 0,
                        "d": 0,
                        "a": 0,
                        "w": 0,
                        "l": 0
                    },
                    "casual": {
                        "k": 0,
                        "d": 0,
                        "a": 0,
                        "w": 0,
                        "l": 0
                    },
                    "custom": {
                        "k": 0,
                        "d": 0,
                        "a": 0,
                        "w": 0,
                        "l": 0
                    }
                },
                {
                    "season": 4,
                    "ranked": {
                        "k": 6828,
                        "d": 5482,
                        "a": 781,
                        "w": 251,
                        "l": 124
                    },
                    "casual": {
                        "k": 21734,
                        "d": 8891,
                        "a": 1154,
                        "w": 145,
                        "l": 34
                    },
                    "custom": {
                        "k": 21900,
                        "d": 16907,
                        "a": 1678,
                        "w": 0,
                        "l": 0
                    }
                },
                {
                    "season": 5,
                    "ranked": {
                        "k": 3390,
                        "d": 2577,
                        "a": 397,
                        "w": 119,
                        "l": 64
                    },
                    "casual": {
                        "k": 6624,
                        "d": 2683,
                        "a": 335,
                        "w": 34,
                        "l": 7
                    },
                    "custom": {
                        "k": 8432,
                        "d": 6922,
                        "a": 848,
                        "w": 0,
                        "l": 0
                    }
                },
                {
                    "season": 6,
                    "ranked": {
                        "k": 1890,
                        "d": 1347,
                        "a": 236,
                        "w": 69,
                        "l": 30
                    },
                    "casual": {
                        "k": 2228,
                        "d": 952,
                        "a": 119,
                        "w": 5,
                        "l": 3
                    },
                    "custom": {
                        "k": 2739,
                        "d": 2032,
                        "a": 271,
                        "w": 0,
                        "l": 0
                    }
                }
            ],
            "ranked": {
                "placement_matches_left": 0,
                "highest_rank": 9,
                "rating": 2197,
                "global_position": 173,
                "rank": 9
            }
        },
        "ban": null,
        "reports": []
    }
]