[
    {
        "basicInfo": {
            "userID": 65102331,
            "name": "Jepa",
            "userType": 1,
            "iconID": 45,
            "level": 790
        },
        "userSettings": {
            "blockFriendRequests": false,
            "block_clan_requests": false,
            "equipped_emblem": 45
        },
        "friendStatus": 0,
        "stats": {
            "seasonal_stats": [
                {
                    "season": 0,
                    "ranked": {
                        "k": 21246,
                        "d": 19984,
                        "a": 3321,
                        "w": 1096,
                        "l": 716
                    },
                    "casual": {
                        "k": 0,
                        "d": 0,
                        "a": 0,
                        "w": 0,
                        "l": 0
                    },
                    "custom": {
                        "k": 213030,
                        "d": 123285,
                        "a": 17292,
                        "w": 0,
                        "l": 0
                    }
                },
                {
                    "season": 1,
                    "ranked": {
                        "k": 8329,
                        "d": 6477,
                        "a": 1102,
                        "w": 391,
                        "l": 269
                    },
                    "casual": {
                        "k": 0,
                        "d": 0,
                        "a": 0,
                        "w": 149,
                        "l": 46
                    },
                    "custom": {
                        "k": 0,
                        "d": 0,
                        "a": 0,
                        "w": 0,
                        "l": 0
                    }
                },
                {
                    "season": 2,
                    "ranked": {
                        "k": 11799,
                        "d": 9048,
                        "a": 1603,
                        "w": 558,
                        "l": 351
                    },
                    "casual": {
                        "k": 12,
                        "d": 10,
                        "a": 2,
                        "w": 215,
                        "l": 101
                    },
                    "custom": {
                        "k": 118,
                        "d": 113,
                        "a": 6,
                        "w": 0,
                        "l": 0
                    }
                },
                {
                    "season": 3,
                    "ranked": {
                        "k": 9798,
                        "d": 7446,
                        "a": 1392,
                        "w": 321,
                        "l": 181
                    },
                    "casual": {
                        "k": 5719,
                        "d": 2152,
                        "a": 337,
                        "w": 78,
                        "l": 27
                    },
                    "custom": {
                        "k": 8138,
                        "d": 6530,
                        "a": 1033,
                        "w": 0,
                        "l": 0
                    }
                },
                {
                    "season": 4,
                    "ranked": {
                        "k": 8128,
                        "d": 6087,
                        "a": 1062,
                        "w": 251,
                        "l": 159
                    },
                    "casual": {
                        "k": 9487,
                        "d": 3410,
                        "a": 513,
                        "w": 108,
                        "l": 18
                    },
                    "custom": {
                        "k": 10422,
                        "d": 7710,
                        "a": 1253,
                        "w": 0,
                        "l": 0
                    }
                },
                {
                    "season": 5,
                    "ranked": {
                        "k": 3622,
                        "d": 2689,
                        "a": 525,
                        "w": 126,
                        "l": 60
                    },
                    "casual": {
                        "k": 3143,
                        "d": 1394,
                        "a": 208,
                        "w": 19,
                        "l": 9
                    },
                    "custom": {
                        "k": 3263,
                        "d": 2747,
                        "a": 543,
                        "w": 0,
                        "l": 0
                    }
                },
                {
                    "season": 6,
                    "ranked": {
                        "k": 2421,
                        "d": 1898,
                        "a": 371,
                        "w": 94,
                        "l": 35
                    },
                    "casual": {
                        "k": 1680,
                        "d": 632,
                        "a": 87,
                        "w": 10,
                        "l": 2
                    },
                    "custom": {
                        "k": 1463,
                        "d": 1371,
                        "a": 272,
                        "w": 0,
                        "l": 0
                    }
                }
            ],
            "ranked": {
                "placement_matches_left": 0,
                "highest_rank": 9,
                "rating": 2171,
                "global_position": 236,
                "rank": 9
            }
        },
        "ban": null,
        "reports": [],
        "clan": {
            "basicInfo": {
                "name": "Team Vintage Cas",
                "tag": "TvG"
            },
            "id": 64058,
            "memberRank": 10
        }
    }
]