[
    {
        "basicInfo": {
            "userID": 143635475,
            "name": "JKwack",
            "userType": 1,
            "iconID": 133,
            "level": 539
        },
        "userSettings": {
            "blockFriendRequests": false,
            "block_clan_requests": false,
            "equipped_emblem": 133
        },
        "friendStatus": 0,
        "stats": {
            "seasonal_stats": [
                {
                    "season": 0,
                    "ranked": {
                        "k": 0,
                        "d": 0,
                        "a": 0,
                        "w": 0,
                        "l": 0
                    },
                    "casual": {
                        "k": 0,
                        "d": 0,
                        "a": 0,
                        "w": 0,
                        "l": 0
                    },
                    "custom": {
                        "k": 58682,
                        "d": 18939,
                        "a": 2469,
                        "w": 0,
                        "l": 0
                    }
                },
                {
                    "season": 1,
                    "ranked": {
                        "k": 4392,
                        "d": 3502,
                        "a": 549,
                        "w": 221,
                        "l": 161
                    },
                    "casual": {
                        "k": 0,
                        "d": 0,
                        "a": 0,
                        "w": 267,
                        "l": 79
                    },
                    "custom": {
                        "k": 0,
                        "d": 0,
                        "a": 0,
                        "w": 0,
                        "l": 0
                    }
                },
                {
                    "season": 2,
                    "ranked": {
                        "k": 12254,
                        "d": 10200,
                        "a": 1726,
                        "w": 579,
                        "l": 542
                    },
                    "casual": {
                        "k": 9,
                        "d": 3,
                        "a": 1,
                        "w": 533,
                        "l": 165
                    },
                    "custom": {
                        "k": 28,
                        "d": 25,
                        "a": 2,
                        "w": 0,
                        "l": 0
                    }
                },
                {
                    "season": 3,
                    "ranked": {
                        "k": 1504,
                        "d": 1587,
                        "a": 187,
                        "w": 54,
                        "l": 57
                    },
                    "casual": {
                        "k": 1857,
                        "d": 687,
                        "a": 173,
                        "w": 88,
                        "l": 12
                    },
                    "custom": {
                        "k": 2012,
                        "d": 778,
                        "a": 38,
                        "w": 0,
                        "l": 0
                    }
                },
                {
                    "season": 4,
                    "ranked": {
                        "k": 2021,
                        "d": 1894,
                        "a": 313,
                        "w": 80,
                        "l": 61
                    },
                    "casual": {
                        "k": 4303,
                        "d": 1574,
                        "a": 360,
                        "w": 163,
                        "l": 19
                    },
                    "custom": {
                        "k": 1481,
                        "d": 921,
                        "a": 110,
                        "w": 0,
                        "l": 0
                    }
                },
                {
                    "season": 5,
                    "ranked": {
                        "k": 182,
                        "d": 159,
                        "a": 24,
                        "w": 11,
                        "l": 2
                    },
                    "casual": {
                        "k": 433,
                        "d": 132,
                        "a": 35,
                        "w": 19,
                        "l": 1
                    },
                    "custom": {
                        "k": 502,
                        "d": 432,
                        "a": 38,
                        "w": 0,
                        "l": 0
                    }
                },
                {
                    "season": 6,
                    "ranked": {
                        "k": 141,
                        "d": 44,
                        "a": 8,
                        "w": 10,
                        "l": 0
                    },
                    "casual": {
                        "k": 0,
                        "d": 0,
                        "a": 0,
                        "w": 0,
                        "l": 0
                    },
                    "custom": {
                        "k": 186,
                        "d": 160,
                        "a": 17,
                        "w": 0,
                        "l": 0
                    }
                }
            ],
            "ranked": {
                "placement_matches_left": 0,
                "highest_rank": 8,
                "rating": 2202,
                "global_position": 160,
                "rank": 9
            }
        },
        "ban": null,
        "reports": [],
        "clan": {
            "basicInfo": {
                "name": "TeamAsian",
                "tag": "azn"
            },
            "id": 83220,
            "memberRank": 40
        }
    }
]