[
    {
        "basicInfo": {
            "userID": 45716424,
            "name": "Jm x",
            "userType": 1,
            "iconID": 318,
            "level": 443
        },
        "userSettings": {
            "blockFriendRequests": false,
            "block_clan_requests": false,
            "equipped_emblem": 64
        },
        "friendStatus": 0,
        "stats": {
            "seasonal_stats": [
                {
                    "season": 0,
                    "ranked": {
                        "k": 4206,
                        "d": 3914,
                        "a": 488,
                        "w": 213,
                        "l": 157
                    },
                    "casual": {
                        "k": 0,
                        "d": 0,
                        "a": 0,
                        "w": 0,
                        "l": 0
                    },
                    "custom": {
                        "k": 62446,
                        "d": 32850,
                        "a": 4662,
                        "w": 0,
                        "l": 0
                    }
                },
                {
                    "season": 1,
                    "ranked": {
                        "k": 393,
                        "d": 299,
                        "a": 61,
                        "w": 21,
                        "l": 11
                    },
                    "casual": {
                        "k": 0,
                        "d": 0,
                        "a": 0,
                        "w": 51,
                        "l": 14
                    },
                    "custom": {
                        "k": 0,
                        "d": 0,
                        "a": 0,
                        "w": 0,
                        "l": 0
                    }
                },
                {
                    "season": 2,
                    "ranked": {
                        "k": 6095,
                        "d": 5569,
                        "a": 861,
                        "w": 304,
                        "l": 228
                    },
                    "casual": {
                        "k": 27,
                        "d": 24,
                        "a": 1,
                        "w": 431,
                        "l": 202
                    },
                    "custom": {
                        "k": 21,
                        "d": 25,
                        "a": 3,
                        "w": 0,
                        "l": 0
                    }
                },
                {
                    "season": 3,
                    "ranked": {
                        "k": 4983,
                        "d": 4690,
                        "a": 610,
                        "w": 198,
                        "l": 108
                    },
                    "casual": {
                        "k": 16374,
                        "d": 7889,
                        "a": 1025,
                        "w": 192,
                        "l": 91
                    },
                    "custom": {
                        "k": 13544,
                        "d": 10959,
                        "a": 1134,
                        "w": 0,
                        "l": 0
                    }
                },
                {
                    "season": 4,
                    "ranked": {
                        "k": 762,
                        "d": 751,
                        "a": 110,
                        "w": 39,
                        "l": 11
                    },
                    "casual": {
                        "k": 13259,
                        "d": 5166,
                        "a": 751,
                        "w": 230,
                        "l": 57
                    },
                    "custom": {
                        "k": 4566,
                        "d": 4713,
                        "a": 495,
                        "w": 0,
                        "l": 0
                    }
                },
                {
                    "season": 5,
                    "ranked": {
                        "k": 820,
                        "d": 666,
                        "a": 90,
                        "w": 47,
                        "l": 7
                    },
                    "casual": {
                        "k": 10389,
                        "d": 3626,
                        "a": 532,
                        "w": 155,
                        "l": 21
                    },
                    "custom": {
                        "k": 2791,
                        "d": 2390,
                        "a": 206,
                        "w": 0,
                        "l": 0
                    }
                },
                {
                    "season": 6,
                    "ranked": {
                        "k": 830,
                        "d": 553,
                        "a": 88,
                        "w": 40,
                        "l": 7
                    },
                    "casual": {
                        "k": 1923,
                        "d": 598,
                        "a": 71,
                        "w": 32,
                        "l": 3
                    },
                    "custom": {
                        "k": 364,
                        "d": 342,
                        "a": 43,
                        "w": 0,
                        "l": 0
                    }
                }
            ],
            "ranked": {
                "placement_matches_left": 0,
                "highest_rank": 9,
                "rating": 2254,
                "global_position": 83,
                "rank": 9
            }
        },
        "ban": null,
        "reports": [],
        "clan": {
            "basicInfo": {
                "name": "euphoria",
                "tag": "euph"
            },
            "id": 86333,
            "memberRank": 10
        }
    }
]