[
    {
        "basicInfo": {
            "userID": 83864213,
            "name": "Jody",
            "userType": 1,
            "iconID": 238,
            "level": 135
        },
        "userSettings": {
            "blockFriendRequests": false,
            "block_clan_requests": false,
            "equipped_emblem": 1
        },
        "friendStatus": 0,
        "stats": {
            "seasonal_stats": [
                {
                    "season": 0,
                    "ranked": {
                        "k": 3006,
                        "d": 2111,
                        "a": 386,
                        "w": 148,
                        "l": 94
                    },
                    "casual": {
                        "k": 0,
                        "d": 0,
                        "a": 0,
                        "w": 0,
                        "l": 0
                    },
                    "custom": {
                        "k": 104565,
                        "d": 45167,
                        "a": 7421,
                        "w": 0,
                        "l": 0
                    }
                },
                {
                    "season": 1,
                    "ranked": {
                        "k": 534,
                        "d": 470,
                        "a": 85,
                        "w": 33,
                        "l": 22
                    },
                    "casual": {
                        "k": 0,
                        "d": 0,
                        "a": 0,
                        "w": 113,
                        "l": 14
                    },
                    "custom": {
                        "k": 0,
                        "d": 0,
                        "a": 0,
                        "w": 0,
                        "l": 0
                    }
                },
                {
                    "season": 2,
                    "ranked": {
                        "k": 2632,
                        "d": 1744,
                        "a": 411,
                        "w": 123,
                        "l": 77
                    },
                    "casual": {
                        "k": 0,
                        "d": 0,
                        "a": 0,
                        "w": 480,
                        "l": 92
                    },
                    "custom": {
                        "k": 0,
                        "d": 0,
                        "a": 0,
                        "w": 0,
                        "l": 0
                    }
                },
                {
                    "season": 3,
                    "ranked": {
                        "k": 259,
                        "d": 235,
                        "a": 43,
                        "w": 12,
                        "l": 5
                    },
                    "casual": {
                        "k": 8995,
                        "d": 2980,
                        "a": 611,
                        "w": 242,
                        "l": 27
                    },
                    "custom": {
                        "k": 4822,
                        "d": 2701,
                        "a": 391,
                        "w": 0,
                        "l": 0
                    }
                },
                {
                    "season": 4,
                    "ranked": {
                        "k": 0,
                        "d": 0,
                        "a": 0,
                        "w": 0,
                        "l": 0
                    },
                    "casual": {
                        "k": 3260,
                        "d": 1090,
                        "a": 203,
                        "w": 58,
                        "l": 8
                    },
                    "custom": {
                        "k": 1881,
                        "d": 1347,
                        "a": 51,
                        "w": 0,
                        "l": 0
                    }
                },
                {
                    "season": 5,
                    "ranked": {
                        "k": 0,
                        "d": 0,
                        "a": 0,
                        "w": 0,
                        "l": 0
                    },
                    "casual": {
                        "k": 744,
                        "d": 244,
                        "a": 58,
                        "w": 27,
                        "l": 1
                    },
                    "custom": {
                        "k": 67,
                        "d": 62,
                        "a": 10,
                        "w": 0,
                        "l": 0
                    }
                },
                {
                    "season": 6,
                    "ranked": {
                        "k": 380,
                        "d": 229,
                        "a": 3,
                        "w": 22,
                        "l": 0
                    },
                    "casual": {
                        "k": 1033,
                        "d": 472,
                        "a": 116,
                        "w": 16,
                        "l": 2
                    },
                    "custom": {
                        "k": 302,
                        "d": 317,
                        "a": 15,
                        "w": 0,
                        "l": 0
                    }
                }
            ],
            "ranked": {
                "placement_matches_left": 0,
                "highest_rank": 9,
                "rating": 2265,
                "global_position": 70,
                "rank": 9
            }
        },
        "ban": null,
        "reports": [],
        "clan": {
            "basicInfo": {
                "name": "igx tag",
                "tag": "igx"
            },
            "id": 115485,
            "memberRank": 40
        }
    }
]