[
    {
        "basicInfo": {
            "userID": 97528216,
            "name": "Joseline",
            "userType": 1,
            "iconID": 188,
            "level": 590
        },
        "userSettings": {
            "blockFriendRequests": false,
            "block_clan_requests": false,
            "equipped_emblem": 188
        },
        "friendStatus": 0,
        "stats": {
            "seasonal_stats": [
                {
                    "season": 0,
                    "ranked": {
                        "k": 1001,
                        "d": 907,
                        "a": 144,
                        "w": 52,
                        "l": 37
                    },
                    "casual": {
                        "k": 0,
                        "d": 0,
                        "a": 0,
                        "w": 0,
                        "l": 0
                    },
                    "custom": {
                        "k": 17527,
                        "d": 8307,
                        "a": 1070,
                        "w": 0,
                        "l": 0
                    }
                },
                {
                    "season": 1,
                    "ranked": {
                        "k": 1023,
                        "d": 634,
                        "a": 112,
                        "w": 52,
                        "l": 24
                    },
                    "casual": {
                        "k": 0,
                        "d": 0,
                        "a": 0,
                        "w": 7,
                        "l": 2
                    },
                    "custom": {
                        "k": 0,
                        "d": 0,
                        "a": 0,
                        "w": 0,
                        "l": 0
                    }
                },
                {
                    "season": 2,
                    "ranked": {
                        "k": 3295,
                        "d": 2481,
                        "a": 462,
                        "w": 155,
                        "l": 123
                    },
                    "casual": {
                        "k": 218,
                        "d": 103,
                        "a": 23,
                        "w": 316,
                        "l": 76
                    },
                    "custom": {
                        "k": 1,
                        "d": 3,
                        "a": 0,
                        "w": 0,
                        "l": 0
                    }
                },
                {
                    "season": 3,
                    "ranked": {
                        "k": 8636,
                        "d": 7593,
                        "a": 1082,
                        "w": 294,
                        "l": 248
                    },
                    "casual": {
                        "k": 14171,
                        "d": 6151,
                        "a": 1116,
                        "w": 732,
                        "l": 276
                    },
                    "custom": {
                        "k": 3195,
                        "d": 741,
                        "a": 7,
                        "w": 0,
                        "l": 0
                    }
                },
                {
                    "season": 4,
                    "ranked": {
                        "k": 11160,
                        "d": 8993,
                        "a": 1135,
                        "w": 347,
                        "l": 303
                    },
                    "casual": {
                        "k": 7444,
                        "d": 3106,
                        "a": 466,
                        "w": 177,
                        "l": 39
                    },
                    "custom": {
                        "k": 3033,
                        "d": 2184,
                        "a": 48,
                        "w": 0,
                        "l": 0
                    }
                },
                {
                    "season": 5,
                    "ranked": {
                        "k": 739,
                        "d": 582,
                        "a": 67,
                        "w": 33,
                        "l": 11
                    },
                    "casual": {
                        "k": 16409,
                        "d": 5275,
                        "a": 999,
                        "w": 334,
                        "l": 39
                    },
                    "custom": {
                        "k": 9648,
                        "d": 2062,
                        "a": 30,
                        "w": 0,
                        "l": 0
                    }
                },
                {
                    "season": 6,
                    "ranked": {
                        "k": 247,
                        "d": 191,
                        "a": 46,
                        "w": 15,
                        "l": 2
                    },
                    "casual": {
                        "k": 9015,
                        "d": 2482,
                        "a": 498,
                        "w": 99,
                        "l": 2
                    },
                    "custom": {
                        "k": 2293,
                        "d": 191,
                        "a": 2,
                        "w": 0,
                        "l": 0
                    }
                }
            ],
            "ranked": {
                "placement_matches_left": 0,
                "highest_rank": 9,
                "rating": 2184,
                "global_position": 201,
                "rank": 9
            }
        },
        "ban": null,
        "reports": [],
        "clan": {
            "basicInfo": {
                "name": "Vision Gaming GG",
                "tag": "vsn"
            },
            "id": 40509,
            "memberRank": 10
        }
    }
]