[
    {
        "basicInfo": {
            "userID": 88198008,
            "name": "Keepz",
            "userType": 1,
            "iconID": 316,
            "level": 427
        },
        "userSettings": {
            "blockFriendRequests": false,
            "block_clan_requests": false,
            "equipped_emblem": 316
        },
        "friendStatus": 0,
        "stats": {
            "seasonal_stats": [
                {
                    "season": 0,
                    "ranked": {
                        "k": 515,
                        "d": 445,
                        "a": 77,
                        "w": 26,
                        "l": 16
                    },
                    "casual": {
                        "k": 0,
                        "d": 0,
                        "a": 0,
                        "w": 70,
                        "l": 34
                    },
                    "custom": {
                        "k": 68916,
                        "d": 33932,
                        "a": 4967,
                        "w": 0,
                        "l": 0
                    }
                },
                {
                    "season": 1,
                    "ranked": {
                        "k": 709,
                        "d": 516,
                        "a": 77,
                        "w": 32,
                        "l": 23
                    },
                    "casual": {
                        "k": 0,
                        "d": 0,
                        "a": 0,
                        "w": 291,
                        "l": 111
                    },
                    "custom": {
                        "k": 0,
                        "d": 0,
                        "a": 0,
                        "w": 0,
                        "l": 0
                    }
                },
                {
                    "season": 2,
                    "ranked": {
                        "k": 775,
                        "d": 732,
                        "a": 101,
                        "w": 42,
                        "l": 29
                    },
                    "casual": {
                        "k": 0,
                        "d": 0,
                        "a": 0,
                        "w": 338,
                        "l": 135
                    },
                    "custom": {
                        "k": 0,
                        "d": 0,
                        "a": 0,
                        "w": 0,
                        "l": 0
                    }
                },
                {
                    "season": 3,
                    "ranked": {
                        "k": 1066,
                        "d": 956,
                        "a": 152,
                        "w": 49,
                        "l": 28
                    },
                    "casual": {
                        "k": 11124,
                        "d": 4907,
                        "a": 938,
                        "w": 305,
                        "l": 90
                    },
                    "custom": {
                        "k": 7886,
                        "d": 5981,
                        "a": 761,
                        "w": 0,
                        "l": 0
                    }
                },
                {
                    "season": 4,
                    "ranked": {
                        "k": 529,
                        "d": 583,
                        "a": 80,
                        "w": 26,
                        "l": 17
                    },
                    "casual": {
                        "k": 9107,
                        "d": 4121,
                        "a": 864,
                        "w": 226,
                        "l": 45
                    },
                    "custom": {
                        "k": 13270,
                        "d": 9289,
                        "a": 1246,
                        "w": 0,
                        "l": 0
                    }
                },
                {
                    "season": 5,
                    "ranked": {
                        "k": 2656,
                        "d": 2101,
                        "a": 417,
                        "w": 140,
                        "l": 37
                    },
                    "casual": {
                        "k": 10057,
                        "d": 3917,
                        "a": 714,
                        "w": 91,
                        "l": 18
                    },
                    "custom": {
                        "k": 3495,
                        "d": 3215,
                        "a": 560,
                        "w": 0,
                        "l": 0
                    }
                },
                {
                    "season": 6,
                    "ranked": {
                        "k": 455,
                        "d": 340,
                        "a": 70,
                        "w": 29,
                        "l": 1
                    },
                    "casual": {
                        "k": 3671,
                        "d": 1307,
                        "a": 249,
                        "w": 30,
                        "l": 2
                    },
                    "custom": {
                        "k": 162,
                        "d": 191,
                        "a": 32,
                        "w": 0,
                        "l": 0
                    }
                }
            ],
            "ranked": {
                "placement_matches_left": 0,
                "highest_rank": 9,
                "rating": 2401,
                "global_position": 11,
                "rank": 9
            }
        },
        "ban": null,
        "reports": [],
        "clan": {
            "basicInfo": {
                "name": "Blackoutx",
                "tag": "btx"
            },
            "id": 52069,
            "memberRank": 10
        }
    }
]