[
    {
        "basicInfo": {
            "userID": 180597337,
            "name": "Key",
            "userType": 1,
            "iconID": 308,
            "level": 115
        },
        "userSettings": {
            "blockFriendRequests": false,
            "block_clan_requests": false,
            "equipped_emblem": 307
        },
        "friendStatus": 0,
        "stats": {
            "seasonal_stats": [
                {
                    "season": 0,
                    "ranked": {
                        "k": 0,
                        "d": 0,
                        "a": 0,
                        "w": 0,
                        "l": 0
                    },
                    "casual": {
                        "k": 0,
                        "d": 0,
                        "a": 0,
                        "w": 0,
                        "l": 0
                    },
                    "custom": {
                        "k": 0,
                        "d": 0,
                        "a": 0,
                        "w": 0,
                        "l": 0
                    }
                },
                {
                    "season": 1,
                    "ranked": {
                        "k": 0,
                        "d": 0,
                        "a": 0,
                        "w": 0,
                        "l": 0
                    },
                    "casual": {
                        "k": 0,
                        "d": 0,
                        "a": 0,
                        "w": 0,
                        "l": 0
                    },
                    "custom": {
                        "k": 0,
                        "d": 0,
                        "a": 0,
                        "w": 0,
                        "l": 0
                    }
                },
                {
                    "season": 2,
                    "ranked": {
                        "k": 0,
                        "d": 0,
                        "a": 0,
                        "w": 0,
                        "l": 0
                    },
                    "casual": {
                        "k": 0,
                        "d": 0,
                        "a": 0,
                        "w": 0,
                        "l": 0
                    },
                    "custom": {
                        "k": 0,
                        "d": 0,
                        "a": 0,
                        "w": 0,
                        "l": 0
                    }
                },
                {
                    "season": 3,
                    "ranked": {
                        "k": 913,
                        "d": 872,
                        "a": 131,
                        "w": 46,
                        "l": 18
                    },
                    "casual": {
                        "k": 1938,
                        "d": 1000,
                        "a": 186,
                        "w": 12,
                        "l": 4
                    },
                    "custom": {
                        "k": 2978,
                        "d": 2775,
                        "a": 251,
                        "w": 0,
                        "l": 0
                    }
                },
                {
                    "season": 4,
                    "ranked": {
                        "k": 1650,
                        "d": 1447,
                        "a": 182,
                        "w": 61,
                        "l": 39
                    },
                    "casual": {
                        "k": 2467,
                        "d": 1419,
                        "a": 215,
                        "w": 68,
                        "l": 18
                    },
                    "custom": {
                        "k": 3565,
                        "d": 3334,
                        "a": 406,
                        "w": 0,
                        "l": 0
                    }
                },
                {
                    "season": 5,
                    "ranked": {
                        "k": 2399,
                        "d": 2074,
                        "a": 337,
                        "w": 79,
                        "l": 61
                    },
                    "casual": {
                        "k": 394,
                        "d": 195,
                        "a": 20,
                        "w": 4,
                        "l": 0
                    },
                    "custom": {
                        "k": 1965,
                        "d": 1841,
                        "a": 252,
                        "w": 0,
                        "l": 0
                    }
                },
                {
                    "season": 6,
                    "ranked": {
                        "k": 979,
                        "d": 743,
                        "a": 111,
                        "w": 44,
                        "l": 13
                    },
                    "casual": {
                        "k": 357,
                        "d": 141,
                        "a": 26,
                        "w": 1,
                        "l": 0
                    },
                    "custom": {
                        "k": 1092,
                        "d": 1001,
                        "a": 136,
                        "w": 0,
                        "l": 0
                    }
                }
            ],
            "ranked": {
                "placement_matches_left": 0,
                "highest_rank": 9,
                "rating": 2178,
                "global_position": 222,
                "rank": 9
            }
        },
        "ban": null,
        "reports": [],
        "clan": {
            "basicInfo": {
                "name": "Unbreakable",
                "tag": "UNB"
            },
            "id": 5178,
            "memberRank": 10
        }
    }
]