[
    {
        "basicInfo": {
            "userID": 147110936,
            "name": "Keys",
            "userType": 1,
            "iconID": 251,
            "level": 575
        },
        "userSettings": {
            "blockFriendRequests": true,
            "block_clan_requests": true,
            "equipped_emblem": 316
        },
        "friendStatus": 0,
        "stats": {
            "seasonal_stats": [
                {
                    "season": 0,
                    "ranked": {
                        "k": 0,
                        "d": 0,
                        "a": 0,
                        "w": 0,
                        "l": 0
                    },
                    "casual": {
                        "k": 0,
                        "d": 0,
                        "a": 0,
                        "w": 0,
                        "l": 0
                    },
                    "custom": {
                        "k": 23150,
                        "d": 11762,
                        "a": 1745,
                        "w": 0,
                        "l": 0
                    }
                },
                {
                    "season": 1,
                    "ranked": {
                        "k": 3918,
                        "d": 2079,
                        "a": 344,
                        "w": 169,
                        "l": 83
                    },
                    "casual": {
                        "k": 0,
                        "d": 0,
                        "a": 0,
                        "w": 28,
                        "l": 9
                    },
                    "custom": {
                        "k": 0,
                        "d": 0,
                        "a": 0,
                        "w": 0,
                        "l": 0
                    }
                },
                {
                    "season": 2,
                    "ranked": {
                        "k": 11557,
                        "d": 8229,
                        "a": 1264,
                        "w": 559,
                        "l": 324
                    },
                    "casual": {
                        "k": 171,
                        "d": 67,
                        "a": 8,
                        "w": 155,
                        "l": 25
                    },
                    "custom": {
                        "k": 113,
                        "d": 108,
                        "a": 15,
                        "w": 0,
                        "l": 0
                    }
                },
                {
                    "season": 3,
                    "ranked": {
                        "k": 3093,
                        "d": 2325,
                        "a": 321,
                        "w": 96,
                        "l": 64
                    },
                    "casual": {
                        "k": 6365,
                        "d": 2283,
                        "a": 354,
                        "w": 73,
                        "l": 15
                    },
                    "custom": {
                        "k": 2814,
                        "d": 2724,
                        "a": 329,
                        "w": 0,
                        "l": 0
                    }
                },
                {
                    "season": 4,
                    "ranked": {
                        "k": 5102,
                        "d": 4731,
                        "a": 571,
                        "w": 179,
                        "l": 148
                    },
                    "casual": {
                        "k": 18838,
                        "d": 7842,
                        "a": 1148,
                        "w": 329,
                        "l": 72
                    },
                    "custom": {
                        "k": 2335,
                        "d": 2120,
                        "a": 173,
                        "w": 0,
                        "l": 0
                    }
                },
                {
                    "season": 5,
                    "ranked": {
                        "k": 7796,
                        "d": 6860,
                        "a": 992,
                        "w": 273,
                        "l": 196
                    },
                    "casual": {
                        "k": 12171,
                        "d": 5287,
                        "a": 774,
                        "w": 199,
                        "l": 47
                    },
                    "custom": {
                        "k": 1916,
                        "d": 1846,
                        "a": 142,
                        "w": 0,
                        "l": 0
                    }
                },
                {
                    "season": 6,
                    "ranked": {
                        "k": 2449,
                        "d": 2055,
                        "a": 312,
                        "w": 102,
                        "l": 46
                    },
                    "casual": {
                        "k": 5941,
                        "d": 2630,
                        "a": 390,
                        "w": 98,
                        "l": 26
                    },
                    "custom": {
                        "k": 523,
                        "d": 305,
                        "a": 33,
                        "w": 0,
                        "l": 0
                    }
                }
            ],
            "ranked": {
                "placement_matches_left": 0,
                "highest_rank": 9,
                "rating": 2198,
                "global_position": 170,
                "rank": 9
            }
        },
        "ban": null,
        "reports": [],
        "clan": {
            "basicInfo": {
                "name": "CsPRoGaMeRZ",
                "tag": "CsPG"
            },
            "id": 11,
            "memberRank": 10
        }
    }
]