[
    {
        "basicInfo": {
            "userID": 27383846,
            "name": "King Genzai",
            "userType": 1,
            "iconID": 56,
            "level": 533
        },
        "userSettings": {
            "blockFriendRequests": false,
            "block_clan_requests": false,
            "equipped_emblem": 21
        },
        "friendStatus": 0,
        "stats": {
            "seasonal_stats": [
                {
                    "season": 0,
                    "ranked": {
                        "k": 6920,
                        "d": 5619,
                        "a": 1047,
                        "w": 324,
                        "l": 209
                    },
                    "casual": {
                        "k": 0,
                        "d": 0,
                        "a": 0,
                        "w": 2,
                        "l": 1
                    },
                    "custom": {
                        "k": 146241,
                        "d": 64952,
                        "a": 9276,
                        "w": 0,
                        "l": 0
                    }
                },
                {
                    "season": 1,
                    "ranked": {
                        "k": 4422,
                        "d": 3070,
                        "a": 703,
                        "w": 204,
                        "l": 119
                    },
                    "casual": {
                        "k": 0,
                        "d": 0,
                        "a": 0,
                        "w": 612,
                        "l": 153
                    },
                    "custom": {
                        "k": 0,
                        "d": 0,
                        "a": 0,
                        "w": 0,
                        "l": 0
                    }
                },
                {
                    "season": 2,
                    "ranked": {
                        "k": 5256,
                        "d": 3556,
                        "a": 759,
                        "w": 215,
                        "l": 156
                    },
                    "casual": {
                        "k": 0,
                        "d": 0,
                        "a": 0,
                        "w": 400,
                        "l": 115
                    },
                    "custom": {
                        "k": 483,
                        "d": 369,
                        "a": 10,
                        "w": 1,
                        "l": 1
                    }
                },
                {
                    "season": 3,
                    "ranked": {
                        "k": 893,
                        "d": 751,
                        "a": 140,
                        "w": 31,
                        "l": 22
                    },
                    "casual": {
                        "k": 3160,
                        "d": 1007,
                        "a": 229,
                        "w": 56,
                        "l": 13
                    },
                    "custom": {
                        "k": 3448,
                        "d": 2228,
                        "a": 156,
                        "w": 0,
                        "l": 0
                    }
                },
                {
                    "season": 4,
                    "ranked": {
                        "k": 5831,
                        "d": 4495,
                        "a": 689,
                        "w": 181,
                        "l": 129
                    },
                    "casual": {
                        "k": 14277,
                        "d": 5113,
                        "a": 935,
                        "w": 242,
                        "l": 39
                    },
                    "custom": {
                        "k": 8875,
                        "d": 6592,
                        "a": 486,
                        "w": 0,
                        "l": 0
                    }
                },
                {
                    "season": 5,
                    "ranked": {
                        "k": 1638,
                        "d": 1334,
                        "a": 217,
                        "w": 51,
                        "l": 38
                    },
                    "casual": {
                        "k": 1029,
                        "d": 376,
                        "a": 69,
                        "w": 14,
                        "l": 0
                    },
                    "custom": {
                        "k": 2323,
                        "d": 1798,
                        "a": 187,
                        "w": 0,
                        "l": 0
                    }
                },
                {
                    "season": 6,
                    "ranked": {
                        "k": 452,
                        "d": 355,
                        "a": 71,
                        "w": 24,
                        "l": 2
                    },
                    "casual": {
                        "k": 501,
                        "d": 184,
                        "a": 34,
                        "w": 5,
                        "l": 0
                    },
                    "custom": {
                        "k": 279,
                        "d": 201,
                        "a": 30,
                        "w": 0,
                        "l": 0
                    }
                }
            ],
            "ranked": {
                "placement_matches_left": 0,
                "highest_rank": 9,
                "rating": 2280,
                "global_position": 57,
                "rank": 9
            }
        },
        "ban": null,
        "reports": [],
        "clan": {
            "basicInfo": {
                "name": "Exist4Frag",
                "tag": "E4F"
            },
            "id": 3248,
            "memberRank": 10
        }
    }
]