[
    {
        "basicInfo": {
            "userID": 91233782,
            "name": "kitaxe",
            "userType": 1,
            "iconID": 19,
            "level": 482
        },
        "userSettings": {
            "blockFriendRequests": false,
            "block_clan_requests": false,
            "equipped_emblem": 24
        },
        "friendStatus": 0,
        "stats": {
            "seasonal_stats": [
                {
                    "season": 0,
                    "ranked": {
                        "k": 23107,
                        "d": 18682,
                        "a": 2533,
                        "w": 1036,
                        "l": 870
                    },
                    "casual": {
                        "k": 0,
                        "d": 0,
                        "a": 0,
                        "w": 0,
                        "l": 0
                    },
                    "custom": {
                        "k": 99811,
                        "d": 35267,
                        "a": 4404,
                        "w": 0,
                        "l": 0
                    }
                },
                {
                    "season": 1,
                    "ranked": {
                        "k": 6259,
                        "d": 5068,
                        "a": 725,
                        "w": 280,
                        "l": 254
                    },
                    "casual": {
                        "k": 0,
                        "d": 0,
                        "a": 0,
                        "w": 111,
                        "l": 40
                    },
                    "custom": {
                        "k": 0,
                        "d": 0,
                        "a": 0,
                        "w": 0,
                        "l": 0
                    }
                },
                {
                    "season": 2,
                    "ranked": {
                        "k": 7193,
                        "d": 5619,
                        "a": 872,
                        "w": 319,
                        "l": 252
                    },
                    "casual": {
                        "k": 92,
                        "d": 45,
                        "a": 10,
                        "w": 284,
                        "l": 151
                    },
                    "custom": {
                        "k": 2,
                        "d": 1,
                        "a": 0,
                        "w": 0,
                        "l": 0
                    }
                },
                {
                    "season": 3,
                    "ranked": {
                        "k": 1098,
                        "d": 1292,
                        "a": 125,
                        "w": 38,
                        "l": 47
                    },
                    "casual": {
                        "k": 9197,
                        "d": 4254,
                        "a": 661,
                        "w": 108,
                        "l": 54
                    },
                    "custom": {
                        "k": 2633,
                        "d": 2481,
                        "a": 130,
                        "w": 0,
                        "l": 0
                    }
                },
                {
                    "season": 4,
                    "ranked": {
                        "k": 7098,
                        "d": 7009,
                        "a": 951,
                        "w": 256,
                        "l": 205
                    },
                    "casual": {
                        "k": 14910,
                        "d": 6774,
                        "a": 1100,
                        "w": 33,
                        "l": 6
                    },
                    "custom": {
                        "k": 8168,
                        "d": 7791,
                        "a": 232,
                        "w": 0,
                        "l": 0
                    }
                },
                {
                    "season": 5,
                    "ranked": {
                        "k": 5374,
                        "d": 4970,
                        "a": 725,
                        "w": 182,
                        "l": 148
                    },
                    "casual": {
                        "k": 13120,
                        "d": 6517,
                        "a": 931,
                        "w": 48,
                        "l": 22
                    },
                    "custom": {
                        "k": 3673,
                        "d": 3369,
                        "a": 129,
                        "w": 0,
                        "l": 0
                    }
                },
                {
                    "season": 6,
                    "ranked": {
                        "k": 1640,
                        "d": 1341,
                        "a": 202,
                        "w": 72,
                        "l": 25
                    },
                    "casual": {
                        "k": 5273,
                        "d": 2519,
                        "a": 412,
                        "w": 14,
                        "l": 4
                    },
                    "custom": {
                        "k": 413,
                        "d": 356,
                        "a": 29,
                        "w": 0,
                        "l": 0
                    }
                }
            ],
            "ranked": {
                "placement_matches_left": 0,
                "highest_rank": 9,
                "rating": 2177,
                "global_position": 224,
                "rank": 9
            }
        },
        "ban": null,
        "reports": [],
        "clan": {
            "basicInfo": {
                "name": "Meet Y Makers",
                "tag": "mYm"
            },
            "id": 57514,
            "memberRank": 10
        }
    }
]