[
    {
        "basicInfo": {
            "userID": 187724742,
            "name": "Kiya",
            "userType": 1,
            "iconID": 271,
            "level": 207
        },
        "userSettings": {
            "blockFriendRequests": false,
            "block_clan_requests": false,
            "equipped_emblem": 1
        },
        "friendStatus": 0,
        "stats": {
            "seasonal_stats": [
                {
                    "season": 0,
                    "ranked": {
                        "k": 0,
                        "d": 0,
                        "a": 0,
                        "w": 0,
                        "l": 0
                    },
                    "casual": {
                        "k": 0,
                        "d": 0,
                        "a": 0,
                        "w": 0,
                        "l": 0
                    },
                    "custom": {
                        "k": 0,
                        "d": 0,
                        "a": 0,
                        "w": 0,
                        "l": 0
                    }
                },
                {
                    "season": 1,
                    "ranked": {
                        "k": 0,
                        "d": 0,
                        "a": 0,
                        "w": 0,
                        "l": 0
                    },
                    "casual": {
                        "k": 0,
                        "d": 0,
                        "a": 0,
                        "w": 0,
                        "l": 0
                    },
                    "custom": {
                        "k": 0,
                        "d": 0,
                        "a": 0,
                        "w": 0,
                        "l": 0
                    }
                },
                {
                    "season": 2,
                    "ranked": {
                        "k": 0,
                        "d": 0,
                        "a": 0,
                        "w": 0,
                        "l": 0
                    },
                    "casual": {
                        "k": 0,
                        "d": 0,
                        "a": 0,
                        "w": 0,
                        "l": 0
                    },
                    "custom": {
                        "k": 0,
                        "d": 0,
                        "a": 0,
                        "w": 0,
                        "l": 0
                    }
                },
                {
                    "season": 3,
                    "ranked": {
                        "k": 0,
                        "d": 0,
                        "a": 0,
                        "w": 0,
                        "l": 0
                    },
                    "casual": {
                        "k": 0,
                        "d": 0,
                        "a": 0,
                        "w": 0,
                        "l": 0
                    },
                    "custom": {
                        "k": 0,
                        "d": 0,
                        "a": 0,
                        "w": 0,
                        "l": 0
                    }
                },
                {
                    "season": 4,
                    "ranked": {
                        "k": 523,
                        "d": 370,
                        "a": 57,
                        "w": 24,
                        "l": 6
                    },
                    "casual": {
                        "k": 17936,
                        "d": 8919,
                        "a": 1410,
                        "w": 421,
                        "l": 112
                    },
                    "custom": {
                        "k": 9434,
                        "d": 1812,
                        "a": 91,
                        "w": 0,
                        "l": 0
                    }
                },
                {
                    "season": 5,
                    "ranked": {
                        "k": 619,
                        "d": 592,
                        "a": 78,
                        "w": 28,
                        "l": 14
                    },
                    "casual": {
                        "k": 31225,
                        "d": 17410,
                        "a": 2736,
                        "w": 818,
                        "l": 248
                    },
                    "custom": {
                        "k": 2138,
                        "d": 2564,
                        "a": 195,
                        "w": 0,
                        "l": 0
                    }
                },
                {
                    "season": 6,
                    "ranked": {
                        "k": 213,
                        "d": 115,
                        "a": 17,
                        "w": 11,
                        "l": 1
                    },
                    "casual": {
                        "k": 15721,
                        "d": 6818,
                        "a": 1231,
                        "w": 322,
                        "l": 84
                    },
                    "custom": {
                        "k": 4624,
                        "d": 1626,
                        "a": 102,
                        "w": 0,
                        "l": 0
                    }
                }
            ],
            "ranked": {
                "placement_matches_left": 0,
                "highest_rank": 9,
                "rating": 2225,
                "global_position": 114,
                "rank": 9
            }
        },
        "ban": null,
        "reports": [],
        "clan": {
            "basicInfo": {
                "name": "Europium",
                "tag": "EU"
            },
            "id": 11415,
            "memberRank": 10
        }
    }
]