[
    {
        "basicInfo": {
            "userID": 173474535,
            "name": "KOM4NDO",
            "userType": 1,
            "iconID": 1,
            "level": 106
        },
        "userSettings": {
            "blockFriendRequests": false,
            "block_clan_requests": false,
            "equipped_emblem": 1
        },
        "friendStatus": 0,
        "stats": {
            "seasonal_stats": [
                {
                    "season": 0,
                    "ranked": {
                        "k": 0,
                        "d": 0,
                        "a": 0,
                        "w": 0,
                        "l": 0
                    },
                    "casual": {
                        "k": 0,
                        "d": 0,
                        "a": 0,
                        "w": 0,
                        "l": 0
                    },
                    "custom": {
                        "k": 2040,
                        "d": 519,
                        "a": 100,
                        "w": 0,
                        "l": 0
                    }
                },
                {
                    "season": 1,
                    "ranked": {
                        "k": 0,
                        "d": 0,
                        "a": 0,
                        "w": 0,
                        "l": 0
                    },
                    "casual": {
                        "k": 0,
                        "d": 0,
                        "a": 0,
                        "w": 0,
                        "l": 0
                    },
                    "custom": {
                        "k": 0,
                        "d": 0,
                        "a": 0,
                        "w": 0,
                        "l": 0
                    }
                },
                {
                    "season": 2,
                    "ranked": {
                        "k": 0,
                        "d": 0,
                        "a": 0,
                        "w": 0,
                        "l": 0
                    },
                    "casual": {
                        "k": 143,
                        "d": 39,
                        "a": 9,
                        "w": 41,
                        "l": 4
                    },
                    "custom": {
                        "k": 0,
                        "d": 0,
                        "a": 0,
                        "w": 0,
                        "l": 0
                    }
                },
                {
                    "season": 3,
                    "ranked": {
                        "k": 5285,
                        "d": 2877,
                        "a": 465,
                        "w": 160,
                        "l": 76
                    },
                    "casual": {
                        "k": 718,
                        "d": 262,
                        "a": 46,
                        "w": 9,
                        "l": 3
                    },
                    "custom": {
                        "k": 8187,
                        "d": 4478,
                        "a": 21,
                        "w": 0,
                        "l": 0
                    }
                },
                {
                    "season": 4,
                    "ranked": {
                        "k": 1529,
                        "d": 767,
                        "a": 162,
                        "w": 48,
                        "l": 17
                    },
                    "casual": {
                        "k": 1374,
                        "d": 418,
                        "a": 64,
                        "w": 17,
                        "l": 1
                    },
                    "custom": {
                        "k": 65,
                        "d": 36,
                        "a": 0,
                        "w": 0,
                        "l": 0
                    }
                },
                {
                    "season": 5,
                    "ranked": {
                        "k": 852,
                        "d": 509,
                        "a": 98,
                        "w": 31,
                        "l": 12
                    },
                    "casual": {
                        "k": 1525,
                        "d": 568,
                        "a": 108,
                        "w": 42,
                        "l": 5
                    },
                    "custom": {
                        "k": 250,
                        "d": 143,
                        "a": 9,
                        "w": 0,
                        "l": 0
                    }
                },
                {
                    "season": 6,
                    "ranked": {
                        "k": 370,
                        "d": 212,
                        "a": 37,
                        "w": 19,
                        "l": 3
                    },
                    "casual": {
                        "k": 1503,
                        "d": 571,
                        "a": 91,
                        "w": 23,
                        "l": 5
                    },
                    "custom": {
                        "k": 1715,
                        "d": 150,
                        "a": 0,
                        "w": 0,
                        "l": 0
                    }
                }
            ],
            "ranked": {
                "placement_matches_left": 0,
                "highest_rank": 9,
                "rating": 2215,
                "global_position": 133,
                "rank": 9
            }
        },
        "ban": null,
        "reports": [],
        "clan": {
            "basicInfo": {
                "name": "Sky2Fly",
                "tag": "S2F"
            },
            "id": 28,
            "memberRank": 10
        }
    }
]