[
    {
        "basicInfo": {
            "userID": 69604615,
            "name": "KxmTheGoat",
            "userType": 1,
            "iconID": 129,
            "level": 549
        },
        "userSettings": {
            "blockFriendRequests": false,
            "block_clan_requests": false,
            "equipped_emblem": 129
        },
        "friendStatus": 0,
        "stats": {
            "seasonal_stats": [
                {
                    "season": 0,
                    "ranked": {
                        "k": 17986,
                        "d": 15564,
                        "a": 2556,
                        "w": 866,
                        "l": 602
                    },
                    "casual": {
                        "k": 0,
                        "d": 0,
                        "a": 0,
                        "w": 1,
                        "l": 0
                    },
                    "custom": {
                        "k": 248187,
                        "d": 157941,
                        "a": 22945,
                        "w": 0,
                        "l": 0
                    }
                },
                {
                    "season": 1,
                    "ranked": {
                        "k": 5047,
                        "d": 3620,
                        "a": 589,
                        "w": 228,
                        "l": 152
                    },
                    "casual": {
                        "k": 0,
                        "d": 0,
                        "a": 0,
                        "w": 88,
                        "l": 41
                    },
                    "custom": {
                        "k": 0,
                        "d": 0,
                        "a": 0,
                        "w": 0,
                        "l": 0
                    }
                },
                {
                    "season": 2,
                    "ranked": {
                        "k": 12401,
                        "d": 9019,
                        "a": 1570,
                        "w": 544,
                        "l": 391
                    },
                    "casual": {
                        "k": 0,
                        "d": 0,
                        "a": 0,
                        "w": 203,
                        "l": 75
                    },
                    "custom": {
                        "k": 427,
                        "d": 295,
                        "a": 33,
                        "w": 0,
                        "l": 0
                    }
                },
                {
                    "season": 3,
                    "ranked": {
                        "k": 11372,
                        "d": 7500,
                        "a": 1149,
                        "w": 302,
                        "l": 219
                    },
                    "casual": {
                        "k": 1624,
                        "d": 750,
                        "a": 143,
                        "w": 41,
                        "l": 9
                    },
                    "custom": {
                        "k": 18259,
                        "d": 11134,
                        "a": 1406,
                        "w": 0,
                        "l": 0
                    }
                },
                {
                    "season": 4,
                    "ranked": {
                        "k": 6072,
                        "d": 5057,
                        "a": 706,
                        "w": 187,
                        "l": 151
                    },
                    "casual": {
                        "k": 7200,
                        "d": 2799,
                        "a": 472,
                        "w": 105,
                        "l": 25
                    },
                    "custom": {
                        "k": 37151,
                        "d": 20963,
                        "a": 2656,
                        "w": 0,
                        "l": 0
                    }
                },
                {
                    "season": 5,
                    "ranked": {
                        "k": 3710,
                        "d": 3023,
                        "a": 391,
                        "w": 115,
                        "l": 80
                    },
                    "casual": {
                        "k": 10211,
                        "d": 3756,
                        "a": 579,
                        "w": 51,
                        "l": 12
                    },
                    "custom": {
                        "k": 4943,
                        "d": 2811,
                        "a": 288,
                        "w": 0,
                        "l": 0
                    }
                },
                {
                    "season": 6,
                    "ranked": {
                        "k": 1853,
                        "d": 1370,
                        "a": 256,
                        "w": 75,
                        "l": 23
                    },
                    "casual": {
                        "k": 2947,
                        "d": 1139,
                        "a": 191,
                        "w": 10,
                        "l": 1
                    },
                    "custom": {
                        "k": 1430,
                        "d": 1045,
                        "a": 56,
                        "w": 0,
                        "l": 0
                    }
                }
            ],
            "ranked": {
                "placement_matches_left": 0,
                "highest_rank": 9,
                "rating": 2211,
                "global_position": 138,
                "rank": 9
            }
        },
        "ban": null,
        "reports": [],
        "clan": {
            "basicInfo": {
                "name": "Burnin",
                "tag": "hell"
            },
            "id": 86237,
            "memberRank": 10
        }
    }
]