[
    {
        "basicInfo": {
            "userID": 102550045,
            "name": "Laws",
            "userType": 1,
            "iconID": 295,
            "level": 499
        },
        "userSettings": {
            "blockFriendRequests": false,
            "block_clan_requests": false,
            "equipped_emblem": 295
        },
        "friendStatus": 0,
        "stats": {
            "seasonal_stats": [
                {
                    "season": 0,
                    "ranked": {
                        "k": 2,
                        "d": 1,
                        "a": 1,
                        "w": 0,
                        "l": 0
                    },
                    "casual": {
                        "k": 0,
                        "d": 0,
                        "a": 0,
                        "w": 0,
                        "l": 0
                    },
                    "custom": {
                        "k": 22310,
                        "d": 8734,
                        "a": 1510,
                        "w": 0,
                        "l": 0
                    }
                },
                {
                    "season": 1,
                    "ranked": {
                        "k": 0,
                        "d": 0,
                        "a": 0,
                        "w": 0,
                        "l": 0
                    },
                    "casual": {
                        "k": 0,
                        "d": 0,
                        "a": 0,
                        "w": 0,
                        "l": 0
                    },
                    "custom": {
                        "k": 0,
                        "d": 0,
                        "a": 0,
                        "w": 0,
                        "l": 0
                    }
                },
                {
                    "season": 2,
                    "ranked": {
                        "k": 5561,
                        "d": 4127,
                        "a": 727,
                        "w": 259,
                        "l": 188
                    },
                    "casual": {
                        "k": 0,
                        "d": 0,
                        "a": 0,
                        "w": 453,
                        "l": 105
                    },
                    "custom": {
                        "k": 0,
                        "d": 0,
                        "a": 0,
                        "w": 0,
                        "l": 0
                    }
                },
                {
                    "season": 3,
                    "ranked": {
                        "k": 5014,
                        "d": 4012,
                        "a": 616,
                        "w": 195,
                        "l": 101
                    },
                    "casual": {
                        "k": 25881,
                        "d": 10241,
                        "a": 1819,
                        "w": 531,
                        "l": 148
                    },
                    "custom": {
                        "k": 7002,
                        "d": 4939,
                        "a": 577,
                        "w": 0,
                        "l": 0
                    }
                },
                {
                    "season": 4,
                    "ranked": {
                        "k": 2654,
                        "d": 1809,
                        "a": 296,
                        "w": 99,
                        "l": 38
                    },
                    "casual": {
                        "k": 23584,
                        "d": 8926,
                        "a": 1340,
                        "w": 425,
                        "l": 105
                    },
                    "custom": {
                        "k": 12176,
                        "d": 9627,
                        "a": 1113,
                        "w": 0,
                        "l": 0
                    }
                },
                {
                    "season": 5,
                    "ranked": {
                        "k": 1264,
                        "d": 962,
                        "a": 152,
                        "w": 70,
                        "l": 10
                    },
                    "casual": {
                        "k": 11830,
                        "d": 4606,
                        "a": 698,
                        "w": 193,
                        "l": 58
                    },
                    "custom": {
                        "k": 4001,
                        "d": 3293,
                        "a": 418,
                        "w": 0,
                        "l": 0
                    }
                },
                {
                    "season": 6,
                    "ranked": {
                        "k": 482,
                        "d": 376,
                        "a": 80,
                        "w": 27,
                        "l": 3
                    },
                    "casual": {
                        "k": 2178,
                        "d": 729,
                        "a": 131,
                        "w": 33,
                        "l": 4
                    },
                    "custom": {
                        "k": 338,
                        "d": 287,
                        "a": 34,
                        "w": 0,
                        "l": 0
                    }
                }
            ],
            "ranked": {
                "placement_matches_left": 0,
                "highest_rank": 9,
                "rating": 2272,
                "global_position": 63,
                "rank": 9
            }
        },
        "ban": null,
        "reports": [],
        "clan": {
            "basicInfo": {
                "name": "Underestimated",
                "tag": "UE"
            },
            "id": 1287,
            "memberRank": 10
        }
    }
]