[
    {
        "basicInfo": {
            "userID": 67483926,
            "name": "Legend",
            "userType": 1,
            "iconID": 183,
            "level": 460
        },
        "userSettings": {
            "blockFriendRequests": false,
            "block_clan_requests": false,
            "equipped_emblem": 183
        },
        "friendStatus": 0,
        "stats": {
            "seasonal_stats": [
                {
                    "season": 0,
                    "ranked": {
                        "k": 8004,
                        "d": 7515,
                        "a": 1123,
                        "w": 531,
                        "l": 291
                    },
                    "casual": {
                        "k": 0,
                        "d": 0,
                        "a": 0,
                        "w": 2,
                        "l": 1
                    },
                    "custom": {
                        "k": 143423,
                        "d": 53546,
                        "a": 6995,
                        "w": 0,
                        "l": 0
                    }
                },
                {
                    "season": 1,
                    "ranked": {
                        "k": 761,
                        "d": 570,
                        "a": 79,
                        "w": 42,
                        "l": 31
                    },
                    "casual": {
                        "k": 0,
                        "d": 0,
                        "a": 0,
                        "w": 224,
                        "l": 67
                    },
                    "custom": {
                        "k": 0,
                        "d": 0,
                        "a": 0,
                        "w": 0,
                        "l": 0
                    }
                },
                {
                    "season": 2,
                    "ranked": {
                        "k": 5067,
                        "d": 4034,
                        "a": 643,
                        "w": 315,
                        "l": 165
                    },
                    "casual": {
                        "k": 214,
                        "d": 56,
                        "a": 11,
                        "w": 1502,
                        "l": 380
                    },
                    "custom": {
                        "k": 191,
                        "d": 97,
                        "a": 8,
                        "w": 0,
                        "l": 0
                    }
                },
                {
                    "season": 3,
                    "ranked": {
                        "k": 3005,
                        "d": 1978,
                        "a": 315,
                        "w": 115,
                        "l": 47
                    },
                    "casual": {
                        "k": 32903,
                        "d": 12179,
                        "a": 2081,
                        "w": 732,
                        "l": 149
                    },
                    "custom": {
                        "k": 5524,
                        "d": 3535,
                        "a": 164,
                        "w": 0,
                        "l": 0
                    }
                },
                {
                    "season": 4,
                    "ranked": {
                        "k": 750,
                        "d": 591,
                        "a": 86,
                        "w": 22,
                        "l": 22
                    },
                    "casual": {
                        "k": 6111,
                        "d": 2302,
                        "a": 411,
                        "w": 182,
                        "l": 26
                    },
                    "custom": {
                        "k": 264,
                        "d": 168,
                        "a": 14,
                        "w": 0,
                        "l": 0
                    }
                },
                {
                    "season": 5,
                    "ranked": {
                        "k": 565,
                        "d": 359,
                        "a": 265,
                        "w": 35,
                        "l": 4
                    },
                    "casual": {
                        "k": 21780,
                        "d": 8755,
                        "a": 1432,
                        "w": 485,
                        "l": 102
                    },
                    "custom": {
                        "k": 736,
                        "d": 651,
                        "a": 119,
                        "w": 0,
                        "l": 0
                    }
                },
                {
                    "season": 6,
                    "ranked": {
                        "k": 223,
                        "d": 126,
                        "a": 23,
                        "w": 10,
                        "l": 1
                    },
                    "casual": {
                        "k": 305,
                        "d": 144,
                        "a": 14,
                        "w": 9,
                        "l": 2
                    },
                    "custom": {
                        "k": 411,
                        "d": 246,
                        "a": 12,
                        "w": 0,
                        "l": 0
                    }
                }
            ],
            "ranked": {
                "placement_matches_left": 0,
                "highest_rank": 9,
                "rating": 2192,
                "global_position": 187,
                "rank": 9
            }
        },
        "ban": null,
        "reports": [],
        "clan": {
            "basicInfo": {
                "name": "Seventeen",
                "tag": "XVIl"
            },
            "id": 59208,
            "memberRank": 10
        }
    }
]