[
    {
        "basicInfo": {
            "userID": 72823558,
            "name": "LegioN",
            "userType": 1,
            "iconID": 287,
            "level": 450
        },
        "userSettings": {
            "blockFriendRequests": false,
            "block_clan_requests": false,
            "equipped_emblem": 287
        },
        "friendStatus": 0,
        "stats": {
            "seasonal_stats": [
                {
                    "season": 0,
                    "ranked": {
                        "k": 7097,
                        "d": 5777,
                        "a": 899,
                        "w": 349,
                        "l": 254
                    },
                    "casual": {
                        "k": 0,
                        "d": 0,
                        "a": 0,
                        "w": 0,
                        "l": 1
                    },
                    "custom": {
                        "k": 95984,
                        "d": 58387,
                        "a": 7926,
                        "w": 0,
                        "l": 0
                    }
                },
                {
                    "season": 1,
                    "ranked": {
                        "k": 3472,
                        "d": 2984,
                        "a": 385,
                        "w": 174,
                        "l": 137
                    },
                    "casual": {
                        "k": 0,
                        "d": 0,
                        "a": 0,
                        "w": 417,
                        "l": 134
                    },
                    "custom": {
                        "k": 0,
                        "d": 0,
                        "a": 0,
                        "w": 0,
                        "l": 0
                    }
                },
                {
                    "season": 2,
                    "ranked": {
                        "k": 9513,
                        "d": 8236,
                        "a": 1334,
                        "w": 483,
                        "l": 342
                    },
                    "casual": {
                        "k": 0,
                        "d": 0,
                        "a": 0,
                        "w": 269,
                        "l": 182
                    },
                    "custom": {
                        "k": 209,
                        "d": 168,
                        "a": 25,
                        "w": 0,
                        "l": 0
                    }
                },
                {
                    "season": 3,
                    "ranked": {
                        "k": 5828,
                        "d": 4697,
                        "a": 740,
                        "w": 180,
                        "l": 133
                    },
                    "casual": {
                        "k": 860,
                        "d": 353,
                        "a": 65,
                        "w": 18,
                        "l": 36
                    },
                    "custom": {
                        "k": 10600,
                        "d": 9442,
                        "a": 1379,
                        "w": 0,
                        "l": 0
                    }
                },
                {
                    "season": 4,
                    "ranked": {
                        "k": 5212,
                        "d": 4773,
                        "a": 663,
                        "w": 206,
                        "l": 130
                    },
                    "casual": {
                        "k": 402,
                        "d": 222,
                        "a": 44,
                        "w": 4,
                        "l": 5
                    },
                    "custom": {
                        "k": 5777,
                        "d": 5646,
                        "a": 727,
                        "w": 0,
                        "l": 0
                    }
                },
                {
                    "season": 5,
                    "ranked": {
                        "k": 1461,
                        "d": 1335,
                        "a": 228,
                        "w": 60,
                        "l": 35
                    },
                    "casual": {
                        "k": 350,
                        "d": 155,
                        "a": 24,
                        "w": 5,
                        "l": 0
                    },
                    "custom": {
                        "k": 8560,
                        "d": 6449,
                        "a": 764,
                        "w": 0,
                        "l": 0
                    }
                },
                {
                    "season": 6,
                    "ranked": {
                        "k": 189,
                        "d": 93,
                        "a": 25,
                        "w": 10,
                        "l": 0
                    },
                    "casual": {
                        "k": 0,
                        "d": 0,
                        "a": 0,
                        "w": 0,
                        "l": 0
                    },
                    "custom": {
                        "k": 3721,
                        "d": 2448,
                        "a": 210,
                        "w": 0,
                        "l": 0
                    }
                }
            ],
            "ranked": {
                "placement_matches_left": 0,
                "highest_rank": 9,
                "rating": 2214,
                "global_position": 135,
                "rank": 9
            }
        },
        "ban": null,
        "reports": [],
        "clan": {
            "basicInfo": {
                "name": "Kings Clan",
                "tag": "King"
            },
            "id": 8,
            "memberRank": 10
        }
    }
]