[
    {
        "basicInfo": {
            "userID": 120198233,
            "name": "lil_fucker_drew",
            "userType": 1,
            "iconID": 305,
            "level": 301
        },
        "userSettings": {
            "blockFriendRequests": false,
            "block_clan_requests": false,
            "equipped_emblem": 305
        },
        "friendStatus": 0,
        "stats": {
            "seasonal_stats": [
                {
                    "season": 0,
                    "ranked": {
                        "k": 896,
                        "d": 642,
                        "a": 116,
                        "w": 41,
                        "l": 37
                    },
                    "casual": {
                        "k": 0,
                        "d": 0,
                        "a": 0,
                        "w": 0,
                        "l": 0
                    },
                    "custom": {
                        "k": 62046,
                        "d": 29503,
                        "a": 5577,
                        "w": 0,
                        "l": 0
                    }
                },
                {
                    "season": 1,
                    "ranked": {
                        "k": 666,
                        "d": 705,
                        "a": 97,
                        "w": 39,
                        "l": 38
                    },
                    "casual": {
                        "k": 0,
                        "d": 0,
                        "a": 0,
                        "w": 219,
                        "l": 78
                    },
                    "custom": {
                        "k": 0,
                        "d": 0,
                        "a": 0,
                        "w": 0,
                        "l": 0
                    }
                },
                {
                    "season": 2,
                    "ranked": {
                        "k": 3878,
                        "d": 3584,
                        "a": 565,
                        "w": 194,
                        "l": 177
                    },
                    "casual": {
                        "k": 0,
                        "d": 0,
                        "a": 0,
                        "w": 447,
                        "l": 148
                    },
                    "custom": {
                        "k": 0,
                        "d": 0,
                        "a": 0,
                        "w": 0,
                        "l": 0
                    }
                },
                {
                    "season": 3,
                    "ranked": {
                        "k": 1578,
                        "d": 1267,
                        "a": 195,
                        "w": 51,
                        "l": 44
                    },
                    "casual": {
                        "k": 13919,
                        "d": 6668,
                        "a": 1258,
                        "w": 204,
                        "l": 67
                    },
                    "custom": {
                        "k": 1066,
                        "d": 999,
                        "a": 38,
                        "w": 0,
                        "l": 0
                    }
                },
                {
                    "season": 4,
                    "ranked": {
                        "k": 1398,
                        "d": 1142,
                        "a": 168,
                        "w": 48,
                        "l": 33
                    },
                    "casual": {
                        "k": 3149,
                        "d": 1606,
                        "a": 304,
                        "w": 20,
                        "l": 4
                    },
                    "custom": {
                        "k": 374,
                        "d": 306,
                        "a": 13,
                        "w": 0,
                        "l": 0
                    }
                },
                {
                    "season": 5,
                    "ranked": {
                        "k": 837,
                        "d": 714,
                        "a": 101,
                        "w": 28,
                        "l": 20
                    },
                    "casual": {
                        "k": 2459,
                        "d": 1056,
                        "a": 189,
                        "w": 9,
                        "l": 4
                    },
                    "custom": {
                        "k": 828,
                        "d": 246,
                        "a": 7,
                        "w": 0,
                        "l": 0
                    }
                },
                {
                    "season": 6,
                    "ranked": {
                        "k": 216,
                        "d": 152,
                        "a": 38,
                        "w": 12,
                        "l": 0
                    },
                    "casual": {
                        "k": 1087,
                        "d": 397,
                        "a": 87,
                        "w": 9,
                        "l": 3
                    },
                    "custom": {
                        "k": 271,
                        "d": 79,
                        "a": 1,
                        "w": 0,
                        "l": 0
                    }
                }
            ],
            "ranked": {
                "placement_matches_left": 0,
                "highest_rank": 9,
                "rating": 2168,
                "global_position": 242,
                "rank": 9
            }
        },
        "ban": null,
        "reports": [],
        "clan": {
            "basicInfo": {
                "name": "Jet Warriors",
                "tag": "Jet"
            },
            "id": 21040,
            "memberRank": 10
        }
    }
]