[
    {
        "basicInfo": {
            "userID": 62178002,
            "name": "lmmune",
            "userType": 1,
            "iconID": 197,
            "level": 384
        },
        "userSettings": {
            "blockFriendRequests": true,
            "block_clan_requests": false,
            "equipped_emblem": 197
        },
        "friendStatus": 0,
        "stats": {
            "seasonal_stats": [
                {
                    "season": 0,
                    "ranked": {
                        "k": 14701,
                        "d": 11680,
                        "a": 2041,
                        "w": 734,
                        "l": 514
                    },
                    "casual": {
                        "k": 0,
                        "d": 0,
                        "a": 0,
                        "w": 0,
                        "l": 0
                    },
                    "custom": {
                        "k": 52974,
                        "d": 28153,
                        "a": 3705,
                        "w": 0,
                        "l": 0
                    }
                },
                {
                    "season": 1,
                    "ranked": {
                        "k": 2515,
                        "d": 1934,
                        "a": 258,
                        "w": 105,
                        "l": 97
                    },
                    "casual": {
                        "k": 0,
                        "d": 0,
                        "a": 0,
                        "w": 1,
                        "l": 0
                    },
                    "custom": {
                        "k": 0,
                        "d": 0,
                        "a": 0,
                        "w": 0,
                        "l": 0
                    }
                },
                {
                    "season": 2,
                    "ranked": {
                        "k": 9855,
                        "d": 7906,
                        "a": 1539,
                        "w": 513,
                        "l": 336
                    },
                    "casual": {
                        "k": 3,
                        "d": 1,
                        "a": 0,
                        "w": 334,
                        "l": 96
                    },
                    "custom": {
                        "k": 242,
                        "d": 188,
                        "a": 16,
                        "w": 0,
                        "l": 0
                    }
                },
                {
                    "season": 3,
                    "ranked": {
                        "k": 3383,
                        "d": 2372,
                        "a": 477,
                        "w": 136,
                        "l": 48
                    },
                    "casual": {
                        "k": 11331,
                        "d": 3633,
                        "a": 705,
                        "w": 101,
                        "l": 21
                    },
                    "custom": {
                        "k": 20505,
                        "d": 15151,
                        "a": 2084,
                        "w": 0,
                        "l": 0
                    }
                },
                {
                    "season": 4,
                    "ranked": {
                        "k": 1856,
                        "d": 1320,
                        "a": 263,
                        "w": 82,
                        "l": 22
                    },
                    "casual": {
                        "k": 6816,
                        "d": 2440,
                        "a": 417,
                        "w": 34,
                        "l": 6
                    },
                    "custom": {
                        "k": 13283,
                        "d": 9759,
                        "a": 1696,
                        "w": 0,
                        "l": 0
                    }
                },
                {
                    "season": 5,
                    "ranked": {
                        "k": 1098,
                        "d": 789,
                        "a": 174,
                        "w": 51,
                        "l": 14
                    },
                    "casual": {
                        "k": 9167,
                        "d": 3064,
                        "a": 542,
                        "w": 8,
                        "l": 3
                    },
                    "custom": {
                        "k": 4841,
                        "d": 3520,
                        "a": 594,
                        "w": 0,
                        "l": 0
                    }
                },
                {
                    "season": 6,
                    "ranked": {
                        "k": 2923,
                        "d": 1938,
                        "a": 480,
                        "w": 147,
                        "l": 16
                    },
                    "casual": {
                        "k": 4603,
                        "d": 1395,
                        "a": 264,
                        "w": 8,
                        "l": 2
                    },
                    "custom": {
                        "k": 1357,
                        "d": 941,
                        "a": 163,
                        "w": 0,
                        "l": 0
                    }
                }
            ],
            "ranked": {
                "placement_matches_left": 0,
                "highest_rank": 9,
                "rating": 2364,
                "global_position": 22,
                "rank": 9
            }
        },
        "ban": null,
        "reports": [],
        "clan": {
            "basicInfo": {
                "name": "REIGN",
                "tag": "RGN"
            },
            "id": 4439,
            "memberRank": 10
        }
    }
]