[
    {
        "basicInfo": {
            "userID": 71578202,
            "name": "Lovez",
            "userType": 1,
            "iconID": 152,
            "level": 220
        },
        "userSettings": {
            "blockFriendRequests": false,
            "block_clan_requests": false,
            "equipped_emblem": 307
        },
        "friendStatus": 0,
        "stats": {
            "seasonal_stats": [
                {
                    "season": 0,
                    "ranked": {
                        "k": 332,
                        "d": 375,
                        "a": 40,
                        "w": 21,
                        "l": 19
                    },
                    "casual": {
                        "k": 0,
                        "d": 0,
                        "a": 0,
                        "w": 0,
                        "l": 0
                    },
                    "custom": {
                        "k": 7418,
                        "d": 6566,
                        "a": 846,
                        "w": 0,
                        "l": 0
                    }
                },
                {
                    "season": 1,
                    "ranked": {
                        "k": 16,
                        "d": 22,
                        "a": 2,
                        "w": 0,
                        "l": 2
                    },
                    "casual": {
                        "k": 0,
                        "d": 0,
                        "a": 0,
                        "w": 16,
                        "l": 5
                    },
                    "custom": {
                        "k": 0,
                        "d": 0,
                        "a": 0,
                        "w": 0,
                        "l": 0
                    }
                },
                {
                    "season": 2,
                    "ranked": {
                        "k": 130,
                        "d": 154,
                        "a": 23,
                        "w": 10,
                        "l": 7
                    },
                    "casual": {
                        "k": 0,
                        "d": 0,
                        "a": 0,
                        "w": 51,
                        "l": 52
                    },
                    "custom": {
                        "k": 9,
                        "d": 21,
                        "a": 3,
                        "w": 0,
                        "l": 0
                    }
                },
                {
                    "season": 3,
                    "ranked": {
                        "k": 678,
                        "d": 580,
                        "a": 67,
                        "w": 22,
                        "l": 19
                    },
                    "casual": {
                        "k": 3325,
                        "d": 3265,
                        "a": 374,
                        "w": 168,
                        "l": 82
                    },
                    "custom": {
                        "k": 1452,
                        "d": 105,
                        "a": 0,
                        "w": 0,
                        "l": 0
                    }
                },
                {
                    "season": 4,
                    "ranked": {
                        "k": 1853,
                        "d": 1297,
                        "a": 191,
                        "w": 59,
                        "l": 37
                    },
                    "casual": {
                        "k": 2344,
                        "d": 1866,
                        "a": 262,
                        "w": 64,
                        "l": 32
                    },
                    "custom": {
                        "k": 718,
                        "d": 664,
                        "a": 11,
                        "w": 0,
                        "l": 0
                    }
                },
                {
                    "season": 5,
                    "ranked": {
                        "k": 4385,
                        "d": 4093,
                        "a": 568,
                        "w": 161,
                        "l": 115
                    },
                    "casual": {
                        "k": 3150,
                        "d": 1473,
                        "a": 248,
                        "w": 39,
                        "l": 9
                    },
                    "custom": {
                        "k": 2304,
                        "d": 2488,
                        "a": 194,
                        "w": 0,
                        "l": 0
                    }
                },
                {
                    "season": 6,
                    "ranked": {
                        "k": 2892,
                        "d": 2455,
                        "a": 401,
                        "w": 116,
                        "l": 52
                    },
                    "casual": {
                        "k": 7437,
                        "d": 1960,
                        "a": 346,
                        "w": 10,
                        "l": 3
                    },
                    "custom": {
                        "k": 1130,
                        "d": 1100,
                        "a": 127,
                        "w": 0,
                        "l": 0
                    }
                }
            ],
            "ranked": {
                "placement_matches_left": 0,
                "highest_rank": 9,
                "rating": 2178,
                "global_position": 221,
                "rank": 9
            }
        },
        "ban": null,
        "reports": [],
        "clan": {
            "basicInfo": {
                "name": "Endurance GG",
                "tag": "eNc"
            },
            "id": 83019,
            "memberRank": 10
        }
    }
]