[
    {
        "basicInfo": {
            "userID": 15846141,
            "name": "Luceat",
            "userType": 1,
            "iconID": 94,
            "level": 267
        },
        "userSettings": {
            "blockFriendRequests": false,
            "block_clan_requests": false,
            "equipped_emblem": 94
        },
        "friendStatus": 0,
        "stats": {
            "seasonal_stats": [
                {
                    "season": 0,
                    "ranked": {
                        "k": 12568,
                        "d": 10183,
                        "a": 1602,
                        "w": 595,
                        "l": 326
                    },
                    "casual": {
                        "k": 0,
                        "d": 0,
                        "a": 0,
                        "w": 0,
                        "l": 0
                    },
                    "custom": {
                        "k": 168028,
                        "d": 98731,
                        "a": 12761,
                        "w": 0,
                        "l": 0
                    }
                },
                {
                    "season": 1,
                    "ranked": {
                        "k": 3854,
                        "d": 2183,
                        "a": 383,
                        "w": 149,
                        "l": 85
                    },
                    "casual": {
                        "k": 0,
                        "d": 0,
                        "a": 0,
                        "w": 100,
                        "l": 5
                    },
                    "custom": {
                        "k": 0,
                        "d": 0,
                        "a": 0,
                        "w": 0,
                        "l": 0
                    }
                },
                {
                    "season": 2,
                    "ranked": {
                        "k": 3889,
                        "d": 2602,
                        "a": 414,
                        "w": 179,
                        "l": 95
                    },
                    "casual": {
                        "k": 0,
                        "d": 0,
                        "a": 0,
                        "w": 68,
                        "l": 78
                    },
                    "custom": {
                        "k": 412,
                        "d": 315,
                        "a": 18,
                        "w": 0,
                        "l": 0
                    }
                },
                {
                    "season": 3,
                    "ranked": {
                        "k": 3541,
                        "d": 2455,
                        "a": 379,
                        "w": 108,
                        "l": 59
                    },
                    "casual": {
                        "k": 287,
                        "d": 150,
                        "a": 29,
                        "w": 5,
                        "l": 12
                    },
                    "custom": {
                        "k": 12332,
                        "d": 9146,
                        "a": 998,
                        "w": 0,
                        "l": 0
                    }
                },
                {
                    "season": 4,
                    "ranked": {
                        "k": 4668,
                        "d": 4222,
                        "a": 578,
                        "w": 161,
                        "l": 108
                    },
                    "casual": {
                        "k": 2951,
                        "d": 1032,
                        "a": 185,
                        "w": 39,
                        "l": 3
                    },
                    "custom": {
                        "k": 10802,
                        "d": 7725,
                        "a": 730,
                        "w": 0,
                        "l": 0
                    }
                },
                {
                    "season": 5,
                    "ranked": {
                        "k": 5515,
                        "d": 4647,
                        "a": 694,
                        "w": 172,
                        "l": 120
                    },
                    "casual": {
                        "k": 1878,
                        "d": 762,
                        "a": 105,
                        "w": 15,
                        "l": 1
                    },
                    "custom": {
                        "k": 5676,
                        "d": 4154,
                        "a": 383,
                        "w": 0,
                        "l": 0
                    }
                },
                {
                    "season": 6,
                    "ranked": {
                        "k": 1374,
                        "d": 1229,
                        "a": 187,
                        "w": 60,
                        "l": 21
                    },
                    "casual": {
                        "k": 357,
                        "d": 127,
                        "a": 23,
                        "w": 1,
                        "l": 0
                    },
                    "custom": {
                        "k": 834,
                        "d": 678,
                        "a": 84,
                        "w": 0,
                        "l": 0
                    }
                }
            ],
            "ranked": {
                "placement_matches_left": 0,
                "highest_rank": 9,
                "rating": 2207,
                "global_position": 150,
                "rank": 9
            }
        },
        "ban": null,
        "reports": [],
        "clan": {
            "basicInfo": {
                "name": "Team Exalt",
                "tag": "exlt"
            },
            "id": 57647,
            "memberRank": 10
        }
    }
]