[
    {
        "basicInfo": {
            "userID": 117764868,
            "name": "lucixs",
            "userType": 1,
            "iconID": 145,
            "level": 319
        },
        "userSettings": {
            "blockFriendRequests": false,
            "block_clan_requests": false,
            "equipped_emblem": 138
        },
        "friendStatus": 0,
        "stats": {
            "seasonal_stats": [
                {
                    "season": 0,
                    "ranked": {
                        "k": 5313,
                        "d": 6528,
                        "a": 836,
                        "w": 310,
                        "l": 236
                    },
                    "casual": {
                        "k": 0,
                        "d": 0,
                        "a": 0,
                        "w": 0,
                        "l": 0
                    },
                    "custom": {
                        "k": 34075,
                        "d": 23282,
                        "a": 3077,
                        "w": 0,
                        "l": 0
                    }
                },
                {
                    "season": 1,
                    "ranked": {
                        "k": 102,
                        "d": 55,
                        "a": 13,
                        "w": 3,
                        "l": 3
                    },
                    "casual": {
                        "k": 0,
                        "d": 0,
                        "a": 0,
                        "w": 3,
                        "l": 3
                    },
                    "custom": {
                        "k": 0,
                        "d": 0,
                        "a": 0,
                        "w": 0,
                        "l": 0
                    }
                },
                {
                    "season": 2,
                    "ranked": {
                        "k": 3730,
                        "d": 2829,
                        "a": 458,
                        "w": 173,
                        "l": 131
                    },
                    "casual": {
                        "k": 151,
                        "d": 100,
                        "a": 12,
                        "w": 250,
                        "l": 188
                    },
                    "custom": {
                        "k": 23,
                        "d": 13,
                        "a": 1,
                        "w": 0,
                        "l": 0
                    }
                },
                {
                    "season": 3,
                    "ranked": {
                        "k": 2834,
                        "d": 2125,
                        "a": 293,
                        "w": 82,
                        "l": 75
                    },
                    "casual": {
                        "k": 15655,
                        "d": 8589,
                        "a": 1518,
                        "w": 284,
                        "l": 156
                    },
                    "custom": {
                        "k": 1483,
                        "d": 1341,
                        "a": 156,
                        "w": 0,
                        "l": 0
                    }
                },
                {
                    "season": 4,
                    "ranked": {
                        "k": 3634,
                        "d": 3580,
                        "a": 506,
                        "w": 136,
                        "l": 115
                    },
                    "casual": {
                        "k": 4809,
                        "d": 3073,
                        "a": 615,
                        "w": 60,
                        "l": 37
                    },
                    "custom": {
                        "k": 449,
                        "d": 442,
                        "a": 10,
                        "w": 0,
                        "l": 0
                    }
                },
                {
                    "season": 5,
                    "ranked": {
                        "k": 4366,
                        "d": 3915,
                        "a": 571,
                        "w": 166,
                        "l": 101
                    },
                    "casual": {
                        "k": 6023,
                        "d": 2639,
                        "a": 491,
                        "w": 79,
                        "l": 13
                    },
                    "custom": {
                        "k": 2911,
                        "d": 2619,
                        "a": 250,
                        "w": 0,
                        "l": 0
                    }
                },
                {
                    "season": 6,
                    "ranked": {
                        "k": 1198,
                        "d": 877,
                        "a": 207,
                        "w": 61,
                        "l": 9
                    },
                    "casual": {
                        "k": 5547,
                        "d": 2111,
                        "a": 344,
                        "w": 74,
                        "l": 10
                    },
                    "custom": {
                        "k": 565,
                        "d": 451,
                        "a": 57,
                        "w": 0,
                        "l": 0
                    }
                }
            ],
            "ranked": {
                "placement_matches_left": 0,
                "highest_rank": 9,
                "rating": 2270,
                "global_position": 66,
                "rank": 9
            }
        },
        "ban": null,
        "reports": [],
        "clan": {
            "basicInfo": {
                "name": "Fifty",
                "tag": "5 0"
            },
            "id": 109369,
            "memberRank": 40
        }
    }
]