[
    {
        "basicInfo": {
            "userID": 21283802,
            "name": "Luster",
            "userType": 1,
            "iconID": 44,
            "level": 801
        },
        "userSettings": {
            "blockFriendRequests": false,
            "block_clan_requests": false,
            "equipped_emblem": 315
        },
        "friendStatus": 0,
        "stats": {
            "seasonal_stats": [
                {
                    "season": 0,
                    "ranked": {
                        "k": 23885,
                        "d": 22745,
                        "a": 3145,
                        "w": 1122,
                        "l": 900
                    },
                    "casual": {
                        "k": 0,
                        "d": 0,
                        "a": 0,
                        "w": 1,
                        "l": 0
                    },
                    "custom": {
                        "k": 113936,
                        "d": 69542,
                        "a": 9708,
                        "w": 0,
                        "l": 0
                    }
                },
                {
                    "season": 1,
                    "ranked": {
                        "k": 4917,
                        "d": 3733,
                        "a": 571,
                        "w": 196,
                        "l": 166
                    },
                    "casual": {
                        "k": 0,
                        "d": 0,
                        "a": 0,
                        "w": 277,
                        "l": 95
                    },
                    "custom": {
                        "k": 0,
                        "d": 0,
                        "a": 0,
                        "w": 0,
                        "l": 0
                    }
                },
                {
                    "season": 2,
                    "ranked": {
                        "k": 6911,
                        "d": 5770,
                        "a": 874,
                        "w": 318,
                        "l": 245
                    },
                    "casual": {
                        "k": 0,
                        "d": 0,
                        "a": 0,
                        "w": 265,
                        "l": 110
                    },
                    "custom": {
                        "k": 110,
                        "d": 91,
                        "a": 15,
                        "w": 0,
                        "l": 0
                    }
                },
                {
                    "season": 3,
                    "ranked": {
                        "k": 6812,
                        "d": 4784,
                        "a": 786,
                        "w": 197,
                        "l": 137
                    },
                    "casual": {
                        "k": 11352,
                        "d": 4984,
                        "a": 948,
                        "w": 210,
                        "l": 101
                    },
                    "custom": {
                        "k": 7387,
                        "d": 6842,
                        "a": 791,
                        "w": 0,
                        "l": 0
                    }
                },
                {
                    "season": 4,
                    "ranked": {
                        "k": 3744,
                        "d": 2813,
                        "a": 482,
                        "w": 117,
                        "l": 79
                    },
                    "casual": {
                        "k": 5626,
                        "d": 2313,
                        "a": 476,
                        "w": 78,
                        "l": 18
                    },
                    "custom": {
                        "k": 2522,
                        "d": 2489,
                        "a": 267,
                        "w": 0,
                        "l": 0
                    }
                },
                {
                    "season": 5,
                    "ranked": {
                        "k": 3730,
                        "d": 3221,
                        "a": 501,
                        "w": 112,
                        "l": 104
                    },
                    "casual": {
                        "k": 1224,
                        "d": 565,
                        "a": 129,
                        "w": 8,
                        "l": 3
                    },
                    "custom": {
                        "k": 2379,
                        "d": 2371,
                        "a": 270,
                        "w": 0,
                        "l": 0
                    }
                },
                {
                    "season": 6,
                    "ranked": {
                        "k": 3340,
                        "d": 2926,
                        "a": 546,
                        "w": 137,
                        "l": 64
                    },
                    "casual": {
                        "k": 520,
                        "d": 249,
                        "a": 41,
                        "w": 3,
                        "l": 2
                    },
                    "custom": {
                        "k": 912,
                        "d": 1061,
                        "a": 142,
                        "w": 0,
                        "l": 0
                    }
                }
            ],
            "ranked": {
                "placement_matches_left": 0,
                "highest_rank": 9,
                "rating": 2272,
                "global_position": 62,
                "rank": 9
            }
        },
        "ban": null,
        "reports": [],
        "clan": {
            "basicInfo": {
                "name": "Kings Clan",
                "tag": "King"
            },
            "id": 8,
            "memberRank": 10
        }
    }
]