[
    {
        "basicInfo": {
            "userID": 10098958,
            "name": "Lxzry",
            "userType": 1,
            "iconID": 0,
            "level": 35
        },
        "userSettings": {
            "blockFriendRequests": false,
            "block_clan_requests": false,
            "equipped_emblem": 1
        },
        "friendStatus": 0,
        "stats": {
            "seasonal_stats": [
                {
                    "season": 0,
                    "ranked": {
                        "k": 6555,
                        "d": 3463,
                        "a": 782,
                        "w": 0,
                        "l": 0
                    },
                    "casual": {
                        "k": 0,
                        "d": 0,
                        "a": 0,
                        "w": 0,
                        "l": 0
                    },
                    "custom": {
                        "k": 33319,
                        "d": 15154,
                        "a": 2965,
                        "w": 0,
                        "l": 0
                    }
                },
                {
                    "season": 1,
                    "ranked": {
                        "k": 0,
                        "d": 0,
                        "a": 0,
                        "w": 0,
                        "l": 0
                    },
                    "casual": {
                        "k": 0,
                        "d": 0,
                        "a": 0,
                        "w": 0,
                        "l": 0
                    },
                    "custom": {
                        "k": 0,
                        "d": 0,
                        "a": 0,
                        "w": 0,
                        "l": 0
                    }
                },
                {
                    "season": 2,
                    "ranked": {
                        "k": 0,
                        "d": 0,
                        "a": 0,
                        "w": 0,
                        "l": 0
                    },
                    "casual": {
                        "k": 0,
                        "d": 0,
                        "a": 0,
                        "w": 0,
                        "l": 0
                    },
                    "custom": {
                        "k": 0,
                        "d": 0,
                        "a": 0,
                        "w": 0,
                        "l": 0
                    }
                },
                {
                    "season": 3,
                    "ranked": {
                        "k": 0,
                        "d": 0,
                        "a": 0,
                        "w": 0,
                        "l": 0
                    },
                    "casual": {
                        "k": 4,
                        "d": 2,
                        "a": 0,
                        "w": 0,
                        "l": 0
                    },
                    "custom": {
                        "k": 0,
                        "d": 0,
                        "a": 0,
                        "w": 0,
                        "l": 0
                    }
                },
                {
                    "season": 4,
                    "ranked": {
                        "k": 435,
                        "d": 392,
                        "a": 58,
                        "w": 21,
                        "l": 9
                    },
                    "casual": {
                        "k": 726,
                        "d": 321,
                        "a": 68,
                        "w": 11,
                        "l": 4
                    },
                    "custom": {
                        "k": 0,
                        "d": 0,
                        "a": 0,
                        "w": 0,
                        "l": 0
                    }
                },
                {
                    "season": 5,
                    "ranked": {
                        "k": 859,
                        "d": 666,
                        "a": 124,
                        "w": 32,
                        "l": 16
                    },
                    "casual": {
                        "k": 615,
                        "d": 239,
                        "a": 52,
                        "w": 13,
                        "l": 6
                    },
                    "custom": {
                        "k": 15,
                        "d": 14,
                        "a": 0,
                        "w": 0,
                        "l": 0
                    }
                },
                {
                    "season": 6,
                    "ranked": {
                        "k": 174,
                        "d": 126,
                        "a": 22,
                        "w": 10,
                        "l": 0
                    },
                    "casual": {
                        "k": 251,
                        "d": 87,
                        "a": 16,
                        "w": 1,
                        "l": 1
                    },
                    "custom": {
                        "k": 0,
                        "d": 0,
                        "a": 0,
                        "w": 0,
                        "l": 0
                    }
                }
            ],
            "ranked": {
                "placement_matches_left": 0,
                "highest_rank": 8,
                "rating": 2207,
                "global_position": 151,
                "rank": 9
            }
        },
        "ban": null,
        "reports": [],
        "clan": {
            "basicInfo": {
                "name": "XioN",
                "tag": "XioN"
            },
            "id": 86,
            "memberRank": 10
        }
    }
]