[
    {
        "basicInfo": {
            "userID": 12767516,
            "name": "Lyaxx",
            "userType": 1,
            "iconID": 318,
            "level": 353
        },
        "userSettings": {
            "blockFriendRequests": false,
            "block_clan_requests": false,
            "equipped_emblem": 317
        },
        "friendStatus": 0,
        "stats": {
            "seasonal_stats": [
                {
                    "season": 0,
                    "ranked": {
                        "k": 21863,
                        "d": 11353,
                        "a": 2497,
                        "w": 920,
                        "l": 664
                    },
                    "casual": {
                        "k": 0,
                        "d": 0,
                        "a": 0,
                        "w": 0,
                        "l": 0
                    },
                    "custom": {
                        "k": 93279,
                        "d": 51468,
                        "a": 8464,
                        "w": 0,
                        "l": 0
                    }
                },
                {
                    "season": 1,
                    "ranked": {
                        "k": 2124,
                        "d": 1467,
                        "a": 248,
                        "w": 102,
                        "l": 68
                    },
                    "casual": {
                        "k": 0,
                        "d": 0,
                        "a": 0,
                        "w": 7,
                        "l": 1
                    },
                    "custom": {
                        "k": 0,
                        "d": 0,
                        "a": 0,
                        "w": 0,
                        "l": 0
                    }
                },
                {
                    "season": 2,
                    "ranked": {
                        "k": 6941,
                        "d": 5779,
                        "a": 775,
                        "w": 348,
                        "l": 261
                    },
                    "casual": {
                        "k": 0,
                        "d": 0,
                        "a": 0,
                        "w": 31,
                        "l": 10
                    },
                    "custom": {
                        "k": 280,
                        "d": 188,
                        "a": 40,
                        "w": 0,
                        "l": 0
                    }
                },
                {
                    "season": 3,
                    "ranked": {
                        "k": 10724,
                        "d": 8878,
                        "a": 1223,
                        "w": 353,
                        "l": 243
                    },
                    "casual": {
                        "k": 8563,
                        "d": 3218,
                        "a": 659,
                        "w": 32,
                        "l": 10
                    },
                    "custom": {
                        "k": 4059,
                        "d": 1418,
                        "a": 173,
                        "w": 0,
                        "l": 0
                    }
                },
                {
                    "season": 4,
                    "ranked": {
                        "k": 3005,
                        "d": 2578,
                        "a": 380,
                        "w": 130,
                        "l": 56
                    },
                    "casual": {
                        "k": 15271,
                        "d": 5332,
                        "a": 1078,
                        "w": 87,
                        "l": 17
                    },
                    "custom": {
                        "k": 3778,
                        "d": 827,
                        "a": 94,
                        "w": 0,
                        "l": 0
                    }
                },
                {
                    "season": 5,
                    "ranked": {
                        "k": 4166,
                        "d": 3203,
                        "a": 519,
                        "w": 152,
                        "l": 73
                    },
                    "casual": {
                        "k": 5267,
                        "d": 1953,
                        "a": 379,
                        "w": 42,
                        "l": 4
                    },
                    "custom": {
                        "k": 1391,
                        "d": 1312,
                        "a": 148,
                        "w": 0,
                        "l": 0
                    }
                },
                {
                    "season": 6,
                    "ranked": {
                        "k": 2694,
                        "d": 1981,
                        "a": 339,
                        "w": 125,
                        "l": 34
                    },
                    "casual": {
                        "k": 4739,
                        "d": 1561,
                        "a": 322,
                        "w": 41,
                        "l": 0
                    },
                    "custom": {
                        "k": 437,
                        "d": 446,
                        "a": 62,
                        "w": 0,
                        "l": 0
                    }
                }
            ],
            "ranked": {
                "placement_matches_left": 0,
                "highest_rank": 9,
                "rating": 2271,
                "global_position": 65,
                "rank": 9
            }
        },
        "ban": null,
        "reports": [],
        "clan": {
            "basicInfo": {
                "name": "Valorous Gaming",
                "tag": "VLRS"
            },
            "id": 78818,
            "memberRank": 10
        }
    }
]