[
    {
        "basicInfo": {
            "userID": 136552703,
            "name": "Mantery",
            "userType": 1,
            "iconID": 75,
            "level": 941
        },
        "userSettings": {
            "blockFriendRequests": false,
            "block_clan_requests": false,
            "equipped_emblem": 84
        },
        "friendStatus": 0,
        "stats": {
            "seasonal_stats": [
                {
                    "season": 0,
                    "ranked": {
                        "k": 124,
                        "d": 175,
                        "a": 17,
                        "w": 7,
                        "l": 8
                    },
                    "casual": {
                        "k": 0,
                        "d": 0,
                        "a": 0,
                        "w": 58,
                        "l": 63
                    },
                    "custom": {
                        "k": 73681,
                        "d": 36153,
                        "a": 4214,
                        "w": 0,
                        "l": 0
                    }
                },
                {
                    "season": 1,
                    "ranked": {
                        "k": 674,
                        "d": 818,
                        "a": 81,
                        "w": 38,
                        "l": 43
                    },
                    "casual": {
                        "k": 0,
                        "d": 0,
                        "a": 0,
                        "w": 792,
                        "l": 655
                    },
                    "custom": {
                        "k": 0,
                        "d": 0,
                        "a": 0,
                        "w": 0,
                        "l": 0
                    }
                },
                {
                    "season": 2,
                    "ranked": {
                        "k": 3917,
                        "d": 3713,
                        "a": 445,
                        "w": 194,
                        "l": 189
                    },
                    "casual": {
                        "k": 96,
                        "d": 112,
                        "a": 6,
                        "w": 884,
                        "l": 684
                    },
                    "custom": {
                        "k": 168,
                        "d": 130,
                        "a": 1,
                        "w": 1,
                        "l": 1
                    }
                },
                {
                    "season": 3,
                    "ranked": {
                        "k": 1819,
                        "d": 1997,
                        "a": 205,
                        "w": 60,
                        "l": 73
                    },
                    "casual": {
                        "k": 7249,
                        "d": 5753,
                        "a": 763,
                        "w": 270,
                        "l": 125
                    },
                    "custom": {
                        "k": 5872,
                        "d": 859,
                        "a": 17,
                        "w": 0,
                        "l": 0
                    }
                },
                {
                    "season": 4,
                    "ranked": {
                        "k": 5504,
                        "d": 4769,
                        "a": 641,
                        "w": 181,
                        "l": 143
                    },
                    "casual": {
                        "k": 6930,
                        "d": 3283,
                        "a": 521,
                        "w": 67,
                        "l": 26
                    },
                    "custom": {
                        "k": 6684,
                        "d": 6925,
                        "a": 746,
                        "w": 0,
                        "l": 0
                    }
                },
                {
                    "season": 5,
                    "ranked": {
                        "k": 5577,
                        "d": 5534,
                        "a": 794,
                        "w": 193,
                        "l": 168
                    },
                    "casual": {
                        "k": 22658,
                        "d": 12076,
                        "a": 1684,
                        "w": 122,
                        "l": 41
                    },
                    "custom": {
                        "k": 4192,
                        "d": 4436,
                        "a": 272,
                        "w": 0,
                        "l": 0
                    }
                },
                {
                    "season": 6,
                    "ranked": {
                        "k": 2497,
                        "d": 2288,
                        "a": 398,
                        "w": 118,
                        "l": 43
                    },
                    "casual": {
                        "k": 6264,
                        "d": 2828,
                        "a": 387,
                        "w": 12,
                        "l": 3
                    },
                    "custom": {
                        "k": 1932,
                        "d": 1894,
                        "a": 129,
                        "w": 0,
                        "l": 0
                    }
                }
            ],
            "ranked": {
                "placement_matches_left": 0,
                "highest_rank": 9,
                "rating": 2193,
                "global_position": 186,
                "rank": 9
            }
        },
        "ban": null,
        "reports": [],
        "clan": {
            "basicInfo": {
                "name": "Unlucky Team",
                "tag": "unL"
            },
            "id": 23717,
            "memberRank": 10
        }
    }
]