[
    {
        "basicInfo": {
            "userID": 63510300,
            "name": "Margy",
            "userType": 1,
            "iconID": 180,
            "level": 477
        },
        "userSettings": {
            "blockFriendRequests": false,
            "block_clan_requests": false,
            "equipped_emblem": 180
        },
        "friendStatus": 0,
        "stats": {
            "seasonal_stats": [
                {
                    "season": 0,
                    "ranked": {
                        "k": 12991,
                        "d": 11926,
                        "a": 1569,
                        "w": 634,
                        "l": 507
                    },
                    "casual": {
                        "k": 0,
                        "d": 0,
                        "a": 0,
                        "w": 0,
                        "l": 0
                    },
                    "custom": {
                        "k": 136998,
                        "d": 72027,
                        "a": 9829,
                        "w": 0,
                        "l": 0
                    }
                },
                {
                    "season": 1,
                    "ranked": {
                        "k": 1632,
                        "d": 947,
                        "a": 134,
                        "w": 65,
                        "l": 53
                    },
                    "casual": {
                        "k": 0,
                        "d": 0,
                        "a": 0,
                        "w": 20,
                        "l": 11
                    },
                    "custom": {
                        "k": 0,
                        "d": 0,
                        "a": 0,
                        "w": 0,
                        "l": 0
                    }
                },
                {
                    "season": 2,
                    "ranked": {
                        "k": 10237,
                        "d": 7327,
                        "a": 1101,
                        "w": 448,
                        "l": 357
                    },
                    "casual": {
                        "k": 71,
                        "d": 39,
                        "a": 3,
                        "w": 588,
                        "l": 206
                    },
                    "custom": {
                        "k": 42,
                        "d": 41,
                        "a": 1,
                        "w": 0,
                        "l": 0
                    }
                },
                {
                    "season": 3,
                    "ranked": {
                        "k": 4270,
                        "d": 2903,
                        "a": 416,
                        "w": 132,
                        "l": 94
                    },
                    "casual": {
                        "k": 12286,
                        "d": 5046,
                        "a": 869,
                        "w": 117,
                        "l": 46
                    },
                    "custom": {
                        "k": 2948,
                        "d": 2204,
                        "a": 94,
                        "w": 0,
                        "l": 0
                    }
                },
                {
                    "season": 4,
                    "ranked": {
                        "k": 7574,
                        "d": 5537,
                        "a": 743,
                        "w": 231,
                        "l": 172
                    },
                    "casual": {
                        "k": 26059,
                        "d": 10979,
                        "a": 1881,
                        "w": 231,
                        "l": 66
                    },
                    "custom": {
                        "k": 9512,
                        "d": 3231,
                        "a": 178,
                        "w": 0,
                        "l": 0
                    }
                },
                {
                    "season": 5,
                    "ranked": {
                        "k": 1691,
                        "d": 1391,
                        "a": 178,
                        "w": 60,
                        "l": 41
                    },
                    "casual": {
                        "k": 14743,
                        "d": 5705,
                        "a": 934,
                        "w": 61,
                        "l": 11
                    },
                    "custom": {
                        "k": 6080,
                        "d": 4365,
                        "a": 494,
                        "w": 0,
                        "l": 0
                    }
                },
                {
                    "season": 6,
                    "ranked": {
                        "k": 198,
                        "d": 160,
                        "a": 23,
                        "w": 12,
                        "l": 2
                    },
                    "casual": {
                        "k": 1774,
                        "d": 733,
                        "a": 144,
                        "w": 4,
                        "l": 2
                    },
                    "custom": {
                        "k": 178,
                        "d": 167,
                        "a": 16,
                        "w": 0,
                        "l": 0
                    }
                }
            ],
            "ranked": {
                "placement_matches_left": 0,
                "highest_rank": 8,
                "rating": 2170,
                "global_position": 238,
                "rank": 9
            }
        },
        "ban": null,
        "reports": []
    }
]