[
    {
        "basicInfo": {
            "userID": 112769398,
            "name": "McBetter",
            "userType": 1,
            "iconID": 1,
            "level": 553
        },
        "userSettings": {
            "blockFriendRequests": false,
            "block_clan_requests": false,
            "equipped_emblem": 1
        },
        "friendStatus": 0,
        "stats": {
            "seasonal_stats": [
                {
                    "season": 0,
                    "ranked": {
                        "k": 26833,
                        "d": 18858,
                        "a": 2479,
                        "w": 1243,
                        "l": 875
                    },
                    "casual": {
                        "k": 0,
                        "d": 0,
                        "a": 0,
                        "w": 0,
                        "l": 0
                    },
                    "custom": {
                        "k": 81191,
                        "d": 34735,
                        "a": 4467,
                        "w": 0,
                        "l": 0
                    }
                },
                {
                    "season": 1,
                    "ranked": {
                        "k": 11696,
                        "d": 7790,
                        "a": 1021,
                        "w": 524,
                        "l": 380
                    },
                    "casual": {
                        "k": 0,
                        "d": 0,
                        "a": 0,
                        "w": 29,
                        "l": 2
                    },
                    "custom": {
                        "k": 0,
                        "d": 0,
                        "a": 0,
                        "w": 0,
                        "l": 0
                    }
                },
                {
                    "season": 2,
                    "ranked": {
                        "k": 12979,
                        "d": 9159,
                        "a": 1253,
                        "w": 609,
                        "l": 418
                    },
                    "casual": {
                        "k": 0,
                        "d": 0,
                        "a": 0,
                        "w": 115,
                        "l": 95
                    },
                    "custom": {
                        "k": 32,
                        "d": 28,
                        "a": 4,
                        "w": 0,
                        "l": 0
                    }
                },
                {
                    "season": 3,
                    "ranked": {
                        "k": 6840,
                        "d": 4541,
                        "a": 566,
                        "w": 227,
                        "l": 127
                    },
                    "casual": {
                        "k": 2851,
                        "d": 955,
                        "a": 168,
                        "w": 34,
                        "l": 9
                    },
                    "custom": {
                        "k": 2716,
                        "d": 2020,
                        "a": 223,
                        "w": 0,
                        "l": 0
                    }
                },
                {
                    "season": 4,
                    "ranked": {
                        "k": 5421,
                        "d": 4681,
                        "a": 602,
                        "w": 201,
                        "l": 136
                    },
                    "casual": {
                        "k": 3931,
                        "d": 1386,
                        "a": 237,
                        "w": 56,
                        "l": 7
                    },
                    "custom": {
                        "k": 13089,
                        "d": 4690,
                        "a": 637,
                        "w": 0,
                        "l": 0
                    }
                },
                {
                    "season": 5,
                    "ranked": {
                        "k": 2725,
                        "d": 1944,
                        "a": 303,
                        "w": 128,
                        "l": 32
                    },
                    "casual": {
                        "k": 2152,
                        "d": 844,
                        "a": 114,
                        "w": 10,
                        "l": 1
                    },
                    "custom": {
                        "k": 5160,
                        "d": 3819,
                        "a": 548,
                        "w": 0,
                        "l": 0
                    }
                },
                {
                    "season": 6,
                    "ranked": {
                        "k": 185,
                        "d": 126,
                        "a": 28,
                        "w": 9,
                        "l": 2
                    },
                    "casual": {
                        "k": 13,
                        "d": 2,
                        "a": 1,
                        "w": 0,
                        "l": 0
                    },
                    "custom": {
                        "k": 1029,
                        "d": 850,
                        "a": 126,
                        "w": 0,
                        "l": 0
                    }
                }
            ],
            "ranked": {
                "placement_matches_left": 0,
                "highest_rank": 9,
                "rating": 2296,
                "global_position": 46,
                "rank": 9
            }
        },
        "ban": null,
        "reports": [],
        "clan": {
            "basicInfo": {
                "name": "Sacrifice X",
                "tag": "scx"
            },
            "id": 92948,
            "memberRank": 10
        }
    }
]