[
    {
        "basicInfo": {
            "userID": 11256779,
            "name": "Medusa",
            "userType": 1,
            "iconID": 24,
            "level": 287
        },
        "userSettings": {
            "blockFriendRequests": false,
            "block_clan_requests": false,
            "equipped_emblem": 24
        },
        "friendStatus": 0,
        "stats": {
            "seasonal_stats": [
                {
                    "season": 0,
                    "ranked": {
                        "k": 9580,
                        "d": 6145,
                        "a": 1055,
                        "w": 454,
                        "l": 292
                    },
                    "casual": {
                        "k": 0,
                        "d": 0,
                        "a": 0,
                        "w": 0,
                        "l": 0
                    },
                    "custom": {
                        "k": 121330,
                        "d": 80961,
                        "a": 10857,
                        "w": 0,
                        "l": 0
                    }
                },
                {
                    "season": 1,
                    "ranked": {
                        "k": 2681,
                        "d": 2118,
                        "a": 270,
                        "w": 124,
                        "l": 107
                    },
                    "casual": {
                        "k": 0,
                        "d": 0,
                        "a": 0,
                        "w": 13,
                        "l": 0
                    },
                    "custom": {
                        "k": 0,
                        "d": 0,
                        "a": 0,
                        "w": 0,
                        "l": 0
                    }
                },
                {
                    "season": 2,
                    "ranked": {
                        "k": 3888,
                        "d": 2869,
                        "a": 459,
                        "w": 210,
                        "l": 108
                    },
                    "casual": {
                        "k": 0,
                        "d": 0,
                        "a": 0,
                        "w": 42,
                        "l": 30
                    },
                    "custom": {
                        "k": 363,
                        "d": 284,
                        "a": 19,
                        "w": 1,
                        "l": 1
                    }
                },
                {
                    "season": 3,
                    "ranked": {
                        "k": 5839,
                        "d": 4262,
                        "a": 565,
                        "w": 184,
                        "l": 121
                    },
                    "casual": {
                        "k": 1389,
                        "d": 533,
                        "a": 80,
                        "w": 19,
                        "l": 6
                    },
                    "custom": {
                        "k": 17200,
                        "d": 13524,
                        "a": 1455,
                        "w": 0,
                        "l": 0
                    }
                },
                {
                    "season": 4,
                    "ranked": {
                        "k": 6205,
                        "d": 4900,
                        "a": 737,
                        "w": 219,
                        "l": 129
                    },
                    "casual": {
                        "k": 1641,
                        "d": 599,
                        "a": 110,
                        "w": 28,
                        "l": 6
                    },
                    "custom": {
                        "k": 9137,
                        "d": 7621,
                        "a": 912,
                        "w": 0,
                        "l": 0
                    }
                },
                {
                    "season": 5,
                    "ranked": {
                        "k": 3373,
                        "d": 2713,
                        "a": 409,
                        "w": 134,
                        "l": 60
                    },
                    "casual": {
                        "k": 655,
                        "d": 284,
                        "a": 38,
                        "w": 10,
                        "l": 1
                    },
                    "custom": {
                        "k": 6568,
                        "d": 5180,
                        "a": 682,
                        "w": 0,
                        "l": 0
                    }
                },
                {
                    "season": 6,
                    "ranked": {
                        "k": 751,
                        "d": 579,
                        "a": 108,
                        "w": 29,
                        "l": 15
                    },
                    "casual": {
                        "k": 80,
                        "d": 24,
                        "a": 7,
                        "w": 1,
                        "l": 0
                    },
                    "custom": {
                        "k": 335,
                        "d": 324,
                        "a": 46,
                        "w": 0,
                        "l": 0
                    }
                }
            ],
            "ranked": {
                "placement_matches_left": 0,
                "highest_rank": 9,
                "rating": 2170,
                "global_position": 239,
                "rank": 9
            }
        },
        "ban": null,
        "reports": []
    }
]