[
    {
        "basicInfo": {
            "userID": 102640909,
            "name": "Melito",
            "userType": 1,
            "iconID": 67,
            "level": 266
        },
        "userSettings": {
            "blockFriendRequests": false,
            "block_clan_requests": false,
            "equipped_emblem": 67
        },
        "friendStatus": 0,
        "stats": {
            "seasonal_stats": [
                {
                    "season": 0,
                    "ranked": {
                        "k": 6329,
                        "d": 4225,
                        "a": 712,
                        "w": 253,
                        "l": 198
                    },
                    "casual": {
                        "k": 0,
                        "d": 0,
                        "a": 0,
                        "w": 0,
                        "l": 0
                    },
                    "custom": {
                        "k": 182230,
                        "d": 75734,
                        "a": 11695,
                        "w": 0,
                        "l": 0
                    }
                },
                {
                    "season": 1,
                    "ranked": {
                        "k": 247,
                        "d": 125,
                        "a": 18,
                        "w": 8,
                        "l": 6
                    },
                    "casual": {
                        "k": 0,
                        "d": 0,
                        "a": 0,
                        "w": 4,
                        "l": 2
                    },
                    "custom": {
                        "k": 0,
                        "d": 0,
                        "a": 0,
                        "w": 0,
                        "l": 0
                    }
                },
                {
                    "season": 2,
                    "ranked": {
                        "k": 5106,
                        "d": 3728,
                        "a": 575,
                        "w": 213,
                        "l": 167
                    },
                    "casual": {
                        "k": 37,
                        "d": 35,
                        "a": 11,
                        "w": 578,
                        "l": 144
                    },
                    "custom": {
                        "k": 203,
                        "d": 147,
                        "a": 7,
                        "w": 0,
                        "l": 0
                    }
                },
                {
                    "season": 3,
                    "ranked": {
                        "k": 4085,
                        "d": 3115,
                        "a": 419,
                        "w": 131,
                        "l": 89
                    },
                    "casual": {
                        "k": 6676,
                        "d": 2246,
                        "a": 442,
                        "w": 139,
                        "l": 25
                    },
                    "custom": {
                        "k": 3619,
                        "d": 2234,
                        "a": 128,
                        "w": 0,
                        "l": 0
                    }
                },
                {
                    "season": 4,
                    "ranked": {
                        "k": 4913,
                        "d": 3744,
                        "a": 467,
                        "w": 145,
                        "l": 122
                    },
                    "casual": {
                        "k": 2760,
                        "d": 987,
                        "a": 189,
                        "w": 39,
                        "l": 14
                    },
                    "custom": {
                        "k": 1345,
                        "d": 974,
                        "a": 67,
                        "w": 0,
                        "l": 0
                    }
                },
                {
                    "season": 5,
                    "ranked": {
                        "k": 833,
                        "d": 475,
                        "a": 83,
                        "w": 23,
                        "l": 12
                    },
                    "casual": {
                        "k": 1115,
                        "d": 332,
                        "a": 72,
                        "w": 23,
                        "l": 1
                    },
                    "custom": {
                        "k": 53,
                        "d": 644,
                        "a": 0,
                        "w": 0,
                        "l": 0
                    }
                },
                {
                    "season": 6,
                    "ranked": {
                        "k": 1358,
                        "d": 834,
                        "a": 149,
                        "w": 66,
                        "l": 9
                    },
                    "casual": {
                        "k": 12039,
                        "d": 3279,
                        "a": 685,
                        "w": 80,
                        "l": 15
                    },
                    "custom": {
                        "k": 618,
                        "d": 297,
                        "a": 49,
                        "w": 0,
                        "l": 0
                    }
                }
            ],
            "ranked": {
                "placement_matches_left": 0,
                "highest_rank": 9,
                "rating": 2358,
                "global_position": 24,
                "rank": 9
            }
        },
        "ban": null,
        "reports": [],
        "clan": {
            "basicInfo": {
                "name": "Melissas hoes",
                "tag": "mels"
            },
            "id": 83841,
            "memberRank": 40
        }
    }
]