[
    {
        "basicInfo": {
            "userID": 159014909,
            "name": "Melva",
            "userType": 1,
            "iconID": 318,
            "level": 310
        },
        "userSettings": {
            "blockFriendRequests": false,
            "block_clan_requests": false,
            "equipped_emblem": 315
        },
        "friendStatus": 0,
        "stats": {
            "seasonal_stats": [
                {
                    "season": 0,
                    "ranked": {
                        "k": 0,
                        "d": 0,
                        "a": 0,
                        "w": 0,
                        "l": 0
                    },
                    "casual": {
                        "k": 0,
                        "d": 0,
                        "a": 0,
                        "w": 0,
                        "l": 0
                    },
                    "custom": {
                        "k": 6740,
                        "d": 3770,
                        "a": 672,
                        "w": 0,
                        "l": 0
                    }
                },
                {
                    "season": 1,
                    "ranked": {
                        "k": 0,
                        "d": 0,
                        "a": 0,
                        "w": 0,
                        "l": 0
                    },
                    "casual": {
                        "k": 0,
                        "d": 0,
                        "a": 0,
                        "w": 0,
                        "l": 0
                    },
                    "custom": {
                        "k": 0,
                        "d": 0,
                        "a": 0,
                        "w": 0,
                        "l": 0
                    }
                },
                {
                    "season": 2,
                    "ranked": {
                        "k": 4392,
                        "d": 3010,
                        "a": 466,
                        "w": 176,
                        "l": 173
                    },
                    "casual": {
                        "k": 0,
                        "d": 0,
                        "a": 0,
                        "w": 122,
                        "l": 66
                    },
                    "custom": {
                        "k": 0,
                        "d": 0,
                        "a": 0,
                        "w": 0,
                        "l": 0
                    }
                },
                {
                    "season": 3,
                    "ranked": {
                        "k": 3451,
                        "d": 3238,
                        "a": 418,
                        "w": 123,
                        "l": 108
                    },
                    "casual": {
                        "k": 2938,
                        "d": 1477,
                        "a": 352,
                        "w": 63,
                        "l": 29
                    },
                    "custom": {
                        "k": 4713,
                        "d": 2592,
                        "a": 217,
                        "w": 0,
                        "l": 0
                    }
                },
                {
                    "season": 4,
                    "ranked": {
                        "k": 2356,
                        "d": 2121,
                        "a": 279,
                        "w": 85,
                        "l": 61
                    },
                    "casual": {
                        "k": 23460,
                        "d": 6981,
                        "a": 1462,
                        "w": 389,
                        "l": 73
                    },
                    "custom": {
                        "k": 7599,
                        "d": 4826,
                        "a": 569,
                        "w": 0,
                        "l": 0
                    }
                },
                {
                    "season": 5,
                    "ranked": {
                        "k": 2707,
                        "d": 2232,
                        "a": 410,
                        "w": 95,
                        "l": 53
                    },
                    "casual": {
                        "k": 21478,
                        "d": 5311,
                        "a": 1105,
                        "w": 386,
                        "l": 42
                    },
                    "custom": {
                        "k": 4705,
                        "d": 3659,
                        "a": 501,
                        "w": 0,
                        "l": 0
                    }
                },
                {
                    "season": 6,
                    "ranked": {
                        "k": 717,
                        "d": 479,
                        "a": 119,
                        "w": 33,
                        "l": 6
                    },
                    "casual": {
                        "k": 8994,
                        "d": 2022,
                        "a": 468,
                        "w": 192,
                        "l": 19
                    },
                    "custom": {
                        "k": 1325,
                        "d": 984,
                        "a": 140,
                        "w": 0,
                        "l": 0
                    }
                }
            ],
            "ranked": {
                "placement_matches_left": 0,
                "highest_rank": 9,
                "rating": 2192,
                "global_position": 188,
                "rank": 9
            }
        },
        "ban": null,
        "reports": [],
        "clan": {
            "basicInfo": {
                "name": "Thorn",
                "tag": "Eris"
            },
            "id": 115138,
            "memberRank": 40
        }
    }
]