[
    {
        "basicInfo": {
            "userID": 159639438,
            "name": "mfome",
            "userType": 1,
            "iconID": 222,
            "level": 226
        },
        "userSettings": {
            "blockFriendRequests": false,
            "block_clan_requests": false,
            "equipped_emblem": 183
        },
        "friendStatus": 0,
        "stats": {
            "seasonal_stats": [
                {
                    "season": 0,
                    "ranked": {
                        "k": 0,
                        "d": 0,
                        "a": 0,
                        "w": 0,
                        "l": 0
                    },
                    "casual": {
                        "k": 0,
                        "d": 0,
                        "a": 0,
                        "w": 0,
                        "l": 0
                    },
                    "custom": {
                        "k": 3892,
                        "d": 2857,
                        "a": 364,
                        "w": 0,
                        "l": 0
                    }
                },
                {
                    "season": 1,
                    "ranked": {
                        "k": 0,
                        "d": 0,
                        "a": 0,
                        "w": 0,
                        "l": 0
                    },
                    "casual": {
                        "k": 0,
                        "d": 0,
                        "a": 0,
                        "w": 0,
                        "l": 0
                    },
                    "custom": {
                        "k": 0,
                        "d": 0,
                        "a": 0,
                        "w": 0,
                        "l": 0
                    }
                },
                {
                    "season": 2,
                    "ranked": {
                        "k": 538,
                        "d": 425,
                        "a": 61,
                        "w": 27,
                        "l": 22
                    },
                    "casual": {
                        "k": 0,
                        "d": 0,
                        "a": 0,
                        "w": 146,
                        "l": 80
                    },
                    "custom": {
                        "k": 0,
                        "d": 0,
                        "a": 0,
                        "w": 0,
                        "l": 0
                    }
                },
                {
                    "season": 3,
                    "ranked": {
                        "k": 2078,
                        "d": 1751,
                        "a": 255,
                        "w": 70,
                        "l": 55
                    },
                    "casual": {
                        "k": 3490,
                        "d": 2080,
                        "a": 390,
                        "w": 116,
                        "l": 64
                    },
                    "custom": {
                        "k": 4616,
                        "d": 3085,
                        "a": 142,
                        "w": 0,
                        "l": 0
                    }
                },
                {
                    "season": 4,
                    "ranked": {
                        "k": 570,
                        "d": 464,
                        "a": 67,
                        "w": 27,
                        "l": 11
                    },
                    "casual": {
                        "k": 4714,
                        "d": 1990,
                        "a": 406,
                        "w": 143,
                        "l": 23
                    },
                    "custom": {
                        "k": 3913,
                        "d": 2320,
                        "a": 107,
                        "w": 0,
                        "l": 0
                    }
                },
                {
                    "season": 5,
                    "ranked": {
                        "k": 1029,
                        "d": 880,
                        "a": 125,
                        "w": 62,
                        "l": 15
                    },
                    "casual": {
                        "k": 7235,
                        "d": 3441,
                        "a": 577,
                        "w": 214,
                        "l": 60
                    },
                    "custom": {
                        "k": 5387,
                        "d": 3288,
                        "a": 152,
                        "w": 0,
                        "l": 0
                    }
                },
                {
                    "season": 6,
                    "ranked": {
                        "k": 274,
                        "d": 142,
                        "a": 23,
                        "w": 15,
                        "l": 1
                    },
                    "casual": {
                        "k": 254,
                        "d": 96,
                        "a": 23,
                        "w": 6,
                        "l": 0
                    },
                    "custom": {
                        "k": 314,
                        "d": 142,
                        "a": 14,
                        "w": 0,
                        "l": 0
                    }
                }
            ],
            "ranked": {
                "placement_matches_left": 0,
                "highest_rank": 9,
                "rating": 2260,
                "global_position": 74,
                "rank": 9
            }
        },
        "ban": null,
        "reports": []
    }
]