[
    {
        "basicInfo": {
            "userID": 158625552,
            "name": "Mikelaya",
            "userType": 1,
            "iconID": 309,
            "level": 32
        },
        "userSettings": {
            "blockFriendRequests": false,
            "block_clan_requests": false,
            "equipped_emblem": 309
        },
        "friendStatus": 0,
        "stats": {
            "seasonal_stats": [
                {
                    "season": 0,
                    "ranked": {
                        "k": 0,
                        "d": 0,
                        "a": 0,
                        "w": 0,
                        "l": 0
                    },
                    "casual": {
                        "k": 0,
                        "d": 0,
                        "a": 0,
                        "w": 0,
                        "l": 0
                    },
                    "custom": {
                        "k": 427,
                        "d": 225,
                        "a": 12,
                        "w": 0,
                        "l": 0
                    }
                },
                {
                    "season": 1,
                    "ranked": {
                        "k": 0,
                        "d": 0,
                        "a": 0,
                        "w": 0,
                        "l": 0
                    },
                    "casual": {
                        "k": 0,
                        "d": 0,
                        "a": 0,
                        "w": 0,
                        "l": 0
                    },
                    "custom": {
                        "k": 0,
                        "d": 0,
                        "a": 0,
                        "w": 0,
                        "l": 0
                    }
                },
                {
                    "season": 2,
                    "ranked": {
                        "k": 10,
                        "d": 11,
                        "a": 0,
                        "w": 2,
                        "l": 0
                    },
                    "casual": {
                        "k": 0,
                        "d": 0,
                        "a": 0,
                        "w": 4,
                        "l": 3
                    },
                    "custom": {
                        "k": 0,
                        "d": 0,
                        "a": 0,
                        "w": 0,
                        "l": 0
                    }
                },
                {
                    "season": 3,
                    "ranked": {
                        "k": 128,
                        "d": 279,
                        "a": 4,
                        "w": 16,
                        "l": 12
                    },
                    "casual": {
                        "k": 124,
                        "d": 34,
                        "a": 2,
                        "w": 2,
                        "l": 5
                    },
                    "custom": {
                        "k": 1496,
                        "d": 25951,
                        "a": 0,
                        "w": 0,
                        "l": 0
                    }
                },
                {
                    "season": 4,
                    "ranked": {
                        "k": 258,
                        "d": 282,
                        "a": 23,
                        "w": 28,
                        "l": 10
                    },
                    "casual": {
                        "k": 43,
                        "d": 13,
                        "a": 2,
                        "w": 1,
                        "l": 0
                    },
                    "custom": {
                        "k": 0,
                        "d": 0,
                        "a": 0,
                        "w": 0,
                        "l": 0
                    }
                },
                {
                    "season": 5,
                    "ranked": {
                        "k": 30,
                        "d": 46,
                        "a": 0,
                        "w": 1,
                        "l": 2
                    },
                    "casual": {
                        "k": 0,
                        "d": 0,
                        "a": 0,
                        "w": 0,
                        "l": 0
                    },
                    "custom": {
                        "k": 0,
                        "d": 0,
                        "a": 0,
                        "w": 0,
                        "l": 0
                    }
                },
                {
                    "season": 6,
                    "ranked": {
                        "k": 486,
                        "d": 343,
                        "a": 59,
                        "w": 28,
                        "l": 13
                    },
                    "casual": {
                        "k": 27,
                        "d": 11,
                        "a": 1,
                        "w": 0,
                        "l": 0
                    },
                    "custom": {
                        "k": 0,
                        "d": 0,
                        "a": 0,
                        "w": 0,
                        "l": 0
                    }
                }
            ],
            "ranked": {
                "placement_matches_left": 0,
                "highest_rank": 9,
                "rating": 2224,
                "global_position": 116,
                "rank": 9
            }
        },
        "ban": null,
        "reports": []
    }
]