[
    {
        "basicInfo": {
            "userID": 125618951,
            "name": "Milf Hunter X",
            "userType": 1,
            "iconID": 209,
            "level": 365
        },
        "userSettings": {
            "blockFriendRequests": false,
            "block_clan_requests": false,
            "equipped_emblem": 36
        },
        "friendStatus": 0,
        "stats": {
            "seasonal_stats": [
                {
                    "season": 0,
                    "ranked": {
                        "k": 501,
                        "d": 208,
                        "a": 54,
                        "w": 19,
                        "l": 10
                    },
                    "casual": {
                        "k": 0,
                        "d": 0,
                        "a": 0,
                        "w": 0,
                        "l": 0
                    },
                    "custom": {
                        "k": 2338,
                        "d": 899,
                        "a": 182,
                        "w": 0,
                        "l": 0
                    }
                },
                {
                    "season": 1,
                    "ranked": {
                        "k": 449,
                        "d": 253,
                        "a": 59,
                        "w": 19,
                        "l": 10
                    },
                    "casual": {
                        "k": 0,
                        "d": 0,
                        "a": 0,
                        "w": 2,
                        "l": 1
                    },
                    "custom": {
                        "k": 0,
                        "d": 0,
                        "a": 0,
                        "w": 0,
                        "l": 0
                    }
                },
                {
                    "season": 2,
                    "ranked": {
                        "k": 0,
                        "d": 0,
                        "a": 0,
                        "w": 0,
                        "l": 0
                    },
                    "casual": {
                        "k": 0,
                        "d": 0,
                        "a": 0,
                        "w": 0,
                        "l": 10
                    },
                    "custom": {
                        "k": 0,
                        "d": 0,
                        "a": 0,
                        "w": 0,
                        "l": 0
                    }
                },
                {
                    "season": 3,
                    "ranked": {
                        "k": 5906,
                        "d": 4175,
                        "a": 776,
                        "w": 175,
                        "l": 126
                    },
                    "casual": {
                        "k": 11587,
                        "d": 3960,
                        "a": 824,
                        "w": 341,
                        "l": 78
                    },
                    "custom": {
                        "k": 6784,
                        "d": 4344,
                        "a": 113,
                        "w": 0,
                        "l": 0
                    }
                },
                {
                    "season": 4,
                    "ranked": {
                        "k": 5548,
                        "d": 4451,
                        "a": 740,
                        "w": 170,
                        "l": 140
                    },
                    "casual": {
                        "k": 6199,
                        "d": 2047,
                        "a": 476,
                        "w": 142,
                        "l": 12
                    },
                    "custom": {
                        "k": 4312,
                        "d": 3219,
                        "a": 66,
                        "w": 0,
                        "l": 0
                    }
                },
                {
                    "season": 5,
                    "ranked": {
                        "k": 2334,
                        "d": 2062,
                        "a": 399,
                        "w": 89,
                        "l": 54
                    },
                    "casual": {
                        "k": 6104,
                        "d": 2110,
                        "a": 360,
                        "w": 166,
                        "l": 13
                    },
                    "custom": {
                        "k": 3949,
                        "d": 3037,
                        "a": 95,
                        "w": 0,
                        "l": 0
                    }
                },
                {
                    "season": 6,
                    "ranked": {
                        "k": 2518,
                        "d": 2049,
                        "a": 445,
                        "w": 112,
                        "l": 37
                    },
                    "casual": {
                        "k": 834,
                        "d": 254,
                        "a": 55,
                        "w": 12,
                        "l": 1
                    },
                    "custom": {
                        "k": 1022,
                        "d": 804,
                        "a": 7,
                        "w": 0,
                        "l": 0
                    }
                }
            ],
            "ranked": {
                "placement_matches_left": 0,
                "highest_rank": 9,
                "rating": 2226,
                "global_position": 112,
                "rank": 9
            }
        },
        "ban": null,
        "reports": [],
        "clan": {
            "basicInfo": {
                "name": "Whelve",
                "tag": "WlV"
            },
            "id": 93498,
            "memberRank": 10
        }
    }
]