[
    {
        "basicInfo": {
            "userID": 52450764,
            "name": "Mixage",
            "userType": 1,
            "iconID": 1,
            "level": 664
        },
        "userSettings": {
            "blockFriendRequests": false,
            "block_clan_requests": false,
            "equipped_emblem": 1
        },
        "friendStatus": 0,
        "stats": {
            "seasonal_stats": [
                {
                    "season": 0,
                    "ranked": {
                        "k": 3148,
                        "d": 3344,
                        "a": 443,
                        "w": 164,
                        "l": 116
                    },
                    "casual": {
                        "k": 0,
                        "d": 0,
                        "a": 0,
                        "w": 0,
                        "l": 0
                    },
                    "custom": {
                        "k": 89519,
                        "d": 68835,
                        "a": 8208,
                        "w": 0,
                        "l": 0
                    }
                },
                {
                    "season": 1,
                    "ranked": {
                        "k": 1413,
                        "d": 1009,
                        "a": 168,
                        "w": 66,
                        "l": 40
                    },
                    "casual": {
                        "k": 0,
                        "d": 0,
                        "a": 0,
                        "w": 49,
                        "l": 21
                    },
                    "custom": {
                        "k": 0,
                        "d": 0,
                        "a": 0,
                        "w": 0,
                        "l": 0
                    }
                },
                {
                    "season": 2,
                    "ranked": {
                        "k": 22065,
                        "d": 16326,
                        "a": 2476,
                        "w": 964,
                        "l": 693
                    },
                    "casual": {
                        "k": 0,
                        "d": 0,
                        "a": 0,
                        "w": 106,
                        "l": 49
                    },
                    "custom": {
                        "k": 322,
                        "d": 209,
                        "a": 23,
                        "w": 0,
                        "l": 0
                    }
                },
                {
                    "season": 3,
                    "ranked": {
                        "k": 15153,
                        "d": 10562,
                        "a": 1589,
                        "w": 480,
                        "l": 268
                    },
                    "casual": {
                        "k": 1936,
                        "d": 793,
                        "a": 147,
                        "w": 36,
                        "l": 25
                    },
                    "custom": {
                        "k": 19831,
                        "d": 13138,
                        "a": 1247,
                        "w": 0,
                        "l": 0
                    }
                },
                {
                    "season": 4,
                    "ranked": {
                        "k": 6969,
                        "d": 5433,
                        "a": 792,
                        "w": 245,
                        "l": 131
                    },
                    "casual": {
                        "k": 2519,
                        "d": 952,
                        "a": 178,
                        "w": 46,
                        "l": 6
                    },
                    "custom": {
                        "k": 17129,
                        "d": 14829,
                        "a": 1566,
                        "w": 0,
                        "l": 0
                    }
                },
                {
                    "season": 5,
                    "ranked": {
                        "k": 5204,
                        "d": 3992,
                        "a": 622,
                        "w": 164,
                        "l": 106
                    },
                    "casual": {
                        "k": 1415,
                        "d": 599,
                        "a": 112,
                        "w": 19,
                        "l": 7
                    },
                    "custom": {
                        "k": 5945,
                        "d": 5200,
                        "a": 682,
                        "w": 0,
                        "l": 0
                    }
                },
                {
                    "season": 6,
                    "ranked": {
                        "k": 1876,
                        "d": 1298,
                        "a": 242,
                        "w": 81,
                        "l": 17
                    },
                    "casual": {
                        "k": 344,
                        "d": 132,
                        "a": 21,
                        "w": 8,
                        "l": 0
                    },
                    "custom": {
                        "k": 2416,
                        "d": 2209,
                        "a": 334,
                        "w": 0,
                        "l": 0
                    }
                }
            ],
            "ranked": {
                "placement_matches_left": 0,
                "highest_rank": 9,
                "rating": 2201,
                "global_position": 162,
                "rank": 9
            }
        },
        "ban": null,
        "reports": [],
        "clan": {
            "basicInfo": {
                "name": "Team Exclusive",
                "tag": "EXCL"
            },
            "id": 33825,
            "memberRank": 10
        }
    }
]