[
    {
        "basicInfo": {
            "userID": 110604055,
            "name": "N O X I C",
            "userType": 1,
            "iconID": 1,
            "level": 753
        },
        "userSettings": {
            "blockFriendRequests": true,
            "block_clan_requests": false,
            "equipped_emblem": 1
        },
        "friendStatus": 0,
        "stats": {
            "seasonal_stats": [
                {
                    "season": 0,
                    "ranked": {
                        "k": 12184,
                        "d": 7352,
                        "a": 1310,
                        "w": 532,
                        "l": 299
                    },
                    "casual": {
                        "k": 0,
                        "d": 0,
                        "a": 0,
                        "w": 0,
                        "l": 0
                    },
                    "custom": {
                        "k": 65207,
                        "d": 33993,
                        "a": 5104,
                        "w": 0,
                        "l": 0
                    }
                },
                {
                    "season": 1,
                    "ranked": {
                        "k": 7520,
                        "d": 4680,
                        "a": 830,
                        "w": 326,
                        "l": 182
                    },
                    "casual": {
                        "k": 0,
                        "d": 0,
                        "a": 0,
                        "w": 89,
                        "l": 20
                    },
                    "custom": {
                        "k": 0,
                        "d": 0,
                        "a": 0,
                        "w": 0,
                        "l": 0
                    }
                },
                {
                    "season": 2,
                    "ranked": {
                        "k": 10934,
                        "d": 7625,
                        "a": 1206,
                        "w": 512,
                        "l": 289
                    },
                    "casual": {
                        "k": 0,
                        "d": 0,
                        "a": 0,
                        "w": 78,
                        "l": 34
                    },
                    "custom": {
                        "k": 164,
                        "d": 131,
                        "a": 23,
                        "w": 0,
                        "l": 0
                    }
                },
                {
                    "season": 3,
                    "ranked": {
                        "k": 6266,
                        "d": 4504,
                        "a": 666,
                        "w": 209,
                        "l": 105
                    },
                    "casual": {
                        "k": 4680,
                        "d": 1391,
                        "a": 176,
                        "w": 120,
                        "l": 22
                    },
                    "custom": {
                        "k": 11603,
                        "d": 8208,
                        "a": 972,
                        "w": 0,
                        "l": 0
                    }
                },
                {
                    "season": 4,
                    "ranked": {
                        "k": 4439,
                        "d": 3185,
                        "a": 502,
                        "w": 160,
                        "l": 69
                    },
                    "casual": {
                        "k": 4766,
                        "d": 1258,
                        "a": 253,
                        "w": 114,
                        "l": 5
                    },
                    "custom": {
                        "k": 7892,
                        "d": 6412,
                        "a": 800,
                        "w": 0,
                        "l": 0
                    }
                },
                {
                    "season": 5,
                    "ranked": {
                        "k": 3548,
                        "d": 2409,
                        "a": 398,
                        "w": 140,
                        "l": 36
                    },
                    "casual": {
                        "k": 1607,
                        "d": 634,
                        "a": 114,
                        "w": 20,
                        "l": 5
                    },
                    "custom": {
                        "k": 3671,
                        "d": 2914,
                        "a": 376,
                        "w": 0,
                        "l": 0
                    }
                },
                {
                    "season": 6,
                    "ranked": {
                        "k": 1075,
                        "d": 712,
                        "a": 169,
                        "w": 45,
                        "l": 10
                    },
                    "casual": {
                        "k": 309,
                        "d": 104,
                        "a": 26,
                        "w": 2,
                        "l": 0
                    },
                    "custom": {
                        "k": 1630,
                        "d": 1332,
                        "a": 280,
                        "w": 0,
                        "l": 0
                    }
                }
            ],
            "ranked": {
                "placement_matches_left": 0,
                "highest_rank": 9,
                "rating": 2275,
                "global_position": 60,
                "rank": 9
            }
        },
        "ban": null,
        "reports": [],
        "clan": {
            "basicInfo": {
                "name": "REIGN",
                "tag": "RGN"
            },
            "id": 4439,
            "memberRank": 10
        }
    }
]