[
    {
        "basicInfo": {
            "userID": 161507859,
            "name": "Nea",
            "userType": 1,
            "iconID": 1,
            "level": 241
        },
        "userSettings": {
            "blockFriendRequests": false,
            "block_clan_requests": false,
            "equipped_emblem": 1
        },
        "friendStatus": 0,
        "stats": {
            "seasonal_stats": [
                {
                    "season": 0,
                    "ranked": {
                        "k": 0,
                        "d": 0,
                        "a": 0,
                        "w": 0,
                        "l": 0
                    },
                    "casual": {
                        "k": 0,
                        "d": 0,
                        "a": 0,
                        "w": 0,
                        "l": 0
                    },
                    "custom": {
                        "k": 5663,
                        "d": 4985,
                        "a": 622,
                        "w": 0,
                        "l": 0
                    }
                },
                {
                    "season": 1,
                    "ranked": {
                        "k": 0,
                        "d": 0,
                        "a": 0,
                        "w": 0,
                        "l": 0
                    },
                    "casual": {
                        "k": 0,
                        "d": 0,
                        "a": 0,
                        "w": 0,
                        "l": 0
                    },
                    "custom": {
                        "k": 0,
                        "d": 0,
                        "a": 0,
                        "w": 0,
                        "l": 0
                    }
                },
                {
                    "season": 2,
                    "ranked": {
                        "k": 523,
                        "d": 835,
                        "a": 100,
                        "w": 38,
                        "l": 44
                    },
                    "casual": {
                        "k": 0,
                        "d": 0,
                        "a": 0,
                        "w": 220,
                        "l": 154
                    },
                    "custom": {
                        "k": 0,
                        "d": 0,
                        "a": 0,
                        "w": 0,
                        "l": 0
                    }
                },
                {
                    "season": 3,
                    "ranked": {
                        "k": 3140,
                        "d": 2710,
                        "a": 373,
                        "w": 111,
                        "l": 83
                    },
                    "casual": {
                        "k": 13936,
                        "d": 5997,
                        "a": 1025,
                        "w": 245,
                        "l": 90
                    },
                    "custom": {
                        "k": 4807,
                        "d": 3499,
                        "a": 334,
                        "w": 0,
                        "l": 0
                    }
                },
                {
                    "season": 4,
                    "ranked": {
                        "k": 2671,
                        "d": 1944,
                        "a": 253,
                        "w": 83,
                        "l": 53
                    },
                    "casual": {
                        "k": 1983,
                        "d": 758,
                        "a": 135,
                        "w": 1,
                        "l": 2
                    },
                    "custom": {
                        "k": 3032,
                        "d": 2444,
                        "a": 235,
                        "w": 0,
                        "l": 0
                    }
                },
                {
                    "season": 5,
                    "ranked": {
                        "k": 1300,
                        "d": 1086,
                        "a": 172,
                        "w": 45,
                        "l": 26
                    },
                    "casual": {
                        "k": 1843,
                        "d": 782,
                        "a": 141,
                        "w": 4,
                        "l": 0
                    },
                    "custom": {
                        "k": 1234,
                        "d": 1094,
                        "a": 139,
                        "w": 0,
                        "l": 0
                    }
                },
                {
                    "season": 6,
                    "ranked": {
                        "k": 2189,
                        "d": 1684,
                        "a": 294,
                        "w": 86,
                        "l": 39
                    },
                    "casual": {
                        "k": 400,
                        "d": 169,
                        "a": 23,
                        "w": 1,
                        "l": 1
                    },
                    "custom": {
                        "k": 106,
                        "d": 113,
                        "a": 13,
                        "w": 0,
                        "l": 0
                    }
                }
            ],
            "ranked": {
                "placement_matches_left": 0,
                "highest_rank": 9,
                "rating": 2234,
                "global_position": 101,
                "rank": 9
            }
        },
        "ban": null,
        "reports": [],
        "clan": {
            "basicInfo": {
                "name": "CsPRoGaMeRZ",
                "tag": "CsPG"
            },
            "id": 11,
            "memberRank": 10
        }
    }
]