[
    {
        "basicInfo": {
            "userID": 157343647,
            "name": "NetoTheGoat",
            "userType": 1,
            "iconID": 65,
            "level": 231
        },
        "userSettings": {
            "blockFriendRequests": false,
            "block_clan_requests": false,
            "equipped_emblem": 65
        },
        "friendStatus": 0,
        "stats": {
            "seasonal_stats": [
                {
                    "season": 0,
                    "ranked": {
                        "k": 0,
                        "d": 0,
                        "a": 0,
                        "w": 0,
                        "l": 0
                    },
                    "casual": {
                        "k": 0,
                        "d": 0,
                        "a": 0,
                        "w": 0,
                        "l": 0
                    },
                    "custom": {
                        "k": 3214,
                        "d": 2024,
                        "a": 301,
                        "w": 0,
                        "l": 0
                    }
                },
                {
                    "season": 1,
                    "ranked": {
                        "k": 0,
                        "d": 0,
                        "a": 0,
                        "w": 0,
                        "l": 0
                    },
                    "casual": {
                        "k": 0,
                        "d": 0,
                        "a": 0,
                        "w": 0,
                        "l": 0
                    },
                    "custom": {
                        "k": 0,
                        "d": 0,
                        "a": 0,
                        "w": 0,
                        "l": 0
                    }
                },
                {
                    "season": 2,
                    "ranked": {
                        "k": 1724,
                        "d": 1224,
                        "a": 210,
                        "w": 78,
                        "l": 51
                    },
                    "casual": {
                        "k": 0,
                        "d": 0,
                        "a": 0,
                        "w": 76,
                        "l": 49
                    },
                    "custom": {
                        "k": 0,
                        "d": 0,
                        "a": 0,
                        "w": 0,
                        "l": 0
                    }
                },
                {
                    "season": 3,
                    "ranked": {
                        "k": 586,
                        "d": 293,
                        "a": 62,
                        "w": 14,
                        "l": 10
                    },
                    "casual": {
                        "k": 9052,
                        "d": 3827,
                        "a": 624,
                        "w": 288,
                        "l": 63
                    },
                    "custom": {
                        "k": 2709,
                        "d": 2048,
                        "a": 295,
                        "w": 0,
                        "l": 0
                    }
                },
                {
                    "season": 4,
                    "ranked": {
                        "k": 805,
                        "d": 617,
                        "a": 94,
                        "w": 26,
                        "l": 18
                    },
                    "casual": {
                        "k": 5411,
                        "d": 2815,
                        "a": 476,
                        "w": 234,
                        "l": 60
                    },
                    "custom": {
                        "k": 1081,
                        "d": 944,
                        "a": 153,
                        "w": 0,
                        "l": 0
                    }
                },
                {
                    "season": 5,
                    "ranked": {
                        "k": 4763,
                        "d": 4122,
                        "a": 674,
                        "w": 216,
                        "l": 86
                    },
                    "casual": {
                        "k": 10813,
                        "d": 6294,
                        "a": 907,
                        "w": 188,
                        "l": 84
                    },
                    "custom": {
                        "k": 793,
                        "d": 612,
                        "a": 97,
                        "w": 0,
                        "l": 0
                    }
                },
                {
                    "season": 6,
                    "ranked": {
                        "k": 1255,
                        "d": 1062,
                        "a": 195,
                        "w": 67,
                        "l": 15
                    },
                    "casual": {
                        "k": 2752,
                        "d": 1779,
                        "a": 250,
                        "w": 49,
                        "l": 27
                    },
                    "custom": {
                        "k": 1031,
                        "d": 996,
                        "a": 103,
                        "w": 0,
                        "l": 0
                    }
                }
            ],
            "ranked": {
                "placement_matches_left": 0,
                "highest_rank": 9,
                "rating": 2178,
                "global_position": 223,
                "rank": 9
            }
        },
        "ban": null,
        "reports": [],
        "clan": {
            "basicInfo": {
                "name": "Real Sports",
                "tag": "reaI"
            },
            "id": 23226,
            "memberRank": 40
        }
    }
]