[
    {
        "basicInfo": {
            "userID": 72216606,
            "name": "Nick_Pro2019",
            "userType": 1,
            "iconID": 312,
            "level": 668
        },
        "userSettings": {
            "blockFriendRequests": false,
            "block_clan_requests": false,
            "equipped_emblem": 306
        },
        "friendStatus": 0,
        "stats": {
            "seasonal_stats": [
                {
                    "season": 0,
                    "ranked": {
                        "k": 4616,
                        "d": 3736,
                        "a": 620,
                        "w": 224,
                        "l": 151
                    },
                    "casual": {
                        "k": 0,
                        "d": 0,
                        "a": 0,
                        "w": 33,
                        "l": 16
                    },
                    "custom": {
                        "k": 86861,
                        "d": 50436,
                        "a": 7903,
                        "w": 0,
                        "l": 0
                    }
                },
                {
                    "season": 1,
                    "ranked": {
                        "k": 9173,
                        "d": 5987,
                        "a": 1150,
                        "w": 416,
                        "l": 276
                    },
                    "casual": {
                        "k": 0,
                        "d": 0,
                        "a": 0,
                        "w": 388,
                        "l": 148
                    },
                    "custom": {
                        "k": 0,
                        "d": 0,
                        "a": 0,
                        "w": 0,
                        "l": 0
                    }
                },
                {
                    "season": 2,
                    "ranked": {
                        "k": 9639,
                        "d": 6707,
                        "a": 1231,
                        "w": 425,
                        "l": 306
                    },
                    "casual": {
                        "k": 0,
                        "d": 0,
                        "a": 0,
                        "w": 253,
                        "l": 234
                    },
                    "custom": {
                        "k": 1437,
                        "d": 803,
                        "a": 40,
                        "w": 2,
                        "l": 2
                    }
                },
                {
                    "season": 3,
                    "ranked": {
                        "k": 2399,
                        "d": 1647,
                        "a": 302,
                        "w": 70,
                        "l": 55
                    },
                    "casual": {
                        "k": 6961,
                        "d": 3532,
                        "a": 596,
                        "w": 175,
                        "l": 83
                    },
                    "custom": {
                        "k": 2626,
                        "d": 1343,
                        "a": 65,
                        "w": 0,
                        "l": 0
                    }
                },
                {
                    "season": 4,
                    "ranked": {
                        "k": 697,
                        "d": 636,
                        "a": 92,
                        "w": 26,
                        "l": 20
                    },
                    "casual": {
                        "k": 1588,
                        "d": 728,
                        "a": 127,
                        "w": 48,
                        "l": 12
                    },
                    "custom": {
                        "k": 253,
                        "d": 175,
                        "a": 0,
                        "w": 0,
                        "l": 0
                    }
                },
                {
                    "season": 5,
                    "ranked": {
                        "k": 2211,
                        "d": 1734,
                        "a": 331,
                        "w": 85,
                        "l": 49
                    },
                    "casual": {
                        "k": 3621,
                        "d": 1523,
                        "a": 279,
                        "w": 127,
                        "l": 34
                    },
                    "custom": {
                        "k": 3115,
                        "d": 1758,
                        "a": 148,
                        "w": 0,
                        "l": 0
                    }
                },
                {
                    "season": 6,
                    "ranked": {
                        "k": 628,
                        "d": 338,
                        "a": 74,
                        "w": 40,
                        "l": 3
                    },
                    "casual": {
                        "k": 1482,
                        "d": 633,
                        "a": 129,
                        "w": 78,
                        "l": 24
                    },
                    "custom": {
                        "k": 855,
                        "d": 532,
                        "a": 8,
                        "w": 0,
                        "l": 0
                    }
                }
            ],
            "ranked": {
                "placement_matches_left": 0,
                "highest_rank": 9,
                "rating": 2280,
                "global_position": 56,
                "rank": 9
            }
        },
        "ban": null,
        "reports": [],
        "clan": {
            "basicInfo": {
                "name": "Relation",
                "tag": "Rln"
            },
            "id": 97839,
            "memberRank": 10
        }
    }
]