[
    {
        "basicInfo": {
            "userID": 105578186,
            "name": "NightCat01",
            "userType": 1,
            "iconID": 57,
            "level": 626
        },
        "userSettings": {
            "blockFriendRequests": false,
            "block_clan_requests": false,
            "equipped_emblem": 57
        },
        "friendStatus": 0,
        "stats": {
            "seasonal_stats": [
                {
                    "season": 0,
                    "ranked": {
                        "k": 1536,
                        "d": 1246,
                        "a": 148,
                        "w": 72,
                        "l": 53
                    },
                    "casual": {
                        "k": 0,
                        "d": 0,
                        "a": 0,
                        "w": 0,
                        "l": 0
                    },
                    "custom": {
                        "k": 69925,
                        "d": 35766,
                        "a": 4876,
                        "w": 0,
                        "l": 0
                    }
                },
                {
                    "season": 1,
                    "ranked": {
                        "k": 5308,
                        "d": 3787,
                        "a": 522,
                        "w": 231,
                        "l": 173
                    },
                    "casual": {
                        "k": 0,
                        "d": 0,
                        "a": 0,
                        "w": 888,
                        "l": 332
                    },
                    "custom": {
                        "k": 0,
                        "d": 0,
                        "a": 0,
                        "w": 0,
                        "l": 0
                    }
                },
                {
                    "season": 2,
                    "ranked": {
                        "k": 6452,
                        "d": 5414,
                        "a": 735,
                        "w": 319,
                        "l": 227
                    },
                    "casual": {
                        "k": 4,
                        "d": 3,
                        "a": 1,
                        "w": 622,
                        "l": 241
                    },
                    "custom": {
                        "k": 76,
                        "d": 61,
                        "a": 0,
                        "w": 0,
                        "l": 0
                    }
                },
                {
                    "season": 3,
                    "ranked": {
                        "k": 2063,
                        "d": 1545,
                        "a": 233,
                        "w": 69,
                        "l": 39
                    },
                    "casual": {
                        "k": 8091,
                        "d": 3042,
                        "a": 508,
                        "w": 164,
                        "l": 49
                    },
                    "custom": {
                        "k": 9255,
                        "d": 7691,
                        "a": 491,
                        "w": 0,
                        "l": 0
                    }
                },
                {
                    "season": 4,
                    "ranked": {
                        "k": 2133,
                        "d": 1865,
                        "a": 275,
                        "w": 81,
                        "l": 46
                    },
                    "casual": {
                        "k": 12949,
                        "d": 5044,
                        "a": 695,
                        "w": 205,
                        "l": 41
                    },
                    "custom": {
                        "k": 8371,
                        "d": 7824,
                        "a": 598,
                        "w": 0,
                        "l": 0
                    }
                },
                {
                    "season": 5,
                    "ranked": {
                        "k": 2378,
                        "d": 2166,
                        "a": 318,
                        "w": 86,
                        "l": 59
                    },
                    "casual": {
                        "k": 3810,
                        "d": 1526,
                        "a": 178,
                        "w": 25,
                        "l": 8
                    },
                    "custom": {
                        "k": 5382,
                        "d": 5232,
                        "a": 296,
                        "w": 0,
                        "l": 0
                    }
                },
                {
                    "season": 6,
                    "ranked": {
                        "k": 1191,
                        "d": 1181,
                        "a": 157,
                        "w": 53,
                        "l": 25
                    },
                    "casual": {
                        "k": 1860,
                        "d": 667,
                        "a": 71,
                        "w": 5,
                        "l": 0
                    },
                    "custom": {
                        "k": 1546,
                        "d": 1579,
                        "a": 108,
                        "w": 0,
                        "l": 0
                    }
                }
            ],
            "ranked": {
                "placement_matches_left": 0,
                "highest_rank": 9,
                "rating": 2196,
                "global_position": 177,
                "rank": 9
            }
        },
        "ban": null,
        "reports": [],
        "clan": {
            "basicInfo": {
                "name": "X6tence",
                "tag": "x6"
            },
            "id": 30992,
            "memberRank": 10
        }
    }
]