[
    {
        "basicInfo": {
            "userID": 182884834,
            "name": "NimZ",
            "userType": 1,
            "iconID": 298,
            "level": 80
        },
        "userSettings": {
            "blockFriendRequests": false,
            "block_clan_requests": false,
            "equipped_emblem": 298
        },
        "friendStatus": 0,
        "stats": {
            "seasonal_stats": [
                {
                    "season": 0,
                    "ranked": {
                        "k": 0,
                        "d": 0,
                        "a": 0,
                        "w": 0,
                        "l": 0
                    },
                    "casual": {
                        "k": 0,
                        "d": 0,
                        "a": 0,
                        "w": 0,
                        "l": 0
                    },
                    "custom": {
                        "k": 0,
                        "d": 0,
                        "a": 0,
                        "w": 0,
                        "l": 0
                    }
                },
                {
                    "season": 1,
                    "ranked": {
                        "k": 0,
                        "d": 0,
                        "a": 0,
                        "w": 0,
                        "l": 0
                    },
                    "casual": {
                        "k": 0,
                        "d": 0,
                        "a": 0,
                        "w": 0,
                        "l": 0
                    },
                    "custom": {
                        "k": 0,
                        "d": 0,
                        "a": 0,
                        "w": 0,
                        "l": 0
                    }
                },
                {
                    "season": 2,
                    "ranked": {
                        "k": 0,
                        "d": 0,
                        "a": 0,
                        "w": 0,
                        "l": 0
                    },
                    "casual": {
                        "k": 0,
                        "d": 0,
                        "a": 0,
                        "w": 0,
                        "l": 0
                    },
                    "custom": {
                        "k": 0,
                        "d": 0,
                        "a": 0,
                        "w": 0,
                        "l": 0
                    }
                },
                {
                    "season": 3,
                    "ranked": {
                        "k": 0,
                        "d": 0,
                        "a": 0,
                        "w": 0,
                        "l": 0
                    },
                    "casual": {
                        "k": 0,
                        "d": 0,
                        "a": 0,
                        "w": 0,
                        "l": 0
                    },
                    "custom": {
                        "k": 0,
                        "d": 0,
                        "a": 0,
                        "w": 0,
                        "l": 0
                    }
                },
                {
                    "season": 4,
                    "ranked": {
                        "k": 1867,
                        "d": 1287,
                        "a": 195,
                        "w": 65,
                        "l": 30
                    },
                    "casual": {
                        "k": 1706,
                        "d": 704,
                        "a": 96,
                        "w": 19,
                        "l": 3
                    },
                    "custom": {
                        "k": 1491,
                        "d": 1491,
                        "a": 129,
                        "w": 0,
                        "l": 0
                    }
                },
                {
                    "season": 5,
                    "ranked": {
                        "k": 2307,
                        "d": 1979,
                        "a": 331,
                        "w": 91,
                        "l": 46
                    },
                    "casual": {
                        "k": 2667,
                        "d": 1092,
                        "a": 117,
                        "w": 3,
                        "l": 1
                    },
                    "custom": {
                        "k": 266,
                        "d": 249,
                        "a": 23,
                        "w": 0,
                        "l": 0
                    }
                },
                {
                    "season": 6,
                    "ranked": {
                        "k": 916,
                        "d": 736,
                        "a": 142,
                        "w": 39,
                        "l": 15
                    },
                    "casual": {
                        "k": 1462,
                        "d": 559,
                        "a": 63,
                        "w": 2,
                        "l": 0
                    },
                    "custom": {
                        "k": 82,
                        "d": 77,
                        "a": 15,
                        "w": 0,
                        "l": 0
                    }
                }
            ],
            "ranked": {
                "placement_matches_left": 0,
                "highest_rank": 9,
                "rating": 2200,
                "global_position": 167,
                "rank": 9
            }
        },
        "ban": null,
        "reports": []
    }
]