[
    {
        "basicInfo": {
            "userID": 68812014,
            "name": "Novy1",
            "userType": 1,
            "iconID": 318,
            "level": 339
        },
        "userSettings": {
            "blockFriendRequests": true,
            "block_clan_requests": false,
            "equipped_emblem": 36
        },
        "friendStatus": 0,
        "stats": {
            "seasonal_stats": [
                {
                    "season": 0,
                    "ranked": {
                        "k": 30041,
                        "d": 21861,
                        "a": 3397,
                        "w": 1357,
                        "l": 988
                    },
                    "casual": {
                        "k": 0,
                        "d": 0,
                        "a": 0,
                        "w": 1,
                        "l": 0
                    },
                    "custom": {
                        "k": 134381,
                        "d": 49637,
                        "a": 7258,
                        "w": 0,
                        "l": 0
                    }
                },
                {
                    "season": 1,
                    "ranked": {
                        "k": 864,
                        "d": 527,
                        "a": 91,
                        "w": 32,
                        "l": 27
                    },
                    "casual": {
                        "k": 0,
                        "d": 0,
                        "a": 0,
                        "w": 38,
                        "l": 19
                    },
                    "custom": {
                        "k": 0,
                        "d": 0,
                        "a": 0,
                        "w": 0,
                        "l": 0
                    }
                },
                {
                    "season": 2,
                    "ranked": {
                        "k": 8985,
                        "d": 6947,
                        "a": 1021,
                        "w": 421,
                        "l": 303
                    },
                    "casual": {
                        "k": 31,
                        "d": 10,
                        "a": 3,
                        "w": 156,
                        "l": 41
                    },
                    "custom": {
                        "k": 144,
                        "d": 106,
                        "a": 14,
                        "w": 0,
                        "l": 0
                    }
                },
                {
                    "season": 3,
                    "ranked": {
                        "k": 5242,
                        "d": 3893,
                        "a": 595,
                        "w": 148,
                        "l": 131
                    },
                    "casual": {
                        "k": 8812,
                        "d": 4202,
                        "a": 716,
                        "w": 121,
                        "l": 43
                    },
                    "custom": {
                        "k": 5208,
                        "d": 2590,
                        "a": 200,
                        "w": 0,
                        "l": 0
                    }
                },
                {
                    "season": 4,
                    "ranked": {
                        "k": 6667,
                        "d": 5061,
                        "a": 749,
                        "w": 211,
                        "l": 148
                    },
                    "casual": {
                        "k": 3539,
                        "d": 1419,
                        "a": 234,
                        "w": 46,
                        "l": 11
                    },
                    "custom": {
                        "k": 7368,
                        "d": 4179,
                        "a": 331,
                        "w": 0,
                        "l": 0
                    }
                },
                {
                    "season": 5,
                    "ranked": {
                        "k": 1447,
                        "d": 1362,
                        "a": 216,
                        "w": 44,
                        "l": 50
                    },
                    "casual": {
                        "k": 898,
                        "d": 564,
                        "a": 76,
                        "w": 2,
                        "l": 5
                    },
                    "custom": {
                        "k": 735,
                        "d": 534,
                        "a": 25,
                        "w": 0,
                        "l": 0
                    }
                },
                {
                    "season": 6,
                    "ranked": {
                        "k": 2068,
                        "d": 1387,
                        "a": 210,
                        "w": 74,
                        "l": 32
                    },
                    "casual": {
                        "k": 3987,
                        "d": 1643,
                        "a": 264,
                        "w": 44,
                        "l": 8
                    },
                    "custom": {
                        "k": 2572,
                        "d": 1297,
                        "a": 125,
                        "w": 0,
                        "l": 0
                    }
                }
            ],
            "ranked": {
                "placement_matches_left": 0,
                "highest_rank": 9,
                "rating": 2195,
                "global_position": 179,
                "rank": 9
            }
        },
        "ban": null,
        "reports": [],
        "clan": {
            "basicInfo": {
                "name": "Team Luma",
                "tag": "Luma"
            },
            "id": 55178,
            "memberRank": 10
        }
    }
]