[
    {
        "basicInfo": {
            "userID": 133293442,
            "name": "nrth",
            "userType": 1,
            "iconID": 62,
            "level": 415
        },
        "userSettings": {
            "blockFriendRequests": false,
            "block_clan_requests": false,
            "equipped_emblem": 62
        },
        "friendStatus": 0,
        "stats": {
            "seasonal_stats": [
                {
                    "season": 0,
                    "ranked": {
                        "k": 6136,
                        "d": 5006,
                        "a": 684,
                        "w": 296,
                        "l": 203
                    },
                    "casual": {
                        "k": 0,
                        "d": 0,
                        "a": 0,
                        "w": 12,
                        "l": 1
                    },
                    "custom": {
                        "k": 146127,
                        "d": 32920,
                        "a": 4817,
                        "w": 0,
                        "l": 0
                    }
                },
                {
                    "season": 1,
                    "ranked": {
                        "k": 10787,
                        "d": 8000,
                        "a": 1246,
                        "w": 476,
                        "l": 371
                    },
                    "casual": {
                        "k": 0,
                        "d": 0,
                        "a": 0,
                        "w": 374,
                        "l": 106
                    },
                    "custom": {
                        "k": 0,
                        "d": 0,
                        "a": 0,
                        "w": 0,
                        "l": 0
                    }
                },
                {
                    "season": 2,
                    "ranked": {
                        "k": 6170,
                        "d": 4045,
                        "a": 711,
                        "w": 273,
                        "l": 159
                    },
                    "casual": {
                        "k": 380,
                        "d": 150,
                        "a": 26,
                        "w": 525,
                        "l": 126
                    },
                    "custom": {
                        "k": 28,
                        "d": 22,
                        "a": 3,
                        "w": 0,
                        "l": 0
                    }
                },
                {
                    "season": 3,
                    "ranked": {
                        "k": 577,
                        "d": 372,
                        "a": 55,
                        "w": 23,
                        "l": 9
                    },
                    "casual": {
                        "k": 24263,
                        "d": 5840,
                        "a": 1272,
                        "w": 347,
                        "l": 51
                    },
                    "custom": {
                        "k": 7937,
                        "d": 1924,
                        "a": 212,
                        "w": 0,
                        "l": 0
                    }
                },
                {
                    "season": 4,
                    "ranked": {
                        "k": 251,
                        "d": 209,
                        "a": 30,
                        "w": 9,
                        "l": 5
                    },
                    "casual": {
                        "k": 47965,
                        "d": 13052,
                        "a": 2521,
                        "w": 538,
                        "l": 57
                    },
                    "custom": {
                        "k": 6142,
                        "d": 3915,
                        "a": 472,
                        "w": 0,
                        "l": 0
                    }
                },
                {
                    "season": 5,
                    "ranked": {
                        "k": 535,
                        "d": 366,
                        "a": 74,
                        "w": 27,
                        "l": 8
                    },
                    "casual": {
                        "k": 10283,
                        "d": 3058,
                        "a": 624,
                        "w": 79,
                        "l": 14
                    },
                    "custom": {
                        "k": 5776,
                        "d": 1385,
                        "a": 166,
                        "w": 0,
                        "l": 0
                    }
                },
                {
                    "season": 6,
                    "ranked": {
                        "k": 182,
                        "d": 126,
                        "a": 23,
                        "w": 9,
                        "l": 2
                    },
                    "casual": {
                        "k": 303,
                        "d": 63,
                        "a": 11,
                        "w": 0,
                        "l": 0
                    },
                    "custom": {
                        "k": 3045,
                        "d": 690,
                        "a": 102,
                        "w": 0,
                        "l": 0
                    }
                }
            ],
            "ranked": {
                "placement_matches_left": 0,
                "highest_rank": 8,
                "rating": 2246,
                "global_position": 92,
                "rank": 9
            }
        },
        "ban": null,
        "reports": [],
        "clan": {
            "basicInfo": {
                "name": "Team Exclusive",
                "tag": "EXCL"
            },
            "id": 33825,
            "memberRank": 10
        }
    }
]