[
    {
        "basicInfo": {
            "userID": 148453888,
            "name": "Nuclear",
            "userType": 1,
            "iconID": 197,
            "level": 453
        },
        "userSettings": {
            "blockFriendRequests": false,
            "block_clan_requests": false,
            "equipped_emblem": 295
        },
        "friendStatus": 0,
        "stats": {
            "seasonal_stats": [
                {
                    "season": 0,
                    "ranked": {
                        "k": 0,
                        "d": 0,
                        "a": 0,
                        "w": 0,
                        "l": 0
                    },
                    "casual": {
                        "k": 0,
                        "d": 0,
                        "a": 0,
                        "w": 0,
                        "l": 0
                    },
                    "custom": {
                        "k": 3647,
                        "d": 2484,
                        "a": 340,
                        "w": 0,
                        "l": 0
                    }
                },
                {
                    "season": 1,
                    "ranked": {
                        "k": 198,
                        "d": 99,
                        "a": 30,
                        "w": 11,
                        "l": 3
                    },
                    "casual": {
                        "k": 0,
                        "d": 0,
                        "a": 0,
                        "w": 4,
                        "l": 0
                    },
                    "custom": {
                        "k": 0,
                        "d": 0,
                        "a": 0,
                        "w": 0,
                        "l": 0
                    }
                },
                {
                    "season": 2,
                    "ranked": {
                        "k": 1188,
                        "d": 838,
                        "a": 150,
                        "w": 47,
                        "l": 41
                    },
                    "casual": {
                        "k": 71,
                        "d": 43,
                        "a": 5,
                        "w": 27,
                        "l": 14
                    },
                    "custom": {
                        "k": 62,
                        "d": 58,
                        "a": 12,
                        "w": 0,
                        "l": 0
                    }
                },
                {
                    "season": 3,
                    "ranked": {
                        "k": 1076,
                        "d": 834,
                        "a": 141,
                        "w": 40,
                        "l": 19
                    },
                    "casual": {
                        "k": 34939,
                        "d": 13214,
                        "a": 2564,
                        "w": 653,
                        "l": 145
                    },
                    "custom": {
                        "k": 13745,
                        "d": 10017,
                        "a": 1606,
                        "w": 0,
                        "l": 0
                    }
                },
                {
                    "season": 4,
                    "ranked": {
                        "k": 984,
                        "d": 853,
                        "a": 159,
                        "w": 48,
                        "l": 15
                    },
                    "casual": {
                        "k": 36780,
                        "d": 13905,
                        "a": 2557,
                        "w": 619,
                        "l": 124
                    },
                    "custom": {
                        "k": 8986,
                        "d": 7703,
                        "a": 1143,
                        "w": 0,
                        "l": 0
                    }
                },
                {
                    "season": 5,
                    "ranked": {
                        "k": 292,
                        "d": 204,
                        "a": 33,
                        "w": 16,
                        "l": 2
                    },
                    "casual": {
                        "k": 22491,
                        "d": 9540,
                        "a": 1853,
                        "w": 341,
                        "l": 94
                    },
                    "custom": {
                        "k": 4357,
                        "d": 3687,
                        "a": 723,
                        "w": 0,
                        "l": 0
                    }
                },
                {
                    "season": 6,
                    "ranked": {
                        "k": 297,
                        "d": 220,
                        "a": 58,
                        "w": 16,
                        "l": 2
                    },
                    "casual": {
                        "k": 11954,
                        "d": 4568,
                        "a": 882,
                        "w": 190,
                        "l": 41
                    },
                    "custom": {
                        "k": 1158,
                        "d": 899,
                        "a": 266,
                        "w": 0,
                        "l": 0
                    }
                }
            ],
            "ranked": {
                "placement_matches_left": 0,
                "highest_rank": 9,
                "rating": 2306,
                "global_position": 41,
                "rank": 9
            }
        },
        "ban": null,
        "reports": [],
        "clan": {
            "basicInfo": {
                "name": "X Quadrant",
                "tag": "xQ"
            },
            "id": 83,
            "memberRank": 10
        }
    }
]