[
    {
        "basicInfo": {
            "userID": 85400832,
            "name": "NxturnoV",
            "userType": 1,
            "iconID": 318,
            "level": 445
        },
        "userSettings": {
            "blockFriendRequests": true,
            "block_clan_requests": false,
            "equipped_emblem": 256
        },
        "friendStatus": 0,
        "stats": {
            "seasonal_stats": [
                {
                    "season": 0,
                    "ranked": {
                        "k": 12202,
                        "d": 9932,
                        "a": 1497,
                        "w": 562,
                        "l": 497
                    },
                    "casual": {
                        "k": 0,
                        "d": 0,
                        "a": 0,
                        "w": 0,
                        "l": 0
                    },
                    "custom": {
                        "k": 21949,
                        "d": 13457,
                        "a": 2106,
                        "w": 0,
                        "l": 0
                    }
                },
                {
                    "season": 1,
                    "ranked": {
                        "k": 1796,
                        "d": 1641,
                        "a": 213,
                        "w": 86,
                        "l": 88
                    },
                    "casual": {
                        "k": 0,
                        "d": 0,
                        "a": 0,
                        "w": 5,
                        "l": 7
                    },
                    "custom": {
                        "k": 0,
                        "d": 0,
                        "a": 0,
                        "w": 0,
                        "l": 0
                    }
                },
                {
                    "season": 2,
                    "ranked": {
                        "k": 6644,
                        "d": 5231,
                        "a": 818,
                        "w": 303,
                        "l": 256
                    },
                    "casual": {
                        "k": 51,
                        "d": 23,
                        "a": 5,
                        "w": 123,
                        "l": 88
                    },
                    "custom": {
                        "k": 40,
                        "d": 34,
                        "a": 6,
                        "w": 0,
                        "l": 0
                    }
                },
                {
                    "season": 3,
                    "ranked": {
                        "k": 3293,
                        "d": 2404,
                        "a": 318,
                        "w": 106,
                        "l": 73
                    },
                    "casual": {
                        "k": 17596,
                        "d": 6731,
                        "a": 1138,
                        "w": 302,
                        "l": 80
                    },
                    "custom": {
                        "k": 5525,
                        "d": 4406,
                        "a": 591,
                        "w": 0,
                        "l": 0
                    }
                },
                {
                    "season": 4,
                    "ranked": {
                        "k": 427,
                        "d": 310,
                        "a": 49,
                        "w": 19,
                        "l": 6
                    },
                    "casual": {
                        "k": 13140,
                        "d": 4561,
                        "a": 708,
                        "w": 163,
                        "l": 19
                    },
                    "custom": {
                        "k": 4850,
                        "d": 3820,
                        "a": 520,
                        "w": 0,
                        "l": 0
                    }
                },
                {
                    "season": 5,
                    "ranked": {
                        "k": 759,
                        "d": 615,
                        "a": 88,
                        "w": 31,
                        "l": 15
                    },
                    "casual": {
                        "k": 5687,
                        "d": 2130,
                        "a": 314,
                        "w": 56,
                        "l": 6
                    },
                    "custom": {
                        "k": 2878,
                        "d": 2645,
                        "a": 297,
                        "w": 0,
                        "l": 0
                    }
                },
                {
                    "season": 6,
                    "ranked": {
                        "k": 479,
                        "d": 398,
                        "a": 84,
                        "w": 21,
                        "l": 6
                    },
                    "casual": {
                        "k": 2966,
                        "d": 1160,
                        "a": 173,
                        "w": 31,
                        "l": 2
                    },
                    "custom": {
                        "k": 1615,
                        "d": 1535,
                        "a": 170,
                        "w": 0,
                        "l": 0
                    }
                }
            ],
            "ranked": {
                "placement_matches_left": 0,
                "highest_rank": 9,
                "rating": 2173,
                "global_position": 233,
                "rank": 9
            }
        },
        "ban": null,
        "reports": [],
        "clan": {
            "basicInfo": {
                "name": "Kings Clan",
                "tag": "King"
            },
            "id": 8,
            "memberRank": 10
        }
    }
]