[
    {
        "basicInfo": {
            "userID": 149147628,
            "name": "o Envvy",
            "userType": 1,
            "iconID": 122,
            "level": 236
        },
        "userSettings": {
            "blockFriendRequests": false,
            "block_clan_requests": false,
            "equipped_emblem": 122
        },
        "friendStatus": 0,
        "stats": {
            "seasonal_stats": [
                {
                    "season": 0,
                    "ranked": {
                        "k": 0,
                        "d": 0,
                        "a": 0,
                        "w": 0,
                        "l": 0
                    },
                    "casual": {
                        "k": 0,
                        "d": 0,
                        "a": 0,
                        "w": 0,
                        "l": 0
                    },
                    "custom": {
                        "k": 15936,
                        "d": 11161,
                        "a": 1498,
                        "w": 0,
                        "l": 0
                    }
                },
                {
                    "season": 1,
                    "ranked": {
                        "k": 1896,
                        "d": 1555,
                        "a": 239,
                        "w": 87,
                        "l": 73
                    },
                    "casual": {
                        "k": 0,
                        "d": 0,
                        "a": 0,
                        "w": 126,
                        "l": 71
                    },
                    "custom": {
                        "k": 0,
                        "d": 0,
                        "a": 0,
                        "w": 0,
                        "l": 0
                    }
                },
                {
                    "season": 2,
                    "ranked": {
                        "k": 1034,
                        "d": 933,
                        "a": 153,
                        "w": 53,
                        "l": 42
                    },
                    "casual": {
                        "k": 0,
                        "d": 0,
                        "a": 0,
                        "w": 47,
                        "l": 161
                    },
                    "custom": {
                        "k": 0,
                        "d": 0,
                        "a": 0,
                        "w": 0,
                        "l": 0
                    }
                },
                {
                    "season": 3,
                    "ranked": {
                        "k": 3811,
                        "d": 3525,
                        "a": 458,
                        "w": 124,
                        "l": 112
                    },
                    "casual": {
                        "k": 2421,
                        "d": 2032,
                        "a": 193,
                        "w": 109,
                        "l": 60
                    },
                    "custom": {
                        "k": 184,
                        "d": 226,
                        "a": 12,
                        "w": 0,
                        "l": 0
                    }
                },
                {
                    "season": 4,
                    "ranked": {
                        "k": 5354,
                        "d": 5051,
                        "a": 732,
                        "w": 174,
                        "l": 162
                    },
                    "casual": {
                        "k": 4091,
                        "d": 1835,
                        "a": 334,
                        "w": 56,
                        "l": 11
                    },
                    "custom": {
                        "k": 4886,
                        "d": 4556,
                        "a": 539,
                        "w": 0,
                        "l": 0
                    }
                },
                {
                    "season": 5,
                    "ranked": {
                        "k": 2423,
                        "d": 1755,
                        "a": 326,
                        "w": 75,
                        "l": 49
                    },
                    "casual": {
                        "k": 465,
                        "d": 197,
                        "a": 32,
                        "w": 2,
                        "l": 1
                    },
                    "custom": {
                        "k": 3571,
                        "d": 3008,
                        "a": 380,
                        "w": 0,
                        "l": 0
                    }
                },
                {
                    "season": 6,
                    "ranked": {
                        "k": 984,
                        "d": 850,
                        "a": 144,
                        "w": 44,
                        "l": 16
                    },
                    "casual": {
                        "k": 105,
                        "d": 53,
                        "a": 9,
                        "w": 2,
                        "l": 0
                    },
                    "custom": {
                        "k": 1213,
                        "d": 1039,
                        "a": 136,
                        "w": 0,
                        "l": 0
                    }
                }
            ],
            "ranked": {
                "placement_matches_left": 0,
                "highest_rank": 9,
                "rating": 2196,
                "global_position": 175,
                "rank": 9
            }
        },
        "ban": null,
        "reports": []
    }
]