[
    {
        "basicInfo": {
            "userID": 100328899,
            "name": "o y",
            "userType": 1,
            "iconID": 133,
            "level": 980
        },
        "userSettings": {
            "blockFriendRequests": false,
            "block_clan_requests": false,
            "equipped_emblem": 36
        },
        "friendStatus": 0,
        "stats": {
            "seasonal_stats": [
                {
                    "season": 0,
                    "ranked": {
                        "k": 2275,
                        "d": 2328,
                        "a": 302,
                        "w": 118,
                        "l": 106
                    },
                    "casual": {
                        "k": 0,
                        "d": 0,
                        "a": 0,
                        "w": 0,
                        "l": 0
                    },
                    "custom": {
                        "k": 71892,
                        "d": 42844,
                        "a": 6349,
                        "w": 0,
                        "l": 0
                    }
                },
                {
                    "season": 1,
                    "ranked": {
                        "k": 4161,
                        "d": 3709,
                        "a": 577,
                        "w": 197,
                        "l": 177
                    },
                    "casual": {
                        "k": 0,
                        "d": 0,
                        "a": 0,
                        "w": 220,
                        "l": 119
                    },
                    "custom": {
                        "k": 0,
                        "d": 0,
                        "a": 0,
                        "w": 0,
                        "l": 0
                    }
                },
                {
                    "season": 2,
                    "ranked": {
                        "k": 19195,
                        "d": 17873,
                        "a": 2888,
                        "w": 960,
                        "l": 865
                    },
                    "casual": {
                        "k": 0,
                        "d": 0,
                        "a": 0,
                        "w": 408,
                        "l": 227
                    },
                    "custom": {
                        "k": 201,
                        "d": 98,
                        "a": 7,
                        "w": 2,
                        "l": 2
                    }
                },
                {
                    "season": 3,
                    "ranked": {
                        "k": 6940,
                        "d": 6576,
                        "a": 1069,
                        "w": 280,
                        "l": 180
                    },
                    "casual": {
                        "k": 27275,
                        "d": 11270,
                        "a": 2019,
                        "w": 380,
                        "l": 103
                    },
                    "custom": {
                        "k": 17047,
                        "d": 6217,
                        "a": 515,
                        "w": 0,
                        "l": 0
                    }
                },
                {
                    "season": 4,
                    "ranked": {
                        "k": 3647,
                        "d": 2979,
                        "a": 476,
                        "w": 120,
                        "l": 86
                    },
                    "casual": {
                        "k": 15142,
                        "d": 5198,
                        "a": 909,
                        "w": 295,
                        "l": 43
                    },
                    "custom": {
                        "k": 9302,
                        "d": 3444,
                        "a": 324,
                        "w": 0,
                        "l": 0
                    }
                },
                {
                    "season": 5,
                    "ranked": {
                        "k": 4856,
                        "d": 3579,
                        "a": 582,
                        "w": 132,
                        "l": 120
                    },
                    "casual": {
                        "k": 6392,
                        "d": 2333,
                        "a": 391,
                        "w": 57,
                        "l": 13
                    },
                    "custom": {
                        "k": 1423,
                        "d": 1081,
                        "a": 56,
                        "w": 0,
                        "l": 0
                    }
                },
                {
                    "season": 6,
                    "ranked": {
                        "k": 1792,
                        "d": 1174,
                        "a": 262,
                        "w": 84,
                        "l": 18
                    },
                    "casual": {
                        "k": 5862,
                        "d": 1830,
                        "a": 294,
                        "w": 104,
                        "l": 13
                    },
                    "custom": {
                        "k": 644,
                        "d": 321,
                        "a": 32,
                        "w": 0,
                        "l": 0
                    }
                }
            ],
            "ranked": {
                "placement_matches_left": 0,
                "highest_rank": 9,
                "rating": 2252,
                "global_position": 86,
                "rank": 9
            }
        },
        "ban": null,
        "reports": []
    }
]