[
    {
        "basicInfo": {
            "userID": 99695096,
            "name": "Oahu",
            "userType": 1,
            "iconID": 318,
            "level": 367
        },
        "userSettings": {
            "blockFriendRequests": false,
            "block_clan_requests": false,
            "equipped_emblem": 57
        },
        "friendStatus": 0,
        "stats": {
            "seasonal_stats": [
                {
                    "season": 0,
                    "ranked": {
                        "k": 3499,
                        "d": 4760,
                        "a": 528,
                        "w": 197,
                        "l": 198
                    },
                    "casual": {
                        "k": 0,
                        "d": 0,
                        "a": 0,
                        "w": 0,
                        "l": 0
                    },
                    "custom": {
                        "k": 30624,
                        "d": 28432,
                        "a": 2844,
                        "w": 0,
                        "l": 0
                    }
                },
                {
                    "season": 1,
                    "ranked": {
                        "k": 31,
                        "d": 29,
                        "a": 3,
                        "w": 4,
                        "l": 0
                    },
                    "casual": {
                        "k": 0,
                        "d": 0,
                        "a": 0,
                        "w": 4,
                        "l": 2
                    },
                    "custom": {
                        "k": 0,
                        "d": 0,
                        "a": 0,
                        "w": 0,
                        "l": 0
                    }
                },
                {
                    "season": 2,
                    "ranked": {
                        "k": 8632,
                        "d": 7993,
                        "a": 1194,
                        "w": 396,
                        "l": 396
                    },
                    "casual": {
                        "k": 0,
                        "d": 0,
                        "a": 0,
                        "w": 374,
                        "l": 288
                    },
                    "custom": {
                        "k": 46,
                        "d": 85,
                        "a": 5,
                        "w": 0,
                        "l": 0
                    }
                },
                {
                    "season": 3,
                    "ranked": {
                        "k": 1550,
                        "d": 2143,
                        "a": 223,
                        "w": 68,
                        "l": 68
                    },
                    "casual": {
                        "k": 2207,
                        "d": 1575,
                        "a": 273,
                        "w": 72,
                        "l": 52
                    },
                    "custom": {
                        "k": 1481,
                        "d": 1736,
                        "a": 56,
                        "w": 0,
                        "l": 0
                    }
                },
                {
                    "season": 4,
                    "ranked": {
                        "k": 4824,
                        "d": 4119,
                        "a": 530,
                        "w": 163,
                        "l": 132
                    },
                    "casual": {
                        "k": 6327,
                        "d": 3063,
                        "a": 510,
                        "w": 96,
                        "l": 32
                    },
                    "custom": {
                        "k": 3754,
                        "d": 3446,
                        "a": 202,
                        "w": 0,
                        "l": 0
                    }
                },
                {
                    "season": 5,
                    "ranked": {
                        "k": 450,
                        "d": 333,
                        "a": 60,
                        "w": 22,
                        "l": 3
                    },
                    "casual": {
                        "k": 795,
                        "d": 349,
                        "a": 48,
                        "w": 17,
                        "l": 4
                    },
                    "custom": {
                        "k": 734,
                        "d": 601,
                        "a": 69,
                        "w": 0,
                        "l": 0
                    }
                },
                {
                    "season": 6,
                    "ranked": {
                        "k": 743,
                        "d": 621,
                        "a": 137,
                        "w": 43,
                        "l": 8
                    },
                    "casual": {
                        "k": 2274,
                        "d": 900,
                        "a": 148,
                        "w": 26,
                        "l": 3
                    },
                    "custom": {
                        "k": 732,
                        "d": 705,
                        "a": 60,
                        "w": 0,
                        "l": 0
                    }
                }
            ],
            "ranked": {
                "placement_matches_left": 0,
                "highest_rank": 9,
                "rating": 2203,
                "global_position": 159,
                "rank": 9
            }
        },
        "ban": null,
        "reports": [],
        "clan": {
            "basicInfo": {
                "name": "MercilessGG",
                "tag": "merc"
            },
            "id": 26438,
            "memberRank": 10
        }
    }
]