[
    {
        "basicInfo": {
            "userID": 81124539,
            "name": "October",
            "userType": 1,
            "iconID": 253,
            "level": 154
        },
        "userSettings": {
            "blockFriendRequests": false,
            "block_clan_requests": false,
            "equipped_emblem": 40
        },
        "friendStatus": 0,
        "stats": {
            "seasonal_stats": [
                {
                    "season": 0,
                    "ranked": {
                        "k": 13612,
                        "d": 8370,
                        "a": 1646,
                        "w": 692,
                        "l": 386
                    },
                    "casual": {
                        "k": 0,
                        "d": 0,
                        "a": 0,
                        "w": 0,
                        "l": 0
                    },
                    "custom": {
                        "k": 86028,
                        "d": 36834,
                        "a": 6304,
                        "w": 0,
                        "l": 0
                    }
                },
                {
                    "season": 1,
                    "ranked": {
                        "k": 884,
                        "d": 702,
                        "a": 116,
                        "w": 51,
                        "l": 31
                    },
                    "casual": {
                        "k": 0,
                        "d": 0,
                        "a": 0,
                        "w": 160,
                        "l": 19
                    },
                    "custom": {
                        "k": 0,
                        "d": 0,
                        "a": 0,
                        "w": 0,
                        "l": 0
                    }
                },
                {
                    "season": 2,
                    "ranked": {
                        "k": 1319,
                        "d": 964,
                        "a": 134,
                        "w": 71,
                        "l": 37
                    },
                    "casual": {
                        "k": 0,
                        "d": 0,
                        "a": 0,
                        "w": 46,
                        "l": 18
                    },
                    "custom": {
                        "k": 0,
                        "d": 0,
                        "a": 0,
                        "w": 0,
                        "l": 0
                    }
                },
                {
                    "season": 3,
                    "ranked": {
                        "k": 86,
                        "d": 57,
                        "a": 5,
                        "w": 2,
                        "l": 2
                    },
                    "casual": {
                        "k": 1346,
                        "d": 587,
                        "a": 125,
                        "w": 24,
                        "l": 6
                    },
                    "custom": {
                        "k": 177,
                        "d": 104,
                        "a": 10,
                        "w": 0,
                        "l": 0
                    }
                },
                {
                    "season": 4,
                    "ranked": {
                        "k": 428,
                        "d": 347,
                        "a": 70,
                        "w": 17,
                        "l": 8
                    },
                    "casual": {
                        "k": 10124,
                        "d": 3936,
                        "a": 867,
                        "w": 218,
                        "l": 32
                    },
                    "custom": {
                        "k": 2861,
                        "d": 2517,
                        "a": 325,
                        "w": 0,
                        "l": 0
                    }
                },
                {
                    "season": 5,
                    "ranked": {
                        "k": 224,
                        "d": 175,
                        "a": 26,
                        "w": 9,
                        "l": 5
                    },
                    "casual": {
                        "k": 7313,
                        "d": 3093,
                        "a": 597,
                        "w": 104,
                        "l": 13
                    },
                    "custom": {
                        "k": 2469,
                        "d": 2169,
                        "a": 311,
                        "w": 0,
                        "l": 0
                    }
                },
                {
                    "season": 6,
                    "ranked": {
                        "k": 361,
                        "d": 202,
                        "a": 2,
                        "w": 19,
                        "l": 0
                    },
                    "casual": {
                        "k": 2406,
                        "d": 921,
                        "a": 168,
                        "w": 25,
                        "l": 3
                    },
                    "custom": {
                        "k": 764,
                        "d": 607,
                        "a": 118,
                        "w": 0,
                        "l": 0
                    }
                }
            ],
            "ranked": {
                "placement_matches_left": 0,
                "highest_rank": 9,
                "rating": 2281,
                "global_position": 54,
                "rank": 9
            }
        },
        "ban": null,
        "reports": [],
        "clan": {
            "basicInfo": {
                "name": "igx tag",
                "tag": "igx"
            },
            "id": 115485,
            "memberRank": 10
        }
    }
]