[
    {
        "basicInfo": {
            "userID": 156001558,
            "name": "offkey",
            "userType": 1,
            "iconID": 1,
            "level": 132
        },
        "userSettings": {
            "blockFriendRequests": false,
            "block_clan_requests": false,
            "equipped_emblem": 261
        },
        "friendStatus": 0,
        "stats": {
            "seasonal_stats": [
                {
                    "season": 0,
                    "ranked": {
                        "k": 0,
                        "d": 0,
                        "a": 0,
                        "w": 0,
                        "l": 0
                    },
                    "casual": {
                        "k": 0,
                        "d": 0,
                        "a": 0,
                        "w": 0,
                        "l": 0
                    },
                    "custom": {
                        "k": 454,
                        "d": 186,
                        "a": 38,
                        "w": 0,
                        "l": 0
                    }
                },
                {
                    "season": 1,
                    "ranked": {
                        "k": 0,
                        "d": 0,
                        "a": 0,
                        "w": 0,
                        "l": 0
                    },
                    "casual": {
                        "k": 0,
                        "d": 0,
                        "a": 0,
                        "w": 0,
                        "l": 0
                    },
                    "custom": {
                        "k": 0,
                        "d": 0,
                        "a": 0,
                        "w": 0,
                        "l": 0
                    }
                },
                {
                    "season": 2,
                    "ranked": {
                        "k": 392,
                        "d": 338,
                        "a": 58,
                        "w": 20,
                        "l": 15
                    },
                    "casual": {
                        "k": 0,
                        "d": 0,
                        "a": 0,
                        "w": 10,
                        "l": 4
                    },
                    "custom": {
                        "k": 0,
                        "d": 0,
                        "a": 0,
                        "w": 0,
                        "l": 0
                    }
                },
                {
                    "season": 3,
                    "ranked": {
                        "k": 0,
                        "d": 0,
                        "a": 0,
                        "w": 0,
                        "l": 0
                    },
                    "casual": {
                        "k": 178,
                        "d": 68,
                        "a": 12,
                        "w": 8,
                        "l": 1
                    },
                    "custom": {
                        "k": 40,
                        "d": 36,
                        "a": 0,
                        "w": 0,
                        "l": 0
                    }
                },
                {
                    "season": 4,
                    "ranked": {
                        "k": 2263,
                        "d": 2148,
                        "a": 253,
                        "w": 82,
                        "l": 63
                    },
                    "casual": {
                        "k": 2391,
                        "d": 1155,
                        "a": 161,
                        "w": 23,
                        "l": 11
                    },
                    "custom": {
                        "k": 3305,
                        "d": 4534,
                        "a": 109,
                        "w": 0,
                        "l": 0
                    }
                },
                {
                    "season": 5,
                    "ranked": {
                        "k": 1924,
                        "d": 1736,
                        "a": 249,
                        "w": 74,
                        "l": 50
                    },
                    "casual": {
                        "k": 1706,
                        "d": 735,
                        "a": 100,
                        "w": 92,
                        "l": 17
                    },
                    "custom": {
                        "k": 4278,
                        "d": 3127,
                        "a": 236,
                        "w": 0,
                        "l": 0
                    }
                },
                {
                    "season": 6,
                    "ranked": {
                        "k": 472,
                        "d": 351,
                        "a": 48,
                        "w": 25,
                        "l": 5
                    },
                    "casual": {
                        "k": 1508,
                        "d": 668,
                        "a": 122,
                        "w": 56,
                        "l": 16
                    },
                    "custom": {
                        "k": 597,
                        "d": 506,
                        "a": 64,
                        "w": 0,
                        "l": 0
                    }
                }
            ],
            "ranked": {
                "placement_matches_left": 0,
                "highest_rank": 9,
                "rating": 2171,
                "global_position": 237,
                "rank": 9
            }
        },
        "ban": null,
        "reports": [],
        "clan": {
            "basicInfo": {
                "name": "Vision Gaming GG",
                "tag": "vsn"
            },
            "id": 40509,
            "memberRank": 10
        }
    }
]