[
    {
        "basicInfo": {
            "userID": 152505790,
            "name": "Ok lmao",
            "userType": 1,
            "iconID": 1,
            "level": 459
        },
        "userSettings": {
            "blockFriendRequests": false,
            "block_clan_requests": false,
            "equipped_emblem": 1
        },
        "friendStatus": 0,
        "stats": {
            "seasonal_stats": [
                {
                    "season": 0,
                    "ranked": {
                        "k": 0,
                        "d": 0,
                        "a": 0,
                        "w": 0,
                        "l": 0
                    },
                    "casual": {
                        "k": 0,
                        "d": 0,
                        "a": 0,
                        "w": 0,
                        "l": 0
                    },
                    "custom": {
                        "k": 40079,
                        "d": 20398,
                        "a": 2317,
                        "w": 0,
                        "l": 0
                    }
                },
                {
                    "season": 1,
                    "ranked": {
                        "k": 445,
                        "d": 360,
                        "a": 43,
                        "w": 23,
                        "l": 14
                    },
                    "casual": {
                        "k": 0,
                        "d": 0,
                        "a": 0,
                        "w": 43,
                        "l": 14
                    },
                    "custom": {
                        "k": 0,
                        "d": 0,
                        "a": 0,
                        "w": 0,
                        "l": 0
                    }
                },
                {
                    "season": 2,
                    "ranked": {
                        "k": 24234,
                        "d": 21081,
                        "a": 3449,
                        "w": 1197,
                        "l": 849
                    },
                    "casual": {
                        "k": 7,
                        "d": 5,
                        "a": 1,
                        "w": 275,
                        "l": 68
                    },
                    "custom": {
                        "k": 684,
                        "d": 388,
                        "a": 61,
                        "w": 0,
                        "l": 0
                    }
                },
                {
                    "season": 3,
                    "ranked": {
                        "k": 2145,
                        "d": 1962,
                        "a": 308,
                        "w": 81,
                        "l": 48
                    },
                    "casual": {
                        "k": 4330,
                        "d": 1706,
                        "a": 278,
                        "w": 87,
                        "l": 9
                    },
                    "custom": {
                        "k": 23262,
                        "d": 12968,
                        "a": 1386,
                        "w": 0,
                        "l": 0
                    }
                },
                {
                    "season": 4,
                    "ranked": {
                        "k": 7467,
                        "d": 6332,
                        "a": 1017,
                        "w": 229,
                        "l": 186
                    },
                    "casual": {
                        "k": 3249,
                        "d": 1119,
                        "a": 166,
                        "w": 52,
                        "l": 3
                    },
                    "custom": {
                        "k": 15850,
                        "d": 7841,
                        "a": 937,
                        "w": 0,
                        "l": 0
                    }
                },
                {
                    "season": 5,
                    "ranked": {
                        "k": 653,
                        "d": 463,
                        "a": 84,
                        "w": 27,
                        "l": 9
                    },
                    "casual": {
                        "k": 2750,
                        "d": 1066,
                        "a": 140,
                        "w": 45,
                        "l": 7
                    },
                    "custom": {
                        "k": 5846,
                        "d": 3366,
                        "a": 461,
                        "w": 0,
                        "l": 0
                    }
                },
                {
                    "season": 6,
                    "ranked": {
                        "k": 165,
                        "d": 64,
                        "a": 19,
                        "w": 10,
                        "l": 0
                    },
                    "casual": {
                        "k": 27,
                        "d": 19,
                        "a": 3,
                        "w": 1,
                        "l": 0
                    },
                    "custom": {
                        "k": 449,
                        "d": 426,
                        "a": 49,
                        "w": 0,
                        "l": 0
                    }
                }
            ],
            "ranked": {
                "placement_matches_left": 0,
                "highest_rank": 8,
                "rating": 2206,
                "global_position": 153,
                "rank": 9
            }
        },
        "ban": null,
        "reports": []
    }
]