[
    {
        "basicInfo": {
            "userID": 145121219,
            "name": "Parsm",
            "userType": 1,
            "iconID": 318,
            "level": 417
        },
        "userSettings": {
            "blockFriendRequests": false,
            "block_clan_requests": false,
            "equipped_emblem": 152
        },
        "friendStatus": 0,
        "stats": {
            "seasonal_stats": [
                {
                    "season": 0,
                    "ranked": {
                        "k": 0,
                        "d": 0,
                        "a": 0,
                        "w": 0,
                        "l": 0
                    },
                    "casual": {
                        "k": 0,
                        "d": 0,
                        "a": 0,
                        "w": 0,
                        "l": 0
                    },
                    "custom": {
                        "k": 30991,
                        "d": 15440,
                        "a": 2386,
                        "w": 0,
                        "l": 0
                    }
                },
                {
                    "season": 1,
                    "ranked": {
                        "k": 24,
                        "d": 29,
                        "a": 7,
                        "w": 3,
                        "l": 0
                    },
                    "casual": {
                        "k": 0,
                        "d": 0,
                        "a": 0,
                        "w": 20,
                        "l": 12
                    },
                    "custom": {
                        "k": 0,
                        "d": 0,
                        "a": 0,
                        "w": 0,
                        "l": 0
                    }
                },
                {
                    "season": 2,
                    "ranked": {
                        "k": 1757,
                        "d": 1413,
                        "a": 241,
                        "w": 86,
                        "l": 69
                    },
                    "casual": {
                        "k": 0,
                        "d": 0,
                        "a": 0,
                        "w": 1201,
                        "l": 343
                    },
                    "custom": {
                        "k": 0,
                        "d": 0,
                        "a": 0,
                        "w": 0,
                        "l": 0
                    }
                },
                {
                    "season": 3,
                    "ranked": {
                        "k": 701,
                        "d": 591,
                        "a": 108,
                        "w": 34,
                        "l": 13
                    },
                    "casual": {
                        "k": 8031,
                        "d": 3430,
                        "a": 666,
                        "w": 382,
                        "l": 76
                    },
                    "custom": {
                        "k": 6798,
                        "d": 4312,
                        "a": 439,
                        "w": 0,
                        "l": 0
                    }
                },
                {
                    "season": 4,
                    "ranked": {
                        "k": 3313,
                        "d": 2433,
                        "a": 396,
                        "w": 126,
                        "l": 62
                    },
                    "casual": {
                        "k": 12170,
                        "d": 4652,
                        "a": 800,
                        "w": 387,
                        "l": 89
                    },
                    "custom": {
                        "k": 3855,
                        "d": 3034,
                        "a": 186,
                        "w": 0,
                        "l": 0
                    }
                },
                {
                    "season": 5,
                    "ranked": {
                        "k": 1127,
                        "d": 947,
                        "a": 188,
                        "w": 40,
                        "l": 26
                    },
                    "casual": {
                        "k": 9628,
                        "d": 3642,
                        "a": 684,
                        "w": 177,
                        "l": 31
                    },
                    "custom": {
                        "k": 2701,
                        "d": 1874,
                        "a": 191,
                        "w": 0,
                        "l": 0
                    }
                },
                {
                    "season": 6,
                    "ranked": {
                        "k": 1586,
                        "d": 1022,
                        "a": 174,
                        "w": 80,
                        "l": 30
                    },
                    "casual": {
                        "k": 5211,
                        "d": 2019,
                        "a": 426,
                        "w": 105,
                        "l": 20
                    },
                    "custom": {
                        "k": 1288,
                        "d": 875,
                        "a": 111,
                        "w": 0,
                        "l": 0
                    }
                }
            ],
            "ranked": {
                "placement_matches_left": 0,
                "highest_rank": 9,
                "rating": 2241,
                "global_position": 95,
                "rank": 9
            }
        },
        "ban": null,
        "reports": [],
        "clan": {
            "basicInfo": {
                "name": "igx tag",
                "tag": "igx"
            },
            "id": 115485,
            "memberRank": 10
        }
    }
]