[
    {
        "basicInfo": {
            "userID": 118173807,
            "name": "pheNO",
            "userType": 1,
            "iconID": 1,
            "level": 109
        },
        "userSettings": {
            "blockFriendRequests": false,
            "block_clan_requests": false,
            "equipped_emblem": 1
        },
        "friendStatus": 0,
        "stats": {
            "seasonal_stats": [
                {
                    "season": 0,
                    "ranked": {
                        "k": 941,
                        "d": 487,
                        "a": 100,
                        "w": 0,
                        "l": 0
                    },
                    "casual": {
                        "k": 0,
                        "d": 0,
                        "a": 0,
                        "w": 0,
                        "l": 0
                    },
                    "custom": {
                        "k": 943,
                        "d": 255,
                        "a": 52,
                        "w": 0,
                        "l": 0
                    }
                },
                {
                    "season": 1,
                    "ranked": {
                        "k": 0,
                        "d": 0,
                        "a": 0,
                        "w": 0,
                        "l": 0
                    },
                    "casual": {
                        "k": 0,
                        "d": 0,
                        "a": 0,
                        "w": 0,
                        "l": 0
                    },
                    "custom": {
                        "k": 0,
                        "d": 0,
                        "a": 0,
                        "w": 0,
                        "l": 0
                    }
                },
                {
                    "season": 2,
                    "ranked": {
                        "k": 0,
                        "d": 0,
                        "a": 0,
                        "w": 0,
                        "l": 0
                    },
                    "casual": {
                        "k": 0,
                        "d": 0,
                        "a": 0,
                        "w": 0,
                        "l": 0
                    },
                    "custom": {
                        "k": 0,
                        "d": 0,
                        "a": 0,
                        "w": 0,
                        "l": 0
                    }
                },
                {
                    "season": 3,
                    "ranked": {
                        "k": 0,
                        "d": 0,
                        "a": 0,
                        "w": 0,
                        "l": 0
                    },
                    "casual": {
                        "k": 0,
                        "d": 0,
                        "a": 0,
                        "w": 0,
                        "l": 0
                    },
                    "custom": {
                        "k": 0,
                        "d": 0,
                        "a": 0,
                        "w": 0,
                        "l": 0
                    }
                },
                {
                    "season": 4,
                    "ranked": {
                        "k": 3679,
                        "d": 3355,
                        "a": 492,
                        "w": 124,
                        "l": 109
                    },
                    "casual": {
                        "k": 1130,
                        "d": 407,
                        "a": 84,
                        "w": 33,
                        "l": 3
                    },
                    "custom": {
                        "k": 85,
                        "d": 4471,
                        "a": 4,
                        "w": 0,
                        "l": 0
                    }
                },
                {
                    "season": 5,
                    "ranked": {
                        "k": 4709,
                        "d": 4335,
                        "a": 613,
                        "w": 143,
                        "l": 136
                    },
                    "casual": {
                        "k": 584,
                        "d": 366,
                        "a": 45,
                        "w": 6,
                        "l": 2
                    },
                    "custom": {
                        "k": 299,
                        "d": 499,
                        "a": 28,
                        "w": 0,
                        "l": 0
                    }
                },
                {
                    "season": 6,
                    "ranked": {
                        "k": 578,
                        "d": 445,
                        "a": 79,
                        "w": 28,
                        "l": 6
                    },
                    "casual": {
                        "k": 445,
                        "d": 198,
                        "a": 33,
                        "w": 7,
                        "l": 2
                    },
                    "custom": {
                        "k": 303,
                        "d": 4289,
                        "a": 5,
                        "w": 0,
                        "l": 0
                    }
                }
            ],
            "ranked": {
                "placement_matches_left": 0,
                "highest_rank": 9,
                "rating": 2197,
                "global_position": 174,
                "rank": 9
            }
        },
        "ban": null,
        "reports": [],
        "clan": {
            "basicInfo": {
                "name": "AAAAA",
                "tag": "xupa"
            },
            "id": 102319,
            "memberRank": 10
        }
    }
]