[
    {
        "basicInfo": {
            "userID": 110739246,
            "name": "Pimgo",
            "userType": 1,
            "iconID": 70,
            "level": 185
        },
        "userSettings": {
            "blockFriendRequests": false,
            "block_clan_requests": false,
            "equipped_emblem": 39
        },
        "friendStatus": 0,
        "stats": {
            "seasonal_stats": [
                {
                    "season": 0,
                    "ranked": {
                        "k": 7410,
                        "d": 8512,
                        "a": 1227,
                        "w": 435,
                        "l": 397
                    },
                    "casual": {
                        "k": 0,
                        "d": 0,
                        "a": 0,
                        "w": 1,
                        "l": 0
                    },
                    "custom": {
                        "k": 36331,
                        "d": 23992,
                        "a": 3344,
                        "w": 0,
                        "l": 0
                    }
                },
                {
                    "season": 1,
                    "ranked": {
                        "k": 3692,
                        "d": 4135,
                        "a": 547,
                        "w": 210,
                        "l": 203
                    },
                    "casual": {
                        "k": 0,
                        "d": 0,
                        "a": 0,
                        "w": 87,
                        "l": 35
                    },
                    "custom": {
                        "k": 0,
                        "d": 0,
                        "a": 0,
                        "w": 0,
                        "l": 0
                    }
                },
                {
                    "season": 2,
                    "ranked": {
                        "k": 1092,
                        "d": 917,
                        "a": 126,
                        "w": 60,
                        "l": 42
                    },
                    "casual": {
                        "k": 0,
                        "d": 0,
                        "a": 0,
                        "w": 141,
                        "l": 64
                    },
                    "custom": {
                        "k": 0,
                        "d": 0,
                        "a": 0,
                        "w": 0,
                        "l": 0
                    }
                },
                {
                    "season": 3,
                    "ranked": {
                        "k": 0,
                        "d": 0,
                        "a": 0,
                        "w": 0,
                        "l": 0
                    },
                    "casual": {
                        "k": 529,
                        "d": 321,
                        "a": 56,
                        "w": 27,
                        "l": 7
                    },
                    "custom": {
                        "k": 211,
                        "d": 207,
                        "a": 41,
                        "w": 0,
                        "l": 0
                    }
                },
                {
                    "season": 4,
                    "ranked": {
                        "k": 759,
                        "d": 835,
                        "a": 95,
                        "w": 32,
                        "l": 25
                    },
                    "casual": {
                        "k": 1211,
                        "d": 639,
                        "a": 97,
                        "w": 13,
                        "l": 6
                    },
                    "custom": {
                        "k": 1294,
                        "d": 1470,
                        "a": 216,
                        "w": 0,
                        "l": 0
                    }
                },
                {
                    "season": 5,
                    "ranked": {
                        "k": 2620,
                        "d": 2089,
                        "a": 427,
                        "w": 129,
                        "l": 40
                    },
                    "casual": {
                        "k": 326,
                        "d": 123,
                        "a": 23,
                        "w": 1,
                        "l": 0
                    },
                    "custom": {
                        "k": 1408,
                        "d": 1524,
                        "a": 218,
                        "w": 0,
                        "l": 0
                    }
                },
                {
                    "season": 6,
                    "ranked": {
                        "k": 521,
                        "d": 387,
                        "a": 69,
                        "w": 25,
                        "l": 3
                    },
                    "casual": {
                        "k": 897,
                        "d": 425,
                        "a": 57,
                        "w": 3,
                        "l": 1
                    },
                    "custom": {
                        "k": 158,
                        "d": 144,
                        "a": 27,
                        "w": 0,
                        "l": 0
                    }
                }
            ],
            "ranked": {
                "placement_matches_left": 0,
                "highest_rank": 9,
                "rating": 2263,
                "global_position": 73,
                "rank": 9
            }
        },
        "ban": null,
        "reports": [],
        "clan": {
            "basicInfo": {
                "name": "medusa",
                "tag": "mdsa"
            },
            "id": 111343,
            "memberRank": 10
        }
    }
]