[
    {
        "basicInfo": {
            "userID": 146645134,
            "name": "Podsos HACTEHbKU",
            "userType": 1,
            "iconID": 318,
            "level": 286
        },
        "userSettings": {
            "blockFriendRequests": false,
            "block_clan_requests": false,
            "equipped_emblem": 105
        },
        "friendStatus": 0,
        "stats": {
            "seasonal_stats": [
                {
                    "season": 0,
                    "ranked": {
                        "k": 0,
                        "d": 0,
                        "a": 0,
                        "w": 0,
                        "l": 0
                    },
                    "casual": {
                        "k": 0,
                        "d": 0,
                        "a": 0,
                        "w": 0,
                        "l": 0
                    },
                    "custom": {
                        "k": 3602,
                        "d": 2501,
                        "a": 265,
                        "w": 0,
                        "l": 0
                    }
                },
                {
                    "season": 1,
                    "ranked": {
                        "k": 0,
                        "d": 0,
                        "a": 0,
                        "w": 0,
                        "l": 0
                    },
                    "casual": {
                        "k": 0,
                        "d": 0,
                        "a": 0,
                        "w": 110,
                        "l": 64
                    },
                    "custom": {
                        "k": 0,
                        "d": 0,
                        "a": 0,
                        "w": 0,
                        "l": 0
                    }
                },
                {
                    "season": 2,
                    "ranked": {
                        "k": 120,
                        "d": 114,
                        "a": 9,
                        "w": 4,
                        "l": 8
                    },
                    "casual": {
                        "k": 0,
                        "d": 0,
                        "a": 0,
                        "w": 60,
                        "l": 53
                    },
                    "custom": {
                        "k": 0,
                        "d": 0,
                        "a": 0,
                        "w": 0,
                        "l": 0
                    }
                },
                {
                    "season": 3,
                    "ranked": {
                        "k": 385,
                        "d": 286,
                        "a": 40,
                        "w": 14,
                        "l": 7
                    },
                    "casual": {
                        "k": 6592,
                        "d": 5719,
                        "a": 873,
                        "w": 264,
                        "l": 252
                    },
                    "custom": {
                        "k": 285,
                        "d": 231,
                        "a": 0,
                        "w": 0,
                        "l": 0
                    }
                },
                {
                    "season": 4,
                    "ranked": {
                        "k": 40,
                        "d": 67,
                        "a": 7,
                        "w": 2,
                        "l": 2
                    },
                    "casual": {
                        "k": 1012,
                        "d": 1111,
                        "a": 170,
                        "w": 22,
                        "l": 33
                    },
                    "custom": {
                        "k": 7,
                        "d": 4,
                        "a": 0,
                        "w": 0,
                        "l": 0
                    }
                },
                {
                    "season": 5,
                    "ranked": {
                        "k": 4307,
                        "d": 3871,
                        "a": 511,
                        "w": 148,
                        "l": 114
                    },
                    "casual": {
                        "k": 2996,
                        "d": 1590,
                        "a": 258,
                        "w": 32,
                        "l": 6
                    },
                    "custom": {
                        "k": 2080,
                        "d": 679,
                        "a": 37,
                        "w": 0,
                        "l": 0
                    }
                },
                {
                    "season": 6,
                    "ranked": {
                        "k": 1301,
                        "d": 1196,
                        "a": 253,
                        "w": 52,
                        "l": 26
                    },
                    "casual": {
                        "k": 272,
                        "d": 93,
                        "a": 24,
                        "w": 5,
                        "l": 0
                    },
                    "custom": {
                        "k": 41,
                        "d": 303,
                        "a": 8,
                        "w": 0,
                        "l": 0
                    }
                }
            ],
            "ranked": {
                "placement_matches_left": 0,
                "highest_rank": 9,
                "rating": 2176,
                "rank": 8
            }
        },
        "ban": {
            "Type": 1,
            "SecondsLeft": 169532
        },
        "reports": [],
        "clan": {
            "basicInfo": {
                "name": "Warhawks",
                "tag": "PHWK"
            },
            "id": 100662,
            "memberRank": 10
        }
    }
]