[
    {
        "basicInfo": {
            "userID": 4194027,
            "name": "Poly",
            "userType": 1,
            "iconID": 208,
            "level": 96
        },
        "userSettings": {
            "blockFriendRequests": false,
            "block_clan_requests": false,
            "equipped_emblem": 208
        },
        "friendStatus": 0,
        "stats": {
            "seasonal_stats": [
                {
                    "season": 0,
                    "ranked": {
                        "k": 930,
                        "d": 695,
                        "a": 92,
                        "w": 41,
                        "l": 36
                    },
                    "casual": {
                        "k": 0,
                        "d": 0,
                        "a": 0,
                        "w": 0,
                        "l": 0
                    },
                    "custom": {
                        "k": 81826,
                        "d": 63818,
                        "a": 8192,
                        "w": 0,
                        "l": 0
                    }
                },
                {
                    "season": 1,
                    "ranked": {
                        "k": 0,
                        "d": 0,
                        "a": 0,
                        "w": 0,
                        "l": 0
                    },
                    "casual": {
                        "k": 0,
                        "d": 0,
                        "a": 0,
                        "w": 0,
                        "l": 0
                    },
                    "custom": {
                        "k": 0,
                        "d": 0,
                        "a": 0,
                        "w": 0,
                        "l": 0
                    }
                },
                {
                    "season": 2,
                    "ranked": {
                        "k": 1843,
                        "d": 1557,
                        "a": 181,
                        "w": 86,
                        "l": 76
                    },
                    "casual": {
                        "k": 173,
                        "d": 90,
                        "a": 17,
                        "w": 23,
                        "l": 24
                    },
                    "custom": {
                        "k": 25,
                        "d": 42,
                        "a": 8,
                        "w": 0,
                        "l": 0
                    }
                },
                {
                    "season": 3,
                    "ranked": {
                        "k": 853,
                        "d": 834,
                        "a": 131,
                        "w": 33,
                        "l": 21
                    },
                    "casual": {
                        "k": 1157,
                        "d": 507,
                        "a": 106,
                        "w": 70,
                        "l": 9
                    },
                    "custom": {
                        "k": 3961,
                        "d": 4773,
                        "a": 546,
                        "w": 0,
                        "l": 0
                    }
                },
                {
                    "season": 4,
                    "ranked": {
                        "k": 253,
                        "d": 219,
                        "a": 34,
                        "w": 9,
                        "l": 4
                    },
                    "casual": {
                        "k": 11,
                        "d": 8,
                        "a": 0,
                        "w": 0,
                        "l": 0
                    },
                    "custom": {
                        "k": 56,
                        "d": 93,
                        "a": 6,
                        "w": 0,
                        "l": 0
                    }
                },
                {
                    "season": 5,
                    "ranked": {
                        "k": 1399,
                        "d": 1259,
                        "a": 185,
                        "w": 55,
                        "l": 34
                    },
                    "casual": {
                        "k": 315,
                        "d": 216,
                        "a": 37,
                        "w": 1,
                        "l": 3
                    },
                    "custom": {
                        "k": 2972,
                        "d": 2522,
                        "a": 420,
                        "w": 0,
                        "l": 0
                    }
                },
                {
                    "season": 6,
                    "ranked": {
                        "k": 222,
                        "d": 169,
                        "a": 50,
                        "w": 14,
                        "l": 1
                    },
                    "casual": {
                        "k": 0,
                        "d": 0,
                        "a": 0,
                        "w": 0,
                        "l": 0
                    },
                    "custom": {
                        "k": 20,
                        "d": 22,
                        "a": 4,
                        "w": 0,
                        "l": 0
                    }
                }
            ],
            "ranked": {
                "placement_matches_left": 0,
                "highest_rank": 9,
                "rating": 2179,
                "global_position": 218,
                "rank": 9
            }
        },
        "ban": null,
        "reports": [],
        "clan": {
            "basicInfo": {
                "name": "X Quadrant",
                "tag": "xQ"
            },
            "id": 83,
            "memberRank": 10
        }
    }
]