[
    {
        "basicInfo": {
            "userID": 108255953,
            "name": "Prince",
            "userType": 1,
            "iconID": 43,
            "level": 637
        },
        "userSettings": {
            "blockFriendRequests": false,
            "block_clan_requests": false,
            "equipped_emblem": 43
        },
        "friendStatus": 0,
        "stats": {
            "seasonal_stats": [
                {
                    "season": 0,
                    "ranked": {
                        "k": 1066,
                        "d": 1306,
                        "a": 161,
                        "w": 52,
                        "l": 61
                    },
                    "casual": {
                        "k": 0,
                        "d": 0,
                        "a": 0,
                        "w": 16,
                        "l": 18
                    },
                    "custom": {
                        "k": 34190,
                        "d": 19259,
                        "a": 3007,
                        "w": 0,
                        "l": 0
                    }
                },
                {
                    "season": 1,
                    "ranked": {
                        "k": 76,
                        "d": 63,
                        "a": 9,
                        "w": 7,
                        "l": 1
                    },
                    "casual": {
                        "k": 0,
                        "d": 0,
                        "a": 0,
                        "w": 168,
                        "l": 136
                    },
                    "custom": {
                        "k": 0,
                        "d": 0,
                        "a": 0,
                        "w": 0,
                        "l": 0
                    }
                },
                {
                    "season": 2,
                    "ranked": {
                        "k": 5912,
                        "d": 4233,
                        "a": 641,
                        "w": 220,
                        "l": 267
                    },
                    "casual": {
                        "k": 0,
                        "d": 0,
                        "a": 0,
                        "w": 236,
                        "l": 101
                    },
                    "custom": {
                        "k": 1331,
                        "d": 9,
                        "a": 0,
                        "w": 1,
                        "l": 1
                    }
                },
                {
                    "season": 3,
                    "ranked": {
                        "k": 1886,
                        "d": 1061,
                        "a": 161,
                        "w": 70,
                        "l": 24
                    },
                    "casual": {
                        "k": 12160,
                        "d": 4967,
                        "a": 977,
                        "w": 442,
                        "l": 145
                    },
                    "custom": {
                        "k": 71991,
                        "d": 15126,
                        "a": 204,
                        "w": 0,
                        "l": 0
                    }
                },
                {
                    "season": 4,
                    "ranked": {
                        "k": 3210,
                        "d": 2192,
                        "a": 362,
                        "w": 143,
                        "l": 69
                    },
                    "casual": {
                        "k": 14964,
                        "d": 6905,
                        "a": 1254,
                        "w": 736,
                        "l": 111
                    },
                    "custom": {
                        "k": 15732,
                        "d": 10147,
                        "a": 76,
                        "w": 0,
                        "l": 0
                    }
                },
                {
                    "season": 5,
                    "ranked": {
                        "k": 300,
                        "d": 209,
                        "a": 1,
                        "w": 12,
                        "l": 1
                    },
                    "casual": {
                        "k": 8784,
                        "d": 3376,
                        "a": 723,
                        "w": 361,
                        "l": 52
                    },
                    "custom": {
                        "k": 2426,
                        "d": 299,
                        "a": 1,
                        "w": 0,
                        "l": 0
                    }
                },
                {
                    "season": 6,
                    "ranked": {
                        "k": 153,
                        "d": 106,
                        "a": 2,
                        "w": 8,
                        "l": 2
                    },
                    "casual": {
                        "k": 1892,
                        "d": 720,
                        "a": 163,
                        "w": 89,
                        "l": 7
                    },
                    "custom": {
                        "k": 88,
                        "d": 43,
                        "a": 2,
                        "w": 0,
                        "l": 0
                    }
                }
            ],
            "ranked": {
                "placement_matches_left": 0,
                "highest_rank": 9,
                "rating": 2286,
                "global_position": 49,
                "rank": 9
            }
        },
        "ban": null,
        "reports": [],
        "clan": {
            "basicInfo": {
                "name": "Extreme Gaming",
                "tag": "eX"
            },
            "id": 78837,
            "memberRank": 10
        }
    }
]