[
    {
        "basicInfo": {
            "userID": 155067734,
            "name": "Pro ahmed 2018",
            "userType": 1,
            "iconID": 1,
            "level": 107
        },
        "userSettings": {
            "blockFriendRequests": false,
            "block_clan_requests": false,
            "equipped_emblem": 139
        },
        "friendStatus": 0,
        "stats": {
            "seasonal_stats": [
                {
                    "season": 0,
                    "ranked": {
                        "k": 0,
                        "d": 0,
                        "a": 0,
                        "w": 0,
                        "l": 0
                    },
                    "casual": {
                        "k": 0,
                        "d": 0,
                        "a": 0,
                        "w": 0,
                        "l": 0
                    },
                    "custom": {
                        "k": 7692,
                        "d": 4284,
                        "a": 350,
                        "w": 0,
                        "l": 0
                    }
                },
                {
                    "season": 1,
                    "ranked": {
                        "k": 0,
                        "d": 0,
                        "a": 0,
                        "w": 0,
                        "l": 0
                    },
                    "casual": {
                        "k": 0,
                        "d": 0,
                        "a": 0,
                        "w": 0,
                        "l": 0
                    },
                    "custom": {
                        "k": 0,
                        "d": 0,
                        "a": 0,
                        "w": 0,
                        "l": 0
                    }
                },
                {
                    "season": 2,
                    "ranked": {
                        "k": 4004,
                        "d": 2492,
                        "a": 427,
                        "w": 199,
                        "l": 99
                    },
                    "casual": {
                        "k": 0,
                        "d": 0,
                        "a": 0,
                        "w": 44,
                        "l": 44
                    },
                    "custom": {
                        "k": 8,
                        "d": 13,
                        "a": 0,
                        "w": 0,
                        "l": 0
                    }
                },
                {
                    "season": 3,
                    "ranked": {
                        "k": 733,
                        "d": 995,
                        "a": 103,
                        "w": 18,
                        "l": 47
                    },
                    "casual": {
                        "k": 1058,
                        "d": 445,
                        "a": 81,
                        "w": 8,
                        "l": 2
                    },
                    "custom": {
                        "k": 298,
                        "d": 302,
                        "a": 11,
                        "w": 0,
                        "l": 0
                    }
                },
                {
                    "season": 4,
                    "ranked": {
                        "k": 1443,
                        "d": 748,
                        "a": 124,
                        "w": 42,
                        "l": 22
                    },
                    "casual": {
                        "k": 437,
                        "d": 212,
                        "a": 25,
                        "w": 4,
                        "l": 2
                    },
                    "custom": {
                        "k": 737,
                        "d": 716,
                        "a": 77,
                        "w": 0,
                        "l": 0
                    }
                },
                {
                    "season": 5,
                    "ranked": {
                        "k": 1828,
                        "d": 1361,
                        "a": 225,
                        "w": 73,
                        "l": 27
                    },
                    "casual": {
                        "k": 555,
                        "d": 227,
                        "a": 37,
                        "w": 1,
                        "l": 1
                    },
                    "custom": {
                        "k": 733,
                        "d": 680,
                        "a": 14,
                        "w": 0,
                        "l": 0
                    }
                },
                {
                    "season": 6,
                    "ranked": {
                        "k": 531,
                        "d": 329,
                        "a": 60,
                        "w": 27,
                        "l": 4
                    },
                    "casual": {
                        "k": 660,
                        "d": 303,
                        "a": 55,
                        "w": 8,
                        "l": 2
                    },
                    "custom": {
                        "k": 406,
                        "d": 383,
                        "a": 40,
                        "w": 0,
                        "l": 0
                    }
                }
            ],
            "ranked": {
                "placement_matches_left": 0,
                "highest_rank": 9,
                "rating": 2195,
                "global_position": 181,
                "rank": 9
            }
        },
        "ban": null,
        "reports": [],
        "clan": {
            "basicInfo": {
                "name": "Monarchyyy",
                "tag": "MNCY"
            },
            "id": 68453,
            "memberRank": 10
        }
    }
]