[
    {
        "basicInfo": {
            "userID": 115509887,
            "name": "Qt r",
            "userType": 1,
            "iconID": 18,
            "level": 355
        },
        "userSettings": {
            "blockFriendRequests": true,
            "block_clan_requests": false,
            "equipped_emblem": 316
        },
        "friendStatus": 0,
        "stats": {
            "seasonal_stats": [
                {
                    "season": 0,
                    "ranked": {
                        "k": 7455,
                        "d": 6223,
                        "a": 816,
                        "w": 362,
                        "l": 232
                    },
                    "casual": {
                        "k": 0,
                        "d": 0,
                        "a": 0,
                        "w": 1,
                        "l": 1
                    },
                    "custom": {
                        "k": 105545,
                        "d": 47431,
                        "a": 6886,
                        "w": 0,
                        "l": 0
                    }
                },
                {
                    "season": 1,
                    "ranked": {
                        "k": 6969,
                        "d": 5129,
                        "a": 695,
                        "w": 313,
                        "l": 218
                    },
                    "casual": {
                        "k": 0,
                        "d": 0,
                        "a": 0,
                        "w": 617,
                        "l": 102
                    },
                    "custom": {
                        "k": 0,
                        "d": 0,
                        "a": 0,
                        "w": 0,
                        "l": 0
                    }
                },
                {
                    "season": 2,
                    "ranked": {
                        "k": 2804,
                        "d": 1940,
                        "a": 372,
                        "w": 135,
                        "l": 69
                    },
                    "casual": {
                        "k": 0,
                        "d": 0,
                        "a": 0,
                        "w": 344,
                        "l": 55
                    },
                    "custom": {
                        "k": 0,
                        "d": 0,
                        "a": 0,
                        "w": 0,
                        "l": 0
                    }
                },
                {
                    "season": 3,
                    "ranked": {
                        "k": 411,
                        "d": 165,
                        "a": 50,
                        "w": 16,
                        "l": 0
                    },
                    "casual": {
                        "k": 1249,
                        "d": 485,
                        "a": 98,
                        "w": 16,
                        "l": 2
                    },
                    "custom": {
                        "k": 2755,
                        "d": 193,
                        "a": 10,
                        "w": 0,
                        "l": 0
                    }
                },
                {
                    "season": 4,
                    "ranked": {
                        "k": 400,
                        "d": 142,
                        "a": 32,
                        "w": 17,
                        "l": 0
                    },
                    "casual": {
                        "k": 4458,
                        "d": 1514,
                        "a": 328,
                        "w": 189,
                        "l": 12
                    },
                    "custom": {
                        "k": 1321,
                        "d": 991,
                        "a": 121,
                        "w": 0,
                        "l": 0
                    }
                },
                {
                    "season": 5,
                    "ranked": {
                        "k": 905,
                        "d": 689,
                        "a": 117,
                        "w": 53,
                        "l": 5
                    },
                    "casual": {
                        "k": 2686,
                        "d": 1051,
                        "a": 162,
                        "w": 39,
                        "l": 10
                    },
                    "custom": {
                        "k": 1021,
                        "d": 870,
                        "a": 88,
                        "w": 0,
                        "l": 0
                    }
                },
                {
                    "season": 6,
                    "ranked": {
                        "k": 434,
                        "d": 368,
                        "a": 82,
                        "w": 29,
                        "l": 1
                    },
                    "casual": {
                        "k": 2408,
                        "d": 911,
                        "a": 120,
                        "w": 27,
                        "l": 10
                    },
                    "custom": {
                        "k": 92,
                        "d": 89,
                        "a": 18,
                        "w": 0,
                        "l": 0
                    }
                }
            ],
            "ranked": {
                "placement_matches_left": 0,
                "highest_rank": 9,
                "rating": 2417,
                "global_position": 8,
                "rank": 9
            }
        },
        "ban": null,
        "reports": [],
        "clan": {
            "basicInfo": {
                "name": "Unbreakable",
                "tag": "UNB"
            },
            "id": 5178,
            "memberRank": 10
        }
    }
]