[
    {
        "basicInfo": {
            "userID": 2871859,
            "name": "Quit",
            "userType": 1,
            "iconID": 45,
            "level": 531
        },
        "userSettings": {
            "blockFriendRequests": false,
            "block_clan_requests": false,
            "equipped_emblem": 69
        },
        "friendStatus": 0,
        "stats": {
            "seasonal_stats": [
                {
                    "season": 0,
                    "ranked": {
                        "k": 9399,
                        "d": 9424,
                        "a": 1419,
                        "w": 493,
                        "l": 505
                    },
                    "casual": {
                        "k": 0,
                        "d": 0,
                        "a": 0,
                        "w": 25,
                        "l": 15
                    },
                    "custom": {
                        "k": 129116,
                        "d": 90891,
                        "a": 11721,
                        "w": 0,
                        "l": 0
                    }
                },
                {
                    "season": 1,
                    "ranked": {
                        "k": 652,
                        "d": 807,
                        "a": 119,
                        "w": 36,
                        "l": 42
                    },
                    "casual": {
                        "k": 0,
                        "d": 0,
                        "a": 0,
                        "w": 464,
                        "l": 241
                    },
                    "custom": {
                        "k": 0,
                        "d": 0,
                        "a": 0,
                        "w": 0,
                        "l": 0
                    }
                },
                {
                    "season": 2,
                    "ranked": {
                        "k": 1009,
                        "d": 1204,
                        "a": 140,
                        "w": 58,
                        "l": 58
                    },
                    "casual": {
                        "k": 29,
                        "d": 23,
                        "a": 10,
                        "w": 346,
                        "l": 187
                    },
                    "custom": {
                        "k": 0,
                        "d": 0,
                        "a": 0,
                        "w": 0,
                        "l": 0
                    }
                },
                {
                    "season": 3,
                    "ranked": {
                        "k": 797,
                        "d": 899,
                        "a": 119,
                        "w": 34,
                        "l": 30
                    },
                    "casual": {
                        "k": 7434,
                        "d": 4024,
                        "a": 763,
                        "w": 219,
                        "l": 113
                    },
                    "custom": {
                        "k": 2202,
                        "d": 2869,
                        "a": 195,
                        "w": 0,
                        "l": 0
                    }
                },
                {
                    "season": 4,
                    "ranked": {
                        "k": 1807,
                        "d": 2229,
                        "a": 312,
                        "w": 71,
                        "l": 76
                    },
                    "casual": {
                        "k": 2768,
                        "d": 1774,
                        "a": 311,
                        "w": 90,
                        "l": 33
                    },
                    "custom": {
                        "k": 1516,
                        "d": 1850,
                        "a": 104,
                        "w": 0,
                        "l": 0
                    }
                },
                {
                    "season": 5,
                    "ranked": {
                        "k": 2486,
                        "d": 2133,
                        "a": 316,
                        "w": 99,
                        "l": 51
                    },
                    "casual": {
                        "k": 10243,
                        "d": 4445,
                        "a": 690,
                        "w": 163,
                        "l": 45
                    },
                    "custom": {
                        "k": 4665,
                        "d": 4543,
                        "a": 311,
                        "w": 0,
                        "l": 0
                    }
                },
                {
                    "season": 6,
                    "ranked": {
                        "k": 380,
                        "d": 296,
                        "a": 58,
                        "w": 21,
                        "l": 2
                    },
                    "casual": {
                        "k": 2758,
                        "d": 995,
                        "a": 172,
                        "w": 23,
                        "l": 8
                    },
                    "custom": {
                        "k": 751,
                        "d": 754,
                        "a": 43,
                        "w": 0,
                        "l": 0
                    }
                }
            ],
            "ranked": {
                "placement_matches_left": 0,
                "highest_rank": 9,
                "rating": 2235,
                "global_position": 99,
                "rank": 9
            }
        },
        "ban": null,
        "reports": []
    }
]