[
    {
        "basicInfo": {
            "userID": 54793627,
            "name": "Rail",
            "userType": 1,
            "iconID": 45,
            "level": 290
        },
        "userSettings": {
            "blockFriendRequests": false,
            "block_clan_requests": false,
            "equipped_emblem": 18
        },
        "friendStatus": 0,
        "stats": {
            "seasonal_stats": [
                {
                    "season": 0,
                    "ranked": {
                        "k": 3295,
                        "d": 3141,
                        "a": 498,
                        "w": 158,
                        "l": 148
                    },
                    "casual": {
                        "k": 0,
                        "d": 0,
                        "a": 0,
                        "w": 56,
                        "l": 33
                    },
                    "custom": {
                        "k": 40280,
                        "d": 28217,
                        "a": 3917,
                        "w": 0,
                        "l": 0
                    }
                },
                {
                    "season": 1,
                    "ranked": {
                        "k": 1714,
                        "d": 1755,
                        "a": 201,
                        "w": 85,
                        "l": 80
                    },
                    "casual": {
                        "k": 0,
                        "d": 0,
                        "a": 0,
                        "w": 50,
                        "l": 24
                    },
                    "custom": {
                        "k": 0,
                        "d": 0,
                        "a": 0,
                        "w": 0,
                        "l": 0
                    }
                },
                {
                    "season": 2,
                    "ranked": {
                        "k": 4511,
                        "d": 4227,
                        "a": 577,
                        "w": 213,
                        "l": 206
                    },
                    "casual": {
                        "k": 206,
                        "d": 131,
                        "a": 20,
                        "w": 151,
                        "l": 94
                    },
                    "custom": {
                        "k": 118,
                        "d": 111,
                        "a": 16,
                        "w": 0,
                        "l": 0
                    }
                },
                {
                    "season": 3,
                    "ranked": {
                        "k": 4083,
                        "d": 3027,
                        "a": 460,
                        "w": 134,
                        "l": 85
                    },
                    "casual": {
                        "k": 22743,
                        "d": 10417,
                        "a": 1626,
                        "w": 178,
                        "l": 99
                    },
                    "custom": {
                        "k": 10544,
                        "d": 10935,
                        "a": 1398,
                        "w": 0,
                        "l": 0
                    }
                },
                {
                    "season": 4,
                    "ranked": {
                        "k": 2081,
                        "d": 1868,
                        "a": 241,
                        "w": 69,
                        "l": 51
                    },
                    "casual": {
                        "k": 11847,
                        "d": 5372,
                        "a": 729,
                        "w": 97,
                        "l": 32
                    },
                    "custom": {
                        "k": 7143,
                        "d": 8159,
                        "a": 855,
                        "w": 0,
                        "l": 0
                    }
                },
                {
                    "season": 5,
                    "ranked": {
                        "k": 1490,
                        "d": 968,
                        "a": 148,
                        "w": 67,
                        "l": 17
                    },
                    "casual": {
                        "k": 1950,
                        "d": 1060,
                        "a": 149,
                        "w": 60,
                        "l": 24
                    },
                    "custom": {
                        "k": 779,
                        "d": 868,
                        "a": 49,
                        "w": 0,
                        "l": 0
                    }
                },
                {
                    "season": 6,
                    "ranked": {
                        "k": 882,
                        "d": 607,
                        "a": 117,
                        "w": 42,
                        "l": 9
                    },
                    "casual": {
                        "k": 420,
                        "d": 180,
                        "a": 34,
                        "w": 6,
                        "l": 3
                    },
                    "custom": {
                        "k": 159,
                        "d": 151,
                        "a": 17,
                        "w": 0,
                        "l": 0
                    }
                }
            ],
            "ranked": {
                "placement_matches_left": 0,
                "highest_rank": 9,
                "rating": 2258,
                "global_position": 77,
                "rank": 9
            }
        },
        "ban": null,
        "reports": [],
        "clan": {
            "basicInfo": {
                "name": "Underestimated",
                "tag": "UE"
            },
            "id": 1287,
            "memberRank": 10
        }
    }
]