[
    {
        "basicInfo": {
            "userID": 163478850,
            "name": "Rape",
            "userType": 1,
            "iconID": 208,
            "level": 469
        },
        "userSettings": {
            "blockFriendRequests": false,
            "block_clan_requests": false,
            "equipped_emblem": 208
        },
        "friendStatus": 0,
        "stats": {
            "seasonal_stats": [
                {
                    "season": 0,
                    "ranked": {
                        "k": 0,
                        "d": 0,
                        "a": 0,
                        "w": 0,
                        "l": 0
                    },
                    "casual": {
                        "k": 0,
                        "d": 0,
                        "a": 0,
                        "w": 0,
                        "l": 0
                    },
                    "custom": {
                        "k": 10246,
                        "d": 6502,
                        "a": 760,
                        "w": 0,
                        "l": 0
                    }
                },
                {
                    "season": 1,
                    "ranked": {
                        "k": 0,
                        "d": 0,
                        "a": 0,
                        "w": 0,
                        "l": 0
                    },
                    "casual": {
                        "k": 0,
                        "d": 0,
                        "a": 0,
                        "w": 0,
                        "l": 0
                    },
                    "custom": {
                        "k": 0,
                        "d": 0,
                        "a": 0,
                        "w": 0,
                        "l": 0
                    }
                },
                {
                    "season": 2,
                    "ranked": {
                        "k": 6614,
                        "d": 5233,
                        "a": 699,
                        "w": 309,
                        "l": 241
                    },
                    "casual": {
                        "k": 0,
                        "d": 0,
                        "a": 0,
                        "w": 75,
                        "l": 14
                    },
                    "custom": {
                        "k": 211,
                        "d": 185,
                        "a": 27,
                        "w": 0,
                        "l": 0
                    }
                },
                {
                    "season": 3,
                    "ranked": {
                        "k": 10498,
                        "d": 8159,
                        "a": 967,
                        "w": 335,
                        "l": 269
                    },
                    "casual": {
                        "k": 3591,
                        "d": 1462,
                        "a": 295,
                        "w": 54,
                        "l": 22
                    },
                    "custom": {
                        "k": 3752,
                        "d": 2810,
                        "a": 369,
                        "w": 0,
                        "l": 0
                    }
                },
                {
                    "season": 4,
                    "ranked": {
                        "k": 1895,
                        "d": 1662,
                        "a": 205,
                        "w": 72,
                        "l": 47
                    },
                    "casual": {
                        "k": 1239,
                        "d": 428,
                        "a": 75,
                        "w": 24,
                        "l": 2
                    },
                    "custom": {
                        "k": 331,
                        "d": 241,
                        "a": 38,
                        "w": 0,
                        "l": 0
                    }
                },
                {
                    "season": 5,
                    "ranked": {
                        "k": 3348,
                        "d": 3246,
                        "a": 442,
                        "w": 150,
                        "l": 78
                    },
                    "casual": {
                        "k": 421,
                        "d": 232,
                        "a": 43,
                        "w": 4,
                        "l": 4
                    },
                    "custom": {
                        "k": 661,
                        "d": 655,
                        "a": 102,
                        "w": 0,
                        "l": 0
                    }
                },
                {
                    "season": 6,
                    "ranked": {
                        "k": 1839,
                        "d": 1795,
                        "a": 278,
                        "w": 110,
                        "l": 31
                    },
                    "casual": {
                        "k": 644,
                        "d": 311,
                        "a": 60,
                        "w": 6,
                        "l": 0
                    },
                    "custom": {
                        "k": 39,
                        "d": 55,
                        "a": 5,
                        "w": 0,
                        "l": 0
                    }
                }
            ],
            "ranked": {
                "placement_matches_left": 0,
                "highest_rank": 9,
                "rating": 2228,
                "global_position": 108,
                "rank": 9
            }
        },
        "ban": null,
        "reports": []
    }
]