[
    {
        "basicInfo": {
            "userID": 23875788,
            "name": "Rass",
            "userType": 1,
            "iconID": 136,
            "level": 475
        },
        "userSettings": {
            "blockFriendRequests": true,
            "block_clan_requests": false,
            "equipped_emblem": 136
        },
        "friendStatus": 0,
        "stats": {
            "seasonal_stats": [
                {
                    "season": 0,
                    "ranked": {
                        "k": 21535,
                        "d": 15160,
                        "a": 2189,
                        "w": 889,
                        "l": 721
                    },
                    "casual": {
                        "k": 0,
                        "d": 0,
                        "a": 0,
                        "w": 0,
                        "l": 0
                    },
                    "custom": {
                        "k": 210728,
                        "d": 111059,
                        "a": 12712,
                        "w": 0,
                        "l": 0
                    }
                },
                {
                    "season": 1,
                    "ranked": {
                        "k": 6645,
                        "d": 4799,
                        "a": 663,
                        "w": 262,
                        "l": 230
                    },
                    "casual": {
                        "k": 0,
                        "d": 0,
                        "a": 0,
                        "w": 10,
                        "l": 7
                    },
                    "custom": {
                        "k": 0,
                        "d": 0,
                        "a": 0,
                        "w": 0,
                        "l": 0
                    }
                },
                {
                    "season": 2,
                    "ranked": {
                        "k": 10755,
                        "d": 8615,
                        "a": 1298,
                        "w": 486,
                        "l": 376
                    },
                    "casual": {
                        "k": 0,
                        "d": 0,
                        "a": 0,
                        "w": 44,
                        "l": 33
                    },
                    "custom": {
                        "k": 0,
                        "d": 0,
                        "a": 0,
                        "w": 0,
                        "l": 0
                    }
                },
                {
                    "season": 3,
                    "ranked": {
                        "k": 8038,
                        "d": 5031,
                        "a": 796,
                        "w": 237,
                        "l": 134
                    },
                    "casual": {
                        "k": 13228,
                        "d": 4524,
                        "a": 915,
                        "w": 113,
                        "l": 30
                    },
                    "custom": {
                        "k": 8540,
                        "d": 6527,
                        "a": 830,
                        "w": 0,
                        "l": 0
                    }
                },
                {
                    "season": 4,
                    "ranked": {
                        "k": 3807,
                        "d": 2806,
                        "a": 444,
                        "w": 118,
                        "l": 83
                    },
                    "casual": {
                        "k": 16056,
                        "d": 5143,
                        "a": 978,
                        "w": 168,
                        "l": 37
                    },
                    "custom": {
                        "k": 7421,
                        "d": 5330,
                        "a": 657,
                        "w": 0,
                        "l": 0
                    }
                },
                {
                    "season": 5,
                    "ranked": {
                        "k": 3808,
                        "d": 2668,
                        "a": 487,
                        "w": 134,
                        "l": 60
                    },
                    "casual": {
                        "k": 5999,
                        "d": 1873,
                        "a": 482,
                        "w": 62,
                        "l": 12
                    },
                    "custom": {
                        "k": 2972,
                        "d": 2268,
                        "a": 376,
                        "w": 0,
                        "l": 0
                    }
                },
                {
                    "season": 6,
                    "ranked": {
                        "k": 216,
                        "d": 148,
                        "a": 34,
                        "w": 8,
                        "l": 3
                    },
                    "casual": {
                        "k": 844,
                        "d": 267,
                        "a": 60,
                        "w": 8,
                        "l": 2
                    },
                    "custom": {
                        "k": 744,
                        "d": 670,
                        "a": 117,
                        "w": 0,
                        "l": 0
                    }
                }
            ],
            "ranked": {
                "placement_matches_left": 0,
                "highest_rank": 9,
                "rating": 2183,
                "global_position": 208,
                "rank": 9
            }
        },
        "ban": null,
        "reports": [],
        "clan": {
            "basicInfo": {
                "name": "Monarchyyy",
                "tag": "MNCY"
            },
            "id": 68453,
            "memberRank": 10
        }
    }
]