[
    {
        "basicInfo": {
            "userID": 156970270,
            "name": "raw",
            "userType": 1,
            "iconID": 153,
            "level": 229
        },
        "userSettings": {
            "blockFriendRequests": false,
            "block_clan_requests": false,
            "equipped_emblem": 162
        },
        "friendStatus": 0,
        "stats": {
            "seasonal_stats": [
                {
                    "season": 0,
                    "ranked": {
                        "k": 68,
                        "d": 38,
                        "a": 2,
                        "w": 3,
                        "l": 1
                    },
                    "casual": {
                        "k": 0,
                        "d": 0,
                        "a": 0,
                        "w": 0,
                        "l": 0
                    },
                    "custom": {
                        "k": 26555,
                        "d": 15101,
                        "a": 2222,
                        "w": 0,
                        "l": 0
                    }
                },
                {
                    "season": 1,
                    "ranked": {
                        "k": 0,
                        "d": 0,
                        "a": 0,
                        "w": 0,
                        "l": 0
                    },
                    "casual": {
                        "k": 0,
                        "d": 0,
                        "a": 0,
                        "w": 0,
                        "l": 0
                    },
                    "custom": {
                        "k": 0,
                        "d": 0,
                        "a": 0,
                        "w": 0,
                        "l": 0
                    }
                },
                {
                    "season": 2,
                    "ranked": {
                        "k": 2027,
                        "d": 1841,
                        "a": 295,
                        "w": 113,
                        "l": 68
                    },
                    "casual": {
                        "k": 0,
                        "d": 0,
                        "a": 0,
                        "w": 352,
                        "l": 95
                    },
                    "custom": {
                        "k": 219,
                        "d": 210,
                        "a": 20,
                        "w": 2,
                        "l": 2
                    }
                },
                {
                    "season": 3,
                    "ranked": {
                        "k": 4085,
                        "d": 4418,
                        "a": 624,
                        "w": 146,
                        "l": 134
                    },
                    "casual": {
                        "k": 8168,
                        "d": 3617,
                        "a": 565,
                        "w": 105,
                        "l": 55
                    },
                    "custom": {
                        "k": 5755,
                        "d": 6604,
                        "a": 669,
                        "w": 0,
                        "l": 0
                    }
                },
                {
                    "season": 4,
                    "ranked": {
                        "k": 1181,
                        "d": 1121,
                        "a": 131,
                        "w": 48,
                        "l": 29
                    },
                    "casual": {
                        "k": 1244,
                        "d": 632,
                        "a": 103,
                        "w": 24,
                        "l": 9
                    },
                    "custom": {
                        "k": 2492,
                        "d": 2616,
                        "a": 261,
                        "w": 0,
                        "l": 0
                    }
                },
                {
                    "season": 5,
                    "ranked": {
                        "k": 1756,
                        "d": 1495,
                        "a": 176,
                        "w": 64,
                        "l": 44
                    },
                    "casual": {
                        "k": 5403,
                        "d": 1911,
                        "a": 366,
                        "w": 119,
                        "l": 12
                    },
                    "custom": {
                        "k": 4046,
                        "d": 3568,
                        "a": 473,
                        "w": 0,
                        "l": 0
                    }
                },
                {
                    "season": 6,
                    "ranked": {
                        "k": 433,
                        "d": 418,
                        "a": 71,
                        "w": 25,
                        "l": 5
                    },
                    "casual": {
                        "k": 2938,
                        "d": 1099,
                        "a": 173,
                        "w": 18,
                        "l": 2
                    },
                    "custom": {
                        "k": 2073,
                        "d": 2030,
                        "a": 191,
                        "w": 0,
                        "l": 0
                    }
                }
            ],
            "ranked": {
                "placement_matches_left": 0,
                "highest_rank": 9,
                "rating": 2209,
                "global_position": 144,
                "rank": 9
            }
        },
        "ban": null,
        "reports": [],
        "clan": {
            "basicInfo": {
                "name": "gunfight wins",
                "tag": "bot"
            },
            "id": 50102,
            "memberRank": 10
        }
    }
]