[
    {
        "basicInfo": {
            "userID": 50448928,
            "name": "Reborn",
            "userType": 1,
            "iconID": 204,
            "level": 477
        },
        "userSettings": {
            "blockFriendRequests": false,
            "block_clan_requests": false,
            "equipped_emblem": 204
        },
        "friendStatus": 0,
        "stats": {
            "seasonal_stats": [
                {
                    "season": 0,
                    "ranked": {
                        "k": 5442,
                        "d": 4485,
                        "a": 649,
                        "w": 298,
                        "l": 160
                    },
                    "casual": {
                        "k": 0,
                        "d": 0,
                        "a": 0,
                        "w": 0,
                        "l": 0
                    },
                    "custom": {
                        "k": 89812,
                        "d": 50543,
                        "a": 5992,
                        "w": 0,
                        "l": 0
                    }
                },
                {
                    "season": 1,
                    "ranked": {
                        "k": 0,
                        "d": 0,
                        "a": 0,
                        "w": 0,
                        "l": 0
                    },
                    "casual": {
                        "k": 0,
                        "d": 0,
                        "a": 0,
                        "w": 1,
                        "l": 0
                    },
                    "custom": {
                        "k": 0,
                        "d": 0,
                        "a": 0,
                        "w": 0,
                        "l": 0
                    }
                },
                {
                    "season": 2,
                    "ranked": {
                        "k": 12027,
                        "d": 9662,
                        "a": 1569,
                        "w": 652,
                        "l": 351
                    },
                    "casual": {
                        "k": 0,
                        "d": 0,
                        "a": 0,
                        "w": 207,
                        "l": 59
                    },
                    "custom": {
                        "k": 0,
                        "d": 0,
                        "a": 0,
                        "w": 0,
                        "l": 0
                    }
                },
                {
                    "season": 3,
                    "ranked": {
                        "k": 1931,
                        "d": 1329,
                        "a": 242,
                        "w": 76,
                        "l": 26
                    },
                    "casual": {
                        "k": 12776,
                        "d": 5071,
                        "a": 957,
                        "w": 136,
                        "l": 43
                    },
                    "custom": {
                        "k": 16493,
                        "d": 11960,
                        "a": 1433,
                        "w": 0,
                        "l": 0
                    }
                },
                {
                    "season": 4,
                    "ranked": {
                        "k": 402,
                        "d": 281,
                        "a": 43,
                        "w": 18,
                        "l": 6
                    },
                    "casual": {
                        "k": 10421,
                        "d": 3719,
                        "a": 644,
                        "w": 131,
                        "l": 31
                    },
                    "custom": {
                        "k": 6282,
                        "d": 5188,
                        "a": 696,
                        "w": 0,
                        "l": 0
                    }
                },
                {
                    "season": 5,
                    "ranked": {
                        "k": 462,
                        "d": 349,
                        "a": 64,
                        "w": 16,
                        "l": 7
                    },
                    "casual": {
                        "k": 11049,
                        "d": 4030,
                        "a": 729,
                        "w": 145,
                        "l": 25
                    },
                    "custom": {
                        "k": 2417,
                        "d": 2137,
                        "a": 287,
                        "w": 0,
                        "l": 0
                    }
                },
                {
                    "season": 6,
                    "ranked": {
                        "k": 1197,
                        "d": 920,
                        "a": 211,
                        "w": 61,
                        "l": 13
                    },
                    "casual": {
                        "k": 8051,
                        "d": 3138,
                        "a": 607,
                        "w": 99,
                        "l": 23
                    },
                    "custom": {
                        "k": 4260,
                        "d": 3434,
                        "a": 386,
                        "w": 0,
                        "l": 0
                    }
                }
            ],
            "ranked": {
                "placement_matches_left": 0,
                "highest_rank": 9,
                "rating": 2247,
                "global_position": 89,
                "rank": 9
            }
        },
        "ban": null,
        "reports": [],
        "clan": {
            "basicInfo": {
                "name": "CsPRoGaMeRZ",
                "tag": "CsPG"
            },
            "id": 11,
            "memberRank": 10
        }
    }
]