[
    {
        "basicInfo": {
            "userID": 75840500,
            "name": "Recurse",
            "userType": 1,
            "iconID": 18,
            "level": 597
        },
        "userSettings": {
            "blockFriendRequests": false,
            "block_clan_requests": false,
            "equipped_emblem": 66
        },
        "friendStatus": 0,
        "stats": {
            "seasonal_stats": [
                {
                    "season": 0,
                    "ranked": {
                        "k": 11055,
                        "d": 10069,
                        "a": 1424,
                        "w": 545,
                        "l": 449
                    },
                    "casual": {
                        "k": 0,
                        "d": 0,
                        "a": 0,
                        "w": 0,
                        "l": 0
                    },
                    "custom": {
                        "k": 152100,
                        "d": 77037,
                        "a": 12249,
                        "w": 0,
                        "l": 0
                    }
                },
                {
                    "season": 1,
                    "ranked": {
                        "k": 2339,
                        "d": 2078,
                        "a": 296,
                        "w": 129,
                        "l": 80
                    },
                    "casual": {
                        "k": 0,
                        "d": 0,
                        "a": 0,
                        "w": 471,
                        "l": 99
                    },
                    "custom": {
                        "k": 0,
                        "d": 0,
                        "a": 0,
                        "w": 0,
                        "l": 0
                    }
                },
                {
                    "season": 2,
                    "ranked": {
                        "k": 12684,
                        "d": 12200,
                        "a": 1805,
                        "w": 628,
                        "l": 543
                    },
                    "casual": {
                        "k": 0,
                        "d": 0,
                        "a": 0,
                        "w": 327,
                        "l": 61
                    },
                    "custom": {
                        "k": 0,
                        "d": 0,
                        "a": 0,
                        "w": 0,
                        "l": 0
                    }
                },
                {
                    "season": 3,
                    "ranked": {
                        "k": 6985,
                        "d": 6704,
                        "a": 858,
                        "w": 251,
                        "l": 178
                    },
                    "casual": {
                        "k": 8704,
                        "d": 3424,
                        "a": 564,
                        "w": 137,
                        "l": 29
                    },
                    "custom": {
                        "k": 4523,
                        "d": 3652,
                        "a": 412,
                        "w": 0,
                        "l": 0
                    }
                },
                {
                    "season": 4,
                    "ranked": {
                        "k": 4905,
                        "d": 4708,
                        "a": 599,
                        "w": 162,
                        "l": 137
                    },
                    "casual": {
                        "k": 8488,
                        "d": 3017,
                        "a": 508,
                        "w": 157,
                        "l": 11
                    },
                    "custom": {
                        "k": 2670,
                        "d": 2200,
                        "a": 232,
                        "w": 0,
                        "l": 0
                    }
                },
                {
                    "season": 5,
                    "ranked": {
                        "k": 1687,
                        "d": 1636,
                        "a": 230,
                        "w": 64,
                        "l": 43
                    },
                    "casual": {
                        "k": 14920,
                        "d": 5445,
                        "a": 960,
                        "w": 310,
                        "l": 31
                    },
                    "custom": {
                        "k": 1510,
                        "d": 1390,
                        "a": 143,
                        "w": 0,
                        "l": 0
                    }
                },
                {
                    "season": 6,
                    "ranked": {
                        "k": 905,
                        "d": 769,
                        "a": 111,
                        "w": 38,
                        "l": 14
                    },
                    "casual": {
                        "k": 8381,
                        "d": 2914,
                        "a": 546,
                        "w": 127,
                        "l": 22
                    },
                    "custom": {
                        "k": 343,
                        "d": 270,
                        "a": 30,
                        "w": 0,
                        "l": 0
                    }
                }
            ],
            "ranked": {
                "placement_matches_left": 0,
                "highest_rank": 9,
                "rating": 2191,
                "global_position": 191,
                "rank": 9
            }
        },
        "ban": null,
        "reports": [],
        "clan": {
            "basicInfo": {
                "name": "X Quadrant",
                "tag": "xQ"
            },
            "id": 83,
            "memberRank": 10
        }
    }
]