[
    {
        "basicInfo": {
            "userID": 151375486,
            "name": "Rekusa",
            "userType": 1,
            "iconID": 309,
            "level": 437
        },
        "userSettings": {
            "blockFriendRequests": false,
            "block_clan_requests": false,
            "equipped_emblem": 91
        },
        "friendStatus": 0,
        "stats": {
            "seasonal_stats": [
                {
                    "season": 0,
                    "ranked": {
                        "k": 0,
                        "d": 0,
                        "a": 0,
                        "w": 0,
                        "l": 0
                    },
                    "casual": {
                        "k": 0,
                        "d": 0,
                        "a": 0,
                        "w": 0,
                        "l": 0
                    },
                    "custom": {
                        "k": 27388,
                        "d": 14157,
                        "a": 2025,
                        "w": 0,
                        "l": 0
                    }
                },
                {
                    "season": 1,
                    "ranked": {
                        "k": 869,
                        "d": 651,
                        "a": 83,
                        "w": 44,
                        "l": 25
                    },
                    "casual": {
                        "k": 0,
                        "d": 0,
                        "a": 0,
                        "w": 70,
                        "l": 23
                    },
                    "custom": {
                        "k": 0,
                        "d": 0,
                        "a": 0,
                        "w": 0,
                        "l": 0
                    }
                },
                {
                    "season": 2,
                    "ranked": {
                        "k": 3509,
                        "d": 2806,
                        "a": 432,
                        "w": 171,
                        "l": 117
                    },
                    "casual": {
                        "k": 0,
                        "d": 0,
                        "a": 0,
                        "w": 323,
                        "l": 148
                    },
                    "custom": {
                        "k": 0,
                        "d": 0,
                        "a": 0,
                        "w": 0,
                        "l": 0
                    }
                },
                {
                    "season": 3,
                    "ranked": {
                        "k": 6359,
                        "d": 5505,
                        "a": 720,
                        "w": 228,
                        "l": 168
                    },
                    "casual": {
                        "k": 10328,
                        "d": 4235,
                        "a": 671,
                        "w": 171,
                        "l": 31
                    },
                    "custom": {
                        "k": 5364,
                        "d": 3753,
                        "a": 426,
                        "w": 0,
                        "l": 0
                    }
                },
                {
                    "season": 4,
                    "ranked": {
                        "k": 5273,
                        "d": 5056,
                        "a": 658,
                        "w": 179,
                        "l": 146
                    },
                    "casual": {
                        "k": 5620,
                        "d": 2390,
                        "a": 344,
                        "w": 22,
                        "l": 14
                    },
                    "custom": {
                        "k": 3151,
                        "d": 3173,
                        "a": 302,
                        "w": 0,
                        "l": 0
                    }
                },
                {
                    "season": 5,
                    "ranked": {
                        "k": 2794,
                        "d": 2503,
                        "a": 362,
                        "w": 93,
                        "l": 68
                    },
                    "casual": {
                        "k": 3595,
                        "d": 1370,
                        "a": 230,
                        "w": 15,
                        "l": 4
                    },
                    "custom": {
                        "k": 5001,
                        "d": 4027,
                        "a": 446,
                        "w": 0,
                        "l": 0
                    }
                },
                {
                    "season": 6,
                    "ranked": {
                        "k": 1065,
                        "d": 963,
                        "a": 173,
                        "w": 55,
                        "l": 14
                    },
                    "casual": {
                        "k": 453,
                        "d": 143,
                        "a": 17,
                        "w": 4,
                        "l": 0
                    },
                    "custom": {
                        "k": 2537,
                        "d": 2114,
                        "a": 291,
                        "w": 0,
                        "l": 0
                    }
                }
            ],
            "ranked": {
                "placement_matches_left": 0,
                "highest_rank": 9,
                "rating": 2263,
                "global_position": 72,
                "rank": 9
            }
        },
        "ban": null,
        "reports": []
    }
]