[
    {
        "basicInfo": {
            "userID": 175168176,
            "name": "Rentey",
            "userType": 1,
            "iconID": 228,
            "level": 404
        },
        "userSettings": {
            "blockFriendRequests": true,
            "block_clan_requests": false,
            "equipped_emblem": 212
        },
        "friendStatus": 0,
        "stats": {
            "seasonal_stats": [
                {
                    "season": 0,
                    "ranked": {
                        "k": 0,
                        "d": 0,
                        "a": 0,
                        "w": 0,
                        "l": 0
                    },
                    "casual": {
                        "k": 0,
                        "d": 0,
                        "a": 0,
                        "w": 0,
                        "l": 0
                    },
                    "custom": {
                        "k": 253,
                        "d": 104,
                        "a": 15,
                        "w": 0,
                        "l": 0
                    }
                },
                {
                    "season": 1,
                    "ranked": {
                        "k": 0,
                        "d": 0,
                        "a": 0,
                        "w": 0,
                        "l": 0
                    },
                    "casual": {
                        "k": 0,
                        "d": 0,
                        "a": 0,
                        "w": 0,
                        "l": 0
                    },
                    "custom": {
                        "k": 0,
                        "d": 0,
                        "a": 0,
                        "w": 0,
                        "l": 0
                    }
                },
                {
                    "season": 2,
                    "ranked": {
                        "k": 0,
                        "d": 0,
                        "a": 0,
                        "w": 0,
                        "l": 0
                    },
                    "casual": {
                        "k": 0,
                        "d": 0,
                        "a": 0,
                        "w": 0,
                        "l": 0
                    },
                    "custom": {
                        "k": 0,
                        "d": 0,
                        "a": 0,
                        "w": 0,
                        "l": 0
                    }
                },
                {
                    "season": 3,
                    "ranked": {
                        "k": 4196,
                        "d": 3229,
                        "a": 524,
                        "w": 149,
                        "l": 96
                    },
                    "casual": {
                        "k": 28145,
                        "d": 12309,
                        "a": 2083,
                        "w": 508,
                        "l": 147
                    },
                    "custom": {
                        "k": 2381,
                        "d": 1964,
                        "a": 99,
                        "w": 0,
                        "l": 0
                    }
                },
                {
                    "season": 4,
                    "ranked": {
                        "k": 841,
                        "d": 735,
                        "a": 111,
                        "w": 33,
                        "l": 19
                    },
                    "casual": {
                        "k": 6897,
                        "d": 2543,
                        "a": 591,
                        "w": 271,
                        "l": 45
                    },
                    "custom": {
                        "k": 154,
                        "d": 125,
                        "a": 20,
                        "w": 0,
                        "l": 0
                    }
                },
                {
                    "season": 5,
                    "ranked": {
                        "k": 3032,
                        "d": 2147,
                        "a": 393,
                        "w": 136,
                        "l": 42
                    },
                    "casual": {
                        "k": 11307,
                        "d": 4735,
                        "a": 868,
                        "w": 306,
                        "l": 27
                    },
                    "custom": {
                        "k": 3889,
                        "d": 867,
                        "a": 92,
                        "w": 0,
                        "l": 0
                    }
                },
                {
                    "season": 6,
                    "ranked": {
                        "k": 2986,
                        "d": 2447,
                        "a": 558,
                        "w": 138,
                        "l": 52
                    },
                    "casual": {
                        "k": 5695,
                        "d": 2221,
                        "a": 404,
                        "w": 132,
                        "l": 11
                    },
                    "custom": {
                        "k": 280,
                        "d": 231,
                        "a": 5,
                        "w": 0,
                        "l": 0
                    }
                }
            ],
            "ranked": {
                "placement_matches_left": 0,
                "highest_rank": 9,
                "rating": 2177,
                "global_position": 227,
                "rank": 9
            }
        },
        "ban": null,
        "reports": []
    }
]