[
    {
        "basicInfo": {
            "userID": 190189988,
            "name": "Reset",
            "userType": 1,
            "iconID": 318,
            "level": 63
        },
        "userSettings": {
            "blockFriendRequests": false,
            "block_clan_requests": false,
            "equipped_emblem": 3
        },
        "friendStatus": 0,
        "stats": {
            "seasonal_stats": [
                {
                    "season": 0,
                    "ranked": {
                        "k": 0,
                        "d": 0,
                        "a": 0,
                        "w": 0,
                        "l": 0
                    },
                    "casual": {
                        "k": 0,
                        "d": 0,
                        "a": 0,
                        "w": 0,
                        "l": 0
                    },
                    "custom": {
                        "k": 0,
                        "d": 0,
                        "a": 0,
                        "w": 0,
                        "l": 0
                    }
                },
                {
                    "season": 1,
                    "ranked": {
                        "k": 0,
                        "d": 0,
                        "a": 0,
                        "w": 0,
                        "l": 0
                    },
                    "casual": {
                        "k": 0,
                        "d": 0,
                        "a": 0,
                        "w": 0,
                        "l": 0
                    },
                    "custom": {
                        "k": 0,
                        "d": 0,
                        "a": 0,
                        "w": 0,
                        "l": 0
                    }
                },
                {
                    "season": 2,
                    "ranked": {
                        "k": 0,
                        "d": 0,
                        "a": 0,
                        "w": 0,
                        "l": 0
                    },
                    "casual": {
                        "k": 0,
                        "d": 0,
                        "a": 0,
                        "w": 0,
                        "l": 0
                    },
                    "custom": {
                        "k": 0,
                        "d": 0,
                        "a": 0,
                        "w": 0,
                        "l": 0
                    }
                },
                {
                    "season": 3,
                    "ranked": {
                        "k": 0,
                        "d": 0,
                        "a": 0,
                        "w": 0,
                        "l": 0
                    },
                    "casual": {
                        "k": 0,
                        "d": 0,
                        "a": 0,
                        "w": 0,
                        "l": 0
                    },
                    "custom": {
                        "k": 0,
                        "d": 0,
                        "a": 0,
                        "w": 0,
                        "l": 0
                    }
                },
                {
                    "season": 4,
                    "ranked": {
                        "k": 2601,
                        "d": 1236,
                        "a": 264,
                        "w": 105,
                        "l": 16
                    },
                    "casual": {
                        "k": 1055,
                        "d": 423,
                        "a": 62,
                        "w": 3,
                        "l": 1
                    },
                    "custom": {
                        "k": 1527,
                        "d": 151,
                        "a": 11,
                        "w": 0,
                        "l": 0
                    }
                },
                {
                    "season": 5,
                    "ranked": {
                        "k": 363,
                        "d": 174,
                        "a": 26,
                        "w": 20,
                        "l": 2
                    },
                    "casual": {
                        "k": 1934,
                        "d": 871,
                        "a": 147,
                        "w": 27,
                        "l": 6
                    },
                    "custom": {
                        "k": 5456,
                        "d": 2362,
                        "a": 195,
                        "w": 0,
                        "l": 0
                    }
                },
                {
                    "season": 6,
                    "ranked": {
                        "k": 311,
                        "d": 156,
                        "a": 37,
                        "w": 12,
                        "l": 3
                    },
                    "casual": {
                        "k": 5919,
                        "d": 2541,
                        "a": 359,
                        "w": 16,
                        "l": 1
                    },
                    "custom": {
                        "k": 3446,
                        "d": 2861,
                        "a": 162,
                        "w": 0,
                        "l": 0
                    }
                }
            ],
            "ranked": {
                "placement_matches_left": 0,
                "highest_rank": 9,
                "rating": 2206,
                "global_position": 152,
                "rank": 9
            }
        },
        "ban": null,
        "reports": [],
        "clan": {
            "basicInfo": {
                "name": "gOD lol",
                "tag": "gOD"
            },
            "id": 96618,
            "memberRank": 40
        }
    }
]