[
    {
        "basicInfo": {
            "userID": 82134123,
            "name": "Ro xs",
            "userType": 1,
            "iconID": 271,
            "level": 539
        },
        "userSettings": {
            "blockFriendRequests": true,
            "block_clan_requests": true,
            "equipped_emblem": 271
        },
        "friendStatus": 0,
        "stats": {
            "seasonal_stats": [
                {
                    "season": 0,
                    "ranked": {
                        "k": 9696,
                        "d": 9408,
                        "a": 1427,
                        "w": 505,
                        "l": 400
                    },
                    "casual": {
                        "k": 0,
                        "d": 0,
                        "a": 0,
                        "w": 0,
                        "l": 0
                    },
                    "custom": {
                        "k": 32149,
                        "d": 22585,
                        "a": 2738,
                        "w": 0,
                        "l": 0
                    }
                },
                {
                    "season": 1,
                    "ranked": {
                        "k": 1292,
                        "d": 1196,
                        "a": 181,
                        "w": 70,
                        "l": 63
                    },
                    "casual": {
                        "k": 0,
                        "d": 0,
                        "a": 0,
                        "w": 10,
                        "l": 9
                    },
                    "custom": {
                        "k": 0,
                        "d": 0,
                        "a": 0,
                        "w": 0,
                        "l": 0
                    }
                },
                {
                    "season": 2,
                    "ranked": {
                        "k": 18330,
                        "d": 15286,
                        "a": 2421,
                        "w": 885,
                        "l": 694
                    },
                    "casual": {
                        "k": 147,
                        "d": 95,
                        "a": 19,
                        "w": 182,
                        "l": 117
                    },
                    "custom": {
                        "k": 221,
                        "d": 200,
                        "a": 10,
                        "w": 0,
                        "l": 0
                    }
                },
                {
                    "season": 3,
                    "ranked": {
                        "k": 9430,
                        "d": 7162,
                        "a": 1088,
                        "w": 369,
                        "l": 142
                    },
                    "casual": {
                        "k": 17529,
                        "d": 8463,
                        "a": 1344,
                        "w": 163,
                        "l": 89
                    },
                    "custom": {
                        "k": 21504,
                        "d": 16166,
                        "a": 1409,
                        "w": 0,
                        "l": 0
                    }
                },
                {
                    "season": 4,
                    "ranked": {
                        "k": 3371,
                        "d": 2670,
                        "a": 362,
                        "w": 146,
                        "l": 52
                    },
                    "casual": {
                        "k": 8950,
                        "d": 4282,
                        "a": 645,
                        "w": 45,
                        "l": 14
                    },
                    "custom": {
                        "k": 15733,
                        "d": 12837,
                        "a": 1265,
                        "w": 0,
                        "l": 0
                    }
                },
                {
                    "season": 5,
                    "ranked": {
                        "k": 2615,
                        "d": 1956,
                        "a": 327,
                        "w": 109,
                        "l": 39
                    },
                    "casual": {
                        "k": 5827,
                        "d": 3019,
                        "a": 420,
                        "w": 25,
                        "l": 7
                    },
                    "custom": {
                        "k": 10316,
                        "d": 8639,
                        "a": 649,
                        "w": 0,
                        "l": 0
                    }
                },
                {
                    "season": 6,
                    "ranked": {
                        "k": 2111,
                        "d": 1401,
                        "a": 280,
                        "w": 101,
                        "l": 18
                    },
                    "casual": {
                        "k": 3131,
                        "d": 1410,
                        "a": 197,
                        "w": 9,
                        "l": 3
                    },
                    "custom": {
                        "k": 3475,
                        "d": 2916,
                        "a": 254,
                        "w": 0,
                        "l": 0
                    }
                }
            ],
            "ranked": {
                "placement_matches_left": 0,
                "highest_rank": 9,
                "rating": 2222,
                "global_position": 121,
                "rank": 9
            }
        },
        "ban": null,
        "reports": [],
        "clan": {
            "basicInfo": {
                "name": "CsPRoGaMeRZ",
                "tag": "CsPG"
            },
            "id": 11,
            "memberRank": 10
        }
    }
]