[
    {
        "basicInfo": {
            "userID": 144788827,
            "name": "RoomZ",
            "userType": 1,
            "iconID": 299,
            "level": 230
        },
        "userSettings": {
            "blockFriendRequests": false,
            "block_clan_requests": false,
            "equipped_emblem": 299
        },
        "friendStatus": 0,
        "stats": {
            "seasonal_stats": [
                {
                    "season": 0,
                    "ranked": {
                        "k": 0,
                        "d": 0,
                        "a": 0,
                        "w": 0,
                        "l": 0
                    },
                    "casual": {
                        "k": 0,
                        "d": 0,
                        "a": 0,
                        "w": 0,
                        "l": 0
                    },
                    "custom": {
                        "k": 31104,
                        "d": 23775,
                        "a": 2960,
                        "w": 0,
                        "l": 0
                    }
                },
                {
                    "season": 1,
                    "ranked": {
                        "k": 1759,
                        "d": 1141,
                        "a": 163,
                        "w": 74,
                        "l": 44
                    },
                    "casual": {
                        "k": 0,
                        "d": 0,
                        "a": 0,
                        "w": 2,
                        "l": 1
                    },
                    "custom": {
                        "k": 0,
                        "d": 0,
                        "a": 0,
                        "w": 0,
                        "l": 0
                    }
                },
                {
                    "season": 2,
                    "ranked": {
                        "k": 6745,
                        "d": 5273,
                        "a": 881,
                        "w": 343,
                        "l": 211
                    },
                    "casual": {
                        "k": 0,
                        "d": 0,
                        "a": 0,
                        "w": 19,
                        "l": 10
                    },
                    "custom": {
                        "k": 205,
                        "d": 173,
                        "a": 21,
                        "w": 0,
                        "l": 0
                    }
                },
                {
                    "season": 3,
                    "ranked": {
                        "k": 3357,
                        "d": 2396,
                        "a": 359,
                        "w": 112,
                        "l": 62
                    },
                    "casual": {
                        "k": 592,
                        "d": 189,
                        "a": 43,
                        "w": 11,
                        "l": 3
                    },
                    "custom": {
                        "k": 10291,
                        "d": 7975,
                        "a": 1147,
                        "w": 0,
                        "l": 0
                    }
                },
                {
                    "season": 4,
                    "ranked": {
                        "k": 1371,
                        "d": 1167,
                        "a": 162,
                        "w": 32,
                        "l": 46
                    },
                    "casual": {
                        "k": 275,
                        "d": 87,
                        "a": 16,
                        "w": 6,
                        "l": 1
                    },
                    "custom": {
                        "k": 8500,
                        "d": 7351,
                        "a": 922,
                        "w": 0,
                        "l": 0
                    }
                },
                {
                    "season": 5,
                    "ranked": {
                        "k": 5145,
                        "d": 4051,
                        "a": 648,
                        "w": 185,
                        "l": 95
                    },
                    "casual": {
                        "k": 182,
                        "d": 75,
                        "a": 8,
                        "w": 6,
                        "l": 1
                    },
                    "custom": {
                        "k": 2899,
                        "d": 2635,
                        "a": 358,
                        "w": 0,
                        "l": 0
                    }
                },
                {
                    "season": 6,
                    "ranked": {
                        "k": 1609,
                        "d": 1287,
                        "a": 227,
                        "w": 71,
                        "l": 23
                    },
                    "casual": {
                        "k": 47,
                        "d": 14,
                        "a": 5,
                        "w": 1,
                        "l": 0
                    },
                    "custom": {
                        "k": 2457,
                        "d": 2087,
                        "a": 292,
                        "w": 0,
                        "l": 0
                    }
                }
            ],
            "ranked": {
                "placement_matches_left": 0,
                "highest_rank": 9,
                "rating": 2180,
                "global_position": 215,
                "rank": 9
            }
        },
        "ban": null,
        "reports": [],
        "clan": {
            "basicInfo": {
                "name": "Invictus",
                "tag": "inv"
            },
            "id": 11561,
            "memberRank": 10
        }
    }
]