[
    {
        "basicInfo": {
            "userID": 60137498,
            "name": "Rose GOSTOSA",
            "userType": 1,
            "iconID": 311,
            "level": 235
        },
        "userSettings": {
            "blockFriendRequests": false,
            "block_clan_requests": false,
            "equipped_emblem": 316
        },
        "friendStatus": 0,
        "stats": {
            "seasonal_stats": [
                {
                    "season": 0,
                    "ranked": {
                        "k": 5414,
                        "d": 4634,
                        "a": 680,
                        "w": 279,
                        "l": 244
                    },
                    "casual": {
                        "k": 0,
                        "d": 0,
                        "a": 0,
                        "w": 0,
                        "l": 0
                    },
                    "custom": {
                        "k": 40710,
                        "d": 25280,
                        "a": 3498,
                        "w": 0,
                        "l": 0
                    }
                },
                {
                    "season": 1,
                    "ranked": {
                        "k": 55,
                        "d": 34,
                        "a": 4,
                        "w": 4,
                        "l": 0
                    },
                    "casual": {
                        "k": 0,
                        "d": 0,
                        "a": 0,
                        "w": 11,
                        "l": 0
                    },
                    "custom": {
                        "k": 0,
                        "d": 0,
                        "a": 0,
                        "w": 0,
                        "l": 0
                    }
                },
                {
                    "season": 2,
                    "ranked": {
                        "k": 1359,
                        "d": 1179,
                        "a": 211,
                        "w": 69,
                        "l": 64
                    },
                    "casual": {
                        "k": 17,
                        "d": 5,
                        "a": 1,
                        "w": 44,
                        "l": 26
                    },
                    "custom": {
                        "k": 164,
                        "d": 144,
                        "a": 14,
                        "w": 0,
                        "l": 0
                    }
                },
                {
                    "season": 3,
                    "ranked": {
                        "k": 8241,
                        "d": 5865,
                        "a": 881,
                        "w": 261,
                        "l": 194
                    },
                    "casual": {
                        "k": 11824,
                        "d": 5291,
                        "a": 954,
                        "w": 216,
                        "l": 79
                    },
                    "custom": {
                        "k": 4383,
                        "d": 3025,
                        "a": 285,
                        "w": 0,
                        "l": 0
                    }
                },
                {
                    "season": 4,
                    "ranked": {
                        "k": 655,
                        "d": 678,
                        "a": 84,
                        "w": 27,
                        "l": 20
                    },
                    "casual": {
                        "k": 4786,
                        "d": 1997,
                        "a": 380,
                        "w": 85,
                        "l": 12
                    },
                    "custom": {
                        "k": 1187,
                        "d": 900,
                        "a": 84,
                        "w": 0,
                        "l": 0
                    }
                },
                {
                    "season": 5,
                    "ranked": {
                        "k": 3108,
                        "d": 2644,
                        "a": 421,
                        "w": 144,
                        "l": 40
                    },
                    "casual": {
                        "k": 2242,
                        "d": 872,
                        "a": 116,
                        "w": 25,
                        "l": 10
                    },
                    "custom": {
                        "k": 1213,
                        "d": 1083,
                        "a": 102,
                        "w": 0,
                        "l": 0
                    }
                },
                {
                    "season": 6,
                    "ranked": {
                        "k": 1895,
                        "d": 1578,
                        "a": 271,
                        "w": 97,
                        "l": 17
                    },
                    "casual": {
                        "k": 521,
                        "d": 242,
                        "a": 37,
                        "w": 7,
                        "l": 0
                    },
                    "custom": {
                        "k": 962,
                        "d": 886,
                        "a": 102,
                        "w": 0,
                        "l": 0
                    }
                }
            ],
            "ranked": {
                "placement_matches_left": 0,
                "highest_rank": 9,
                "rating": 2223,
                "global_position": 118,
                "rank": 9
            }
        },
        "ban": null,
        "reports": []
    }
]