[
    {
        "basicInfo": {
            "userID": 115011957,
            "name": "rozneS",
            "userType": 1,
            "iconID": 317,
            "level": 41
        },
        "userSettings": {
            "blockFriendRequests": false,
            "block_clan_requests": false,
            "equipped_emblem": 317
        },
        "friendStatus": 0,
        "stats": {
            "seasonal_stats": [
                {
                    "season": 0,
                    "ranked": {
                        "k": 95,
                        "d": 16,
                        "a": 8,
                        "w": 3,
                        "l": 1
                    },
                    "casual": {
                        "k": 0,
                        "d": 0,
                        "a": 0,
                        "w": 0,
                        "l": 0
                    },
                    "custom": {
                        "k": 5335,
                        "d": 3429,
                        "a": 476,
                        "w": 0,
                        "l": 0
                    }
                },
                {
                    "season": 1,
                    "ranked": {
                        "k": 822,
                        "d": 431,
                        "a": 70,
                        "w": 35,
                        "l": 17
                    },
                    "casual": {
                        "k": 0,
                        "d": 0,
                        "a": 0,
                        "w": 0,
                        "l": 0
                    },
                    "custom": {
                        "k": 0,
                        "d": 0,
                        "a": 0,
                        "w": 0,
                        "l": 0
                    }
                },
                {
                    "season": 2,
                    "ranked": {
                        "k": 93,
                        "d": 26,
                        "a": 7,
                        "w": 4,
                        "l": 0
                    },
                    "casual": {
                        "k": 0,
                        "d": 0,
                        "a": 0,
                        "w": 0,
                        "l": 0
                    },
                    "custom": {
                        "k": 0,
                        "d": 0,
                        "a": 0,
                        "w": 0,
                        "l": 0
                    }
                },
                {
                    "season": 3,
                    "ranked": {
                        "k": 419,
                        "d": 324,
                        "a": 49,
                        "w": 17,
                        "l": 5
                    },
                    "casual": {
                        "k": 0,
                        "d": 0,
                        "a": 0,
                        "w": 0,
                        "l": 0
                    },
                    "custom": {
                        "k": 73,
                        "d": 58,
                        "a": 10,
                        "w": 0,
                        "l": 0
                    }
                },
                {
                    "season": 4,
                    "ranked": {
                        "k": 778,
                        "d": 624,
                        "a": 90,
                        "w": 33,
                        "l": 12
                    },
                    "casual": {
                        "k": 248,
                        "d": 87,
                        "a": 20,
                        "w": 6,
                        "l": 0
                    },
                    "custom": {
                        "k": 52,
                        "d": 43,
                        "a": 9,
                        "w": 0,
                        "l": 0
                    }
                },
                {
                    "season": 5,
                    "ranked": {
                        "k": 676,
                        "d": 525,
                        "a": 75,
                        "w": 20,
                        "l": 14
                    },
                    "casual": {
                        "k": 68,
                        "d": 36,
                        "a": 4,
                        "w": 2,
                        "l": 0
                    },
                    "custom": {
                        "k": 54,
                        "d": 59,
                        "a": 6,
                        "w": 0,
                        "l": 0
                    }
                },
                {
                    "season": 6,
                    "ranked": {
                        "k": 555,
                        "d": 444,
                        "a": 67,
                        "w": 23,
                        "l": 8
                    },
                    "casual": {
                        "k": 147,
                        "d": 57,
                        "a": 10,
                        "w": 0,
                        "l": 1
                    },
                    "custom": {
                        "k": 97,
                        "d": 95,
                        "a": 18,
                        "w": 0,
                        "l": 0
                    }
                }
            ],
            "ranked": {
                "placement_matches_left": 0,
                "highest_rank": 9,
                "rating": 2168,
                "global_position": 243,
                "rank": 9
            }
        },
        "ban": null,
        "reports": [],
        "clan": {
            "basicInfo": {
                "name": "EoN Clan",
                "tag": "EoN"
            },
            "id": 43840,
            "memberRank": 40
        }
    }
]