[
    {
        "basicInfo": {
            "userID": 11351900,
            "name": "Ryce",
            "userType": 1,
            "iconID": 1,
            "level": 414
        },
        "userSettings": {
            "blockFriendRequests": false,
            "block_clan_requests": false,
            "equipped_emblem": 1
        },
        "friendStatus": 0,
        "stats": {
            "seasonal_stats": [
                {
                    "season": 0,
                    "ranked": {
                        "k": 34433,
                        "d": 25312,
                        "a": 3687,
                        "w": 1636,
                        "l": 1094
                    },
                    "casual": {
                        "k": 0,
                        "d": 0,
                        "a": 0,
                        "w": 0,
                        "l": 0
                    },
                    "custom": {
                        "k": 168110,
                        "d": 104016,
                        "a": 14083,
                        "w": 0,
                        "l": 0
                    }
                },
                {
                    "season": 1,
                    "ranked": {
                        "k": 9457,
                        "d": 6945,
                        "a": 1067,
                        "w": 435,
                        "l": 304
                    },
                    "casual": {
                        "k": 0,
                        "d": 0,
                        "a": 0,
                        "w": 97,
                        "l": 20
                    },
                    "custom": {
                        "k": 0,
                        "d": 0,
                        "a": 0,
                        "w": 0,
                        "l": 0
                    }
                },
                {
                    "season": 2,
                    "ranked": {
                        "k": 6879,
                        "d": 5332,
                        "a": 758,
                        "w": 349,
                        "l": 220
                    },
                    "casual": {
                        "k": 0,
                        "d": 0,
                        "a": 0,
                        "w": 240,
                        "l": 116
                    },
                    "custom": {
                        "k": 52,
                        "d": 62,
                        "a": 7,
                        "w": 0,
                        "l": 0
                    }
                },
                {
                    "season": 3,
                    "ranked": {
                        "k": 2348,
                        "d": 1889,
                        "a": 247,
                        "w": 81,
                        "l": 50
                    },
                    "casual": {
                        "k": 6602,
                        "d": 2253,
                        "a": 386,
                        "w": 83,
                        "l": 27
                    },
                    "custom": {
                        "k": 7257,
                        "d": 6058,
                        "a": 693,
                        "w": 0,
                        "l": 0
                    }
                },
                {
                    "season": 4,
                    "ranked": {
                        "k": 3650,
                        "d": 3310,
                        "a": 389,
                        "w": 135,
                        "l": 92
                    },
                    "casual": {
                        "k": 11458,
                        "d": 4040,
                        "a": 709,
                        "w": 82,
                        "l": 23
                    },
                    "custom": {
                        "k": 8756,
                        "d": 6851,
                        "a": 617,
                        "w": 0,
                        "l": 0
                    }
                },
                {
                    "season": 5,
                    "ranked": {
                        "k": 1048,
                        "d": 816,
                        "a": 149,
                        "w": 59,
                        "l": 6
                    },
                    "casual": {
                        "k": 5013,
                        "d": 2073,
                        "a": 350,
                        "w": 39,
                        "l": 14
                    },
                    "custom": {
                        "k": 2865,
                        "d": 2654,
                        "a": 254,
                        "w": 0,
                        "l": 0
                    }
                },
                {
                    "season": 6,
                    "ranked": {
                        "k": 184,
                        "d": 109,
                        "a": 21,
                        "w": 11,
                        "l": 0
                    },
                    "casual": {
                        "k": 1752,
                        "d": 708,
                        "a": 122,
                        "w": 8,
                        "l": 4
                    },
                    "custom": {
                        "k": 1006,
                        "d": 984,
                        "a": 100,
                        "w": 0,
                        "l": 0
                    }
                }
            ],
            "ranked": {
                "placement_matches_left": 0,
                "highest_rank": 9,
                "rating": 2431,
                "global_position": 5,
                "rank": 9
            }
        },
        "ban": null,
        "reports": [],
        "clan": {
            "basicInfo": {
                "name": "klan brooooooo",
                "tag": "T 1X"
            },
            "id": 80064,
            "memberRank": 40
        }
    }
]