[
    {
        "basicInfo": {
            "userID": 43349135,
            "name": "Rytez",
            "userType": 1,
            "iconID": 1,
            "level": 346
        },
        "userSettings": {
            "blockFriendRequests": false,
            "block_clan_requests": false,
            "equipped_emblem": 1
        },
        "friendStatus": 0,
        "stats": {
            "seasonal_stats": [
                {
                    "season": 0,
                    "ranked": {
                        "k": 12505,
                        "d": 10459,
                        "a": 1588,
                        "w": 660,
                        "l": 469
                    },
                    "casual": {
                        "k": 0,
                        "d": 0,
                        "a": 0,
                        "w": 1,
                        "l": 3
                    },
                    "custom": {
                        "k": 93977,
                        "d": 53360,
                        "a": 6544,
                        "w": 0,
                        "l": 0
                    }
                },
                {
                    "season": 1,
                    "ranked": {
                        "k": 2995,
                        "d": 2809,
                        "a": 336,
                        "w": 182,
                        "l": 120
                    },
                    "casual": {
                        "k": 0,
                        "d": 0,
                        "a": 0,
                        "w": 98,
                        "l": 43
                    },
                    "custom": {
                        "k": 0,
                        "d": 0,
                        "a": 0,
                        "w": 0,
                        "l": 0
                    }
                },
                {
                    "season": 2,
                    "ranked": {
                        "k": 4119,
                        "d": 3240,
                        "a": 420,
                        "w": 191,
                        "l": 151
                    },
                    "casual": {
                        "k": 0,
                        "d": 0,
                        "a": 0,
                        "w": 231,
                        "l": 182
                    },
                    "custom": {
                        "k": 182,
                        "d": 140,
                        "a": 32,
                        "w": 2,
                        "l": 2
                    }
                },
                {
                    "season": 3,
                    "ranked": {
                        "k": 553,
                        "d": 337,
                        "a": 45,
                        "w": 14,
                        "l": 11
                    },
                    "casual": {
                        "k": 15324,
                        "d": 6858,
                        "a": 1028,
                        "w": 330,
                        "l": 155
                    },
                    "custom": {
                        "k": 4374,
                        "d": 3847,
                        "a": 483,
                        "w": 0,
                        "l": 0
                    }
                },
                {
                    "season": 4,
                    "ranked": {
                        "k": 172,
                        "d": 121,
                        "a": 15,
                        "w": 7,
                        "l": 2
                    },
                    "casual": {
                        "k": 18432,
                        "d": 9966,
                        "a": 1689,
                        "w": 262,
                        "l": 108
                    },
                    "custom": {
                        "k": 4804,
                        "d": 3994,
                        "a": 468,
                        "w": 0,
                        "l": 0
                    }
                },
                {
                    "season": 5,
                    "ranked": {
                        "k": 398,
                        "d": 354,
                        "a": 36,
                        "w": 10,
                        "l": 13
                    },
                    "casual": {
                        "k": 4470,
                        "d": 2968,
                        "a": 445,
                        "w": 57,
                        "l": 22
                    },
                    "custom": {
                        "k": 1009,
                        "d": 864,
                        "a": 84,
                        "w": 0,
                        "l": 0
                    }
                },
                {
                    "season": 6,
                    "ranked": {
                        "k": 473,
                        "d": 365,
                        "a": 55,
                        "w": 25,
                        "l": 4
                    },
                    "casual": {
                        "k": 3254,
                        "d": 1801,
                        "a": 267,
                        "w": 38,
                        "l": 12
                    },
                    "custom": {
                        "k": 333,
                        "d": 336,
                        "a": 15,
                        "w": 0,
                        "l": 0
                    }
                }
            ],
            "ranked": {
                "placement_matches_left": 0,
                "highest_rank": 9,
                "rating": 2231,
                "global_position": 107,
                "rank": 9
            }
        },
        "ban": null,
        "reports": [],
        "clan": {
            "basicInfo": {
                "name": "UnstableX",
                "tag": "UNBX"
            },
            "id": 33,
            "memberRank": 10
        }
    }
]