[
    {
        "basicInfo": {
            "userID": 99412,
            "name": "rzr",
            "userType": 1,
            "iconID": 274,
            "level": 189
        },
        "userSettings": {
            "blockFriendRequests": false,
            "block_clan_requests": false,
            "equipped_emblem": 274
        },
        "friendStatus": 0,
        "stats": {
            "seasonal_stats": [
                {
                    "season": 0,
                    "ranked": {
                        "k": 0,
                        "d": 0,
                        "a": 0,
                        "w": 0,
                        "l": 0
                    },
                    "casual": {
                        "k": 0,
                        "d": 0,
                        "a": 0,
                        "w": 0,
                        "l": 0
                    },
                    "custom": {
                        "k": 327,
                        "d": 715,
                        "a": 39,
                        "w": 0,
                        "l": 0
                    }
                },
                {
                    "season": 1,
                    "ranked": {
                        "k": 0,
                        "d": 0,
                        "a": 0,
                        "w": 0,
                        "l": 0
                    },
                    "casual": {
                        "k": 0,
                        "d": 0,
                        "a": 0,
                        "w": 0,
                        "l": 0
                    },
                    "custom": {
                        "k": 0,
                        "d": 0,
                        "a": 0,
                        "w": 0,
                        "l": 0
                    }
                },
                {
                    "season": 2,
                    "ranked": {
                        "k": 0,
                        "d": 0,
                        "a": 0,
                        "w": 0,
                        "l": 0
                    },
                    "casual": {
                        "k": 0,
                        "d": 0,
                        "a": 0,
                        "w": 0,
                        "l": 0
                    },
                    "custom": {
                        "k": 0,
                        "d": 0,
                        "a": 0,
                        "w": 0,
                        "l": 0
                    }
                },
                {
                    "season": 3,
                    "ranked": {
                        "k": 259,
                        "d": 143,
                        "a": 23,
                        "w": 6,
                        "l": 5
                    },
                    "casual": {
                        "k": 741,
                        "d": 564,
                        "a": 80,
                        "w": 16,
                        "l": 10
                    },
                    "custom": {
                        "k": 696,
                        "d": 64,
                        "a": 0,
                        "w": 0,
                        "l": 0
                    }
                },
                {
                    "season": 4,
                    "ranked": {
                        "k": 2222,
                        "d": 1770,
                        "a": 220,
                        "w": 100,
                        "l": 48
                    },
                    "casual": {
                        "k": 12115,
                        "d": 4930,
                        "a": 908,
                        "w": 166,
                        "l": 38
                    },
                    "custom": {
                        "k": 3597,
                        "d": 2048,
                        "a": 11,
                        "w": 0,
                        "l": 0
                    }
                },
                {
                    "season": 5,
                    "ranked": {
                        "k": 1207,
                        "d": 940,
                        "a": 116,
                        "w": 82,
                        "l": 18
                    },
                    "casual": {
                        "k": 9136,
                        "d": 3582,
                        "a": 773,
                        "w": 345,
                        "l": 59
                    },
                    "custom": {
                        "k": 12452,
                        "d": 1350,
                        "a": 8,
                        "w": 0,
                        "l": 0
                    }
                },
                {
                    "season": 6,
                    "ranked": {
                        "k": 142,
                        "d": 96,
                        "a": 5,
                        "w": 10,
                        "l": 1
                    },
                    "casual": {
                        "k": 4227,
                        "d": 1494,
                        "a": 279,
                        "w": 136,
                        "l": 15
                    },
                    "custom": {
                        "k": 543,
                        "d": 97,
                        "a": 12,
                        "w": 0,
                        "l": 0
                    }
                }
            ],
            "ranked": {
                "placement_matches_left": 0,
                "highest_rank": 9,
                "rating": 2381,
                "global_position": 14,
                "rank": 9
            }
        },
        "ban": null,
        "reports": [],
        "clan": {
            "basicInfo": {
                "name": "Razors",
                "tag": "rzr"
            },
            "id": 109555,
            "memberRank": 40
        }
    }
]