[
    {
        "basicInfo": {
            "userID": 128764550,
            "name": "SabZ",
            "userType": 1,
            "iconID": 27,
            "level": 772
        },
        "userSettings": {
            "blockFriendRequests": false,
            "block_clan_requests": false,
            "equipped_emblem": 27
        },
        "friendStatus": 0,
        "stats": {
            "seasonal_stats": [
                {
                    "season": 0,
                    "ranked": {
                        "k": 13798,
                        "d": 11843,
                        "a": 1614,
                        "w": 718,
                        "l": 513
                    },
                    "casual": {
                        "k": 0,
                        "d": 0,
                        "a": 0,
                        "w": 0,
                        "l": 0
                    },
                    "custom": {
                        "k": 133058,
                        "d": 64178,
                        "a": 7661,
                        "w": 0,
                        "l": 0
                    }
                },
                {
                    "season": 1,
                    "ranked": {
                        "k": 11462,
                        "d": 9122,
                        "a": 1216,
                        "w": 571,
                        "l": 448
                    },
                    "casual": {
                        "k": 0,
                        "d": 0,
                        "a": 0,
                        "w": 495,
                        "l": 126
                    },
                    "custom": {
                        "k": 0,
                        "d": 0,
                        "a": 0,
                        "w": 0,
                        "l": 0
                    }
                },
                {
                    "season": 2,
                    "ranked": {
                        "k": 24612,
                        "d": 17026,
                        "a": 2481,
                        "w": 1172,
                        "l": 797
                    },
                    "casual": {
                        "k": 92,
                        "d": 43,
                        "a": 5,
                        "w": 615,
                        "l": 153
                    },
                    "custom": {
                        "k": 112,
                        "d": 119,
                        "a": 15,
                        "w": 0,
                        "l": 0
                    }
                },
                {
                    "season": 3,
                    "ranked": {
                        "k": 12899,
                        "d": 9380,
                        "a": 1203,
                        "w": 452,
                        "l": 283
                    },
                    "casual": {
                        "k": 27095,
                        "d": 10157,
                        "a": 1519,
                        "w": 371,
                        "l": 103
                    },
                    "custom": {
                        "k": 12087,
                        "d": 9045,
                        "a": 741,
                        "w": 0,
                        "l": 0
                    }
                },
                {
                    "season": 4,
                    "ranked": {
                        "k": 4234,
                        "d": 3351,
                        "a": 407,
                        "w": 154,
                        "l": 102
                    },
                    "casual": {
                        "k": 12570,
                        "d": 4787,
                        "a": 758,
                        "w": 159,
                        "l": 18
                    },
                    "custom": {
                        "k": 11076,
                        "d": 9427,
                        "a": 756,
                        "w": 0,
                        "l": 0
                    }
                },
                {
                    "season": 5,
                    "ranked": {
                        "k": 1288,
                        "d": 970,
                        "a": 117,
                        "w": 56,
                        "l": 20
                    },
                    "casual": {
                        "k": 4740,
                        "d": 1658,
                        "a": 256,
                        "w": 79,
                        "l": 7
                    },
                    "custom": {
                        "k": 3697,
                        "d": 3210,
                        "a": 269,
                        "w": 0,
                        "l": 0
                    }
                },
                {
                    "season": 6,
                    "ranked": {
                        "k": 856,
                        "d": 670,
                        "a": 121,
                        "w": 46,
                        "l": 13
                    },
                    "casual": {
                        "k": 1022,
                        "d": 429,
                        "a": 54,
                        "w": 6,
                        "l": 0
                    },
                    "custom": {
                        "k": 1349,
                        "d": 1353,
                        "a": 164,
                        "w": 0,
                        "l": 0
                    }
                }
            ],
            "ranked": {
                "placement_matches_left": 0,
                "highest_rank": 9,
                "rating": 2183,
                "global_position": 210,
                "rank": 9
            }
        },
        "ban": null,
        "reports": [],
        "clan": {
            "basicInfo": {
                "name": "X Quadrant",
                "tag": "xQ"
            },
            "id": 83,
            "memberRank": 10
        }
    }
]