[
    {
        "basicInfo": {
            "userID": 35492773,
            "name": "Safari",
            "userType": 1,
            "iconID": 255,
            "level": 1312
        },
        "userSettings": {
            "blockFriendRequests": false,
            "block_clan_requests": false,
            "equipped_emblem": 255
        },
        "friendStatus": 0,
        "stats": {
            "seasonal_stats": [
                {
                    "season": 0,
                    "ranked": {
                        "k": 22646,
                        "d": 18784,
                        "a": 2975,
                        "w": 1225,
                        "l": 743
                    },
                    "casual": {
                        "k": 0,
                        "d": 0,
                        "a": 0,
                        "w": 1,
                        "l": 0
                    },
                    "custom": {
                        "k": 120212,
                        "d": 44111,
                        "a": 7650,
                        "w": 0,
                        "l": 0
                    }
                },
                {
                    "season": 1,
                    "ranked": {
                        "k": 3733,
                        "d": 2947,
                        "a": 440,
                        "w": 186,
                        "l": 127
                    },
                    "casual": {
                        "k": 0,
                        "d": 0,
                        "a": 0,
                        "w": 447,
                        "l": 139
                    },
                    "custom": {
                        "k": 0,
                        "d": 0,
                        "a": 0,
                        "w": 0,
                        "l": 0
                    }
                },
                {
                    "season": 2,
                    "ranked": {
                        "k": 7467,
                        "d": 6297,
                        "a": 1105,
                        "w": 419,
                        "l": 240
                    },
                    "casual": {
                        "k": 27,
                        "d": 10,
                        "a": 2,
                        "w": 1014,
                        "l": 299
                    },
                    "custom": {
                        "k": 0,
                        "d": 0,
                        "a": 0,
                        "w": 0,
                        "l": 0
                    }
                },
                {
                    "season": 3,
                    "ranked": {
                        "k": 4453,
                        "d": 3219,
                        "a": 608,
                        "w": 225,
                        "l": 39
                    },
                    "casual": {
                        "k": 24487,
                        "d": 9079,
                        "a": 1991,
                        "w": 1745,
                        "l": 409
                    },
                    "custom": {
                        "k": 84158,
                        "d": 26795,
                        "a": 230,
                        "w": 0,
                        "l": 0
                    }
                },
                {
                    "season": 4,
                    "ranked": {
                        "k": 286,
                        "d": 207,
                        "a": 33,
                        "w": 12,
                        "l": 4
                    },
                    "casual": {
                        "k": 15576,
                        "d": 5639,
                        "a": 1212,
                        "w": 699,
                        "l": 111
                    },
                    "custom": {
                        "k": 5046,
                        "d": 4520,
                        "a": 562,
                        "w": 0,
                        "l": 0
                    }
                },
                {
                    "season": 5,
                    "ranked": {
                        "k": 2413,
                        "d": 1704,
                        "a": 354,
                        "w": 150,
                        "l": 13
                    },
                    "casual": {
                        "k": 12360,
                        "d": 4608,
                        "a": 1053,
                        "w": 386,
                        "l": 69
                    },
                    "custom": {
                        "k": 5115,
                        "d": 4131,
                        "a": 249,
                        "w": 0,
                        "l": 0
                    }
                },
                {
                    "season": 6,
                    "ranked": {
                        "k": 1453,
                        "d": 919,
                        "a": 224,
                        "w": 75,
                        "l": 9
                    },
                    "casual": {
                        "k": 5468,
                        "d": 2064,
                        "a": 476,
                        "w": 166,
                        "l": 29
                    },
                    "custom": {
                        "k": 2062,
                        "d": 1764,
                        "a": 189,
                        "w": 0,
                        "l": 0
                    }
                }
            ],
            "ranked": {
                "placement_matches_left": 0,
                "highest_rank": 9,
                "rating": 2440,
                "global_position": 2,
                "rank": 9
            }
        },
        "ban": null,
        "reports": [],
        "clan": {
            "basicInfo": {
                "name": "CsPRoGaMeRZ",
                "tag": "CsPG"
            },
            "id": 11,
            "memberRank": 10
        }
    }
]