[
    {
        "basicInfo": {
            "userID": 159158868,
            "name": "Sandora",
            "userType": 1,
            "iconID": 305,
            "level": 391
        },
        "userSettings": {
            "blockFriendRequests": true,
            "block_clan_requests": false,
            "equipped_emblem": 305
        },
        "friendStatus": 0,
        "stats": {
            "seasonal_stats": [
                {
                    "season": 0,
                    "ranked": {
                        "k": 96,
                        "d": 91,
                        "a": 0,
                        "w": 5,
                        "l": 4
                    },
                    "casual": {
                        "k": 0,
                        "d": 0,
                        "a": 0,
                        "w": 0,
                        "l": 0
                    },
                    "custom": {
                        "k": 12777,
                        "d": 8972,
                        "a": 1342,
                        "w": 0,
                        "l": 0
                    }
                },
                {
                    "season": 1,
                    "ranked": {
                        "k": 0,
                        "d": 0,
                        "a": 0,
                        "w": 0,
                        "l": 0
                    },
                    "casual": {
                        "k": 0,
                        "d": 0,
                        "a": 0,
                        "w": 0,
                        "l": 0
                    },
                    "custom": {
                        "k": 0,
                        "d": 0,
                        "a": 0,
                        "w": 0,
                        "l": 0
                    }
                },
                {
                    "season": 2,
                    "ranked": {
                        "k": 2486,
                        "d": 2283,
                        "a": 321,
                        "w": 129,
                        "l": 112
                    },
                    "casual": {
                        "k": 0,
                        "d": 0,
                        "a": 0,
                        "w": 654,
                        "l": 410
                    },
                    "custom": {
                        "k": 102,
                        "d": 91,
                        "a": 0,
                        "w": 1,
                        "l": 1
                    }
                },
                {
                    "season": 3,
                    "ranked": {
                        "k": 330,
                        "d": 300,
                        "a": 46,
                        "w": 11,
                        "l": 12
                    },
                    "casual": {
                        "k": 4645,
                        "d": 3324,
                        "a": 616,
                        "w": 260,
                        "l": 209
                    },
                    "custom": {
                        "k": 756,
                        "d": 749,
                        "a": 5,
                        "w": 0,
                        "l": 0
                    }
                },
                {
                    "season": 4,
                    "ranked": {
                        "k": 3440,
                        "d": 2566,
                        "a": 394,
                        "w": 114,
                        "l": 66
                    },
                    "casual": {
                        "k": 7870,
                        "d": 3907,
                        "a": 752,
                        "w": 205,
                        "l": 62
                    },
                    "custom": {
                        "k": 8977,
                        "d": 7724,
                        "a": 820,
                        "w": 0,
                        "l": 0
                    }
                },
                {
                    "season": 5,
                    "ranked": {
                        "k": 1809,
                        "d": 1674,
                        "a": 271,
                        "w": 56,
                        "l": 47
                    },
                    "casual": {
                        "k": 7734,
                        "d": 3016,
                        "a": 542,
                        "w": 21,
                        "l": 11
                    },
                    "custom": {
                        "k": 6173,
                        "d": 6086,
                        "a": 548,
                        "w": 0,
                        "l": 0
                    }
                },
                {
                    "season": 6,
                    "ranked": {
                        "k": 1552,
                        "d": 1060,
                        "a": 218,
                        "w": 60,
                        "l": 18
                    },
                    "casual": {
                        "k": 4045,
                        "d": 1431,
                        "a": 285,
                        "w": 17,
                        "l": 5
                    },
                    "custom": {
                        "k": 2620,
                        "d": 2546,
                        "a": 274,
                        "w": 0,
                        "l": 0
                    }
                }
            ],
            "ranked": {
                "placement_matches_left": 0,
                "highest_rank": 9,
                "rating": 2237,
                "global_position": 96,
                "rank": 9
            }
        },
        "ban": null,
        "reports": [],
        "clan": {
            "basicInfo": {
                "name": "Monarchyyy",
                "tag": "MNCY"
            },
            "id": 68453,
            "memberRank": 10
        }
    }
]