[
    {
        "basicInfo": {
            "userID": 156825824,
            "name": "Sematic",
            "userType": 1,
            "iconID": 277,
            "level": 153
        },
        "userSettings": {
            "blockFriendRequests": false,
            "block_clan_requests": false,
            "equipped_emblem": 277
        },
        "friendStatus": 0,
        "stats": {
            "seasonal_stats": [
                {
                    "season": 0,
                    "ranked": {
                        "k": 0,
                        "d": 0,
                        "a": 0,
                        "w": 0,
                        "l": 0
                    },
                    "casual": {
                        "k": 0,
                        "d": 0,
                        "a": 0,
                        "w": 0,
                        "l": 0
                    },
                    "custom": {
                        "k": 11852,
                        "d": 6664,
                        "a": 805,
                        "w": 0,
                        "l": 0
                    }
                },
                {
                    "season": 1,
                    "ranked": {
                        "k": 0,
                        "d": 0,
                        "a": 0,
                        "w": 0,
                        "l": 0
                    },
                    "casual": {
                        "k": 0,
                        "d": 0,
                        "a": 0,
                        "w": 0,
                        "l": 0
                    },
                    "custom": {
                        "k": 0,
                        "d": 0,
                        "a": 0,
                        "w": 0,
                        "l": 0
                    }
                },
                {
                    "season": 2,
                    "ranked": {
                        "k": 3412,
                        "d": 2816,
                        "a": 443,
                        "w": 158,
                        "l": 130
                    },
                    "casual": {
                        "k": 0,
                        "d": 0,
                        "a": 0,
                        "w": 142,
                        "l": 45
                    },
                    "custom": {
                        "k": 0,
                        "d": 0,
                        "a": 0,
                        "w": 0,
                        "l": 0
                    }
                },
                {
                    "season": 3,
                    "ranked": {
                        "k": 388,
                        "d": 367,
                        "a": 42,
                        "w": 12,
                        "l": 12
                    },
                    "casual": {
                        "k": 1248,
                        "d": 509,
                        "a": 64,
                        "w": 21,
                        "l": 2
                    },
                    "custom": {
                        "k": 1257,
                        "d": 1243,
                        "a": 137,
                        "w": 0,
                        "l": 0
                    }
                },
                {
                    "season": 4,
                    "ranked": {
                        "k": 1747,
                        "d": 1926,
                        "a": 225,
                        "w": 67,
                        "l": 55
                    },
                    "casual": {
                        "k": 4951,
                        "d": 2473,
                        "a": 386,
                        "w": 78,
                        "l": 43
                    },
                    "custom": {
                        "k": 2121,
                        "d": 1935,
                        "a": 207,
                        "w": 0,
                        "l": 0
                    }
                },
                {
                    "season": 5,
                    "ranked": {
                        "k": 929,
                        "d": 880,
                        "a": 132,
                        "w": 32,
                        "l": 26
                    },
                    "casual": {
                        "k": 2087,
                        "d": 983,
                        "a": 148,
                        "w": 19,
                        "l": 7
                    },
                    "custom": {
                        "k": 949,
                        "d": 997,
                        "a": 76,
                        "w": 0,
                        "l": 0
                    }
                },
                {
                    "season": 6,
                    "ranked": {
                        "k": 742,
                        "d": 563,
                        "a": 112,
                        "w": 38,
                        "l": 10
                    },
                    "casual": {
                        "k": 176,
                        "d": 51,
                        "a": 17,
                        "w": 0,
                        "l": 1
                    },
                    "custom": {
                        "k": 52,
                        "d": 61,
                        "a": 0,
                        "w": 0,
                        "l": 0
                    }
                }
            ],
            "ranked": {
                "placement_matches_left": 0,
                "highest_rank": 9,
                "rating": 2172,
                "global_position": 235,
                "rank": 9
            }
        },
        "ban": null,
        "reports": []
    }
]