[
    {
        "basicInfo": {
            "userID": 41149241,
            "name": "Senzor",
            "userType": 1,
            "iconID": 246,
            "level": 148
        },
        "userSettings": {
            "blockFriendRequests": false,
            "block_clan_requests": false,
            "equipped_emblem": 246
        },
        "friendStatus": 0,
        "stats": {
            "seasonal_stats": [
                {
                    "season": 0,
                    "ranked": {
                        "k": 24250,
                        "d": 12962,
                        "a": 2587,
                        "w": 937,
                        "l": 652
                    },
                    "casual": {
                        "k": 0,
                        "d": 0,
                        "a": 0,
                        "w": 0,
                        "l": 0
                    },
                    "custom": {
                        "k": 73645,
                        "d": 43794,
                        "a": 6896,
                        "w": 0,
                        "l": 0
                    }
                },
                {
                    "season": 1,
                    "ranked": {
                        "k": 3953,
                        "d": 2436,
                        "a": 401,
                        "w": 171,
                        "l": 102
                    },
                    "casual": {
                        "k": 0,
                        "d": 0,
                        "a": 0,
                        "w": 3,
                        "l": 1
                    },
                    "custom": {
                        "k": 0,
                        "d": 0,
                        "a": 0,
                        "w": 0,
                        "l": 0
                    }
                },
                {
                    "season": 2,
                    "ranked": {
                        "k": 2271,
                        "d": 1775,
                        "a": 286,
                        "w": 92,
                        "l": 81
                    },
                    "casual": {
                        "k": 0,
                        "d": 0,
                        "a": 0,
                        "w": 0,
                        "l": 0
                    },
                    "custom": {
                        "k": 119,
                        "d": 97,
                        "a": 31,
                        "w": 0,
                        "l": 0
                    }
                },
                {
                    "season": 3,
                    "ranked": {
                        "k": 2303,
                        "d": 1763,
                        "a": 245,
                        "w": 83,
                        "l": 41
                    },
                    "casual": {
                        "k": 1714,
                        "d": 606,
                        "a": 133,
                        "w": 41,
                        "l": 14
                    },
                    "custom": {
                        "k": 1801,
                        "d": 1611,
                        "a": 206,
                        "w": 0,
                        "l": 0
                    }
                },
                {
                    "season": 4,
                    "ranked": {
                        "k": 637,
                        "d": 574,
                        "a": 76,
                        "w": 34,
                        "l": 8
                    },
                    "casual": {
                        "k": 2990,
                        "d": 1069,
                        "a": 248,
                        "w": 56,
                        "l": 5
                    },
                    "custom": {
                        "k": 120,
                        "d": 99,
                        "a": 16,
                        "w": 0,
                        "l": 0
                    }
                },
                {
                    "season": 5,
                    "ranked": {
                        "k": 549,
                        "d": 398,
                        "a": 74,
                        "w": 28,
                        "l": 3
                    },
                    "casual": {
                        "k": 795,
                        "d": 367,
                        "a": 66,
                        "w": 6,
                        "l": 3
                    },
                    "custom": {
                        "k": 193,
                        "d": 176,
                        "a": 16,
                        "w": 0,
                        "l": 0
                    }
                },
                {
                    "season": 6,
                    "ranked": {
                        "k": 1217,
                        "d": 894,
                        "a": 151,
                        "w": 63,
                        "l": 8
                    },
                    "casual": {
                        "k": 1080,
                        "d": 452,
                        "a": 73,
                        "w": 8,
                        "l": 4
                    },
                    "custom": {
                        "k": 267,
                        "d": 262,
                        "a": 27,
                        "w": 0,
                        "l": 0
                    }
                }
            ],
            "ranked": {
                "placement_matches_left": 0,
                "highest_rank": 9,
                "rating": 2377,
                "global_position": 15,
                "rank": 9
            }
        },
        "ban": null,
        "reports": []
    }
]