[
    {
        "basicInfo": {
            "userID": 137779296,
            "name": "sfs",
            "userType": 1,
            "iconID": 191,
            "level": 223
        },
        "userSettings": {
            "blockFriendRequests": false,
            "block_clan_requests": false,
            "equipped_emblem": 191
        },
        "friendStatus": 0,
        "stats": {
            "seasonal_stats": [
                {
                    "season": 0,
                    "ranked": {
                        "k": 826,
                        "d": 859,
                        "a": 111,
                        "w": 41,
                        "l": 41
                    },
                    "casual": {
                        "k": 0,
                        "d": 0,
                        "a": 0,
                        "w": 0,
                        "l": 0
                    },
                    "custom": {
                        "k": 24944,
                        "d": 16748,
                        "a": 2133,
                        "w": 0,
                        "l": 0
                    }
                },
                {
                    "season": 1,
                    "ranked": {
                        "k": 705,
                        "d": 693,
                        "a": 90,
                        "w": 34,
                        "l": 34
                    },
                    "casual": {
                        "k": 0,
                        "d": 0,
                        "a": 0,
                        "w": 393,
                        "l": 166
                    },
                    "custom": {
                        "k": 0,
                        "d": 0,
                        "a": 0,
                        "w": 0,
                        "l": 0
                    }
                },
                {
                    "season": 2,
                    "ranked": {
                        "k": 2122,
                        "d": 2277,
                        "a": 313,
                        "w": 109,
                        "l": 110
                    },
                    "casual": {
                        "k": 0,
                        "d": 0,
                        "a": 0,
                        "w": 157,
                        "l": 62
                    },
                    "custom": {
                        "k": 0,
                        "d": 0,
                        "a": 0,
                        "w": 0,
                        "l": 0
                    }
                },
                {
                    "season": 3,
                    "ranked": {
                        "k": 3147,
                        "d": 3140,
                        "a": 402,
                        "w": 102,
                        "l": 107
                    },
                    "casual": {
                        "k": 3249,
                        "d": 2068,
                        "a": 281,
                        "w": 193,
                        "l": 68
                    },
                    "custom": {
                        "k": 3945,
                        "d": 3484,
                        "a": 115,
                        "w": 0,
                        "l": 0
                    }
                },
                {
                    "season": 4,
                    "ranked": {
                        "k": 2005,
                        "d": 1514,
                        "a": 205,
                        "w": 61,
                        "l": 47
                    },
                    "casual": {
                        "k": 993,
                        "d": 562,
                        "a": 81,
                        "w": 8,
                        "l": 2
                    },
                    "custom": {
                        "k": 2816,
                        "d": 2287,
                        "a": 49,
                        "w": 0,
                        "l": 0
                    }
                },
                {
                    "season": 5,
                    "ranked": {
                        "k": 2128,
                        "d": 1314,
                        "a": 205,
                        "w": 99,
                        "l": 21
                    },
                    "casual": {
                        "k": 76,
                        "d": 35,
                        "a": 9,
                        "w": 0,
                        "l": 0
                    },
                    "custom": {
                        "k": 908,
                        "d": 854,
                        "a": 112,
                        "w": 0,
                        "l": 0
                    }
                },
                {
                    "season": 6,
                    "ranked": {
                        "k": 231,
                        "d": 165,
                        "a": 36,
                        "w": 16,
                        "l": 0
                    },
                    "casual": {
                        "k": 19,
                        "d": 7,
                        "a": 1,
                        "w": 0,
                        "l": 0
                    },
                    "custom": {
                        "k": 117,
                        "d": 141,
                        "a": 7,
                        "w": 0,
                        "l": 0
                    }
                }
            ],
            "ranked": {
                "placement_matches_left": 0,
                "highest_rank": 9,
                "rating": 2331,
                "global_position": 30,
                "rank": 9
            }
        },
        "ban": null,
        "reports": [],
        "clan": {
            "basicInfo": {
                "name": "Monkguins",
                "tag": "MNKG"
            },
            "id": 101321,
            "memberRank": 10
        }
    }
]