[
    {
        "basicInfo": {
            "userID": 164798577,
            "name": "Shame IOS",
            "userType": 1,
            "iconID": 302,
            "level": 80
        },
        "userSettings": {
            "blockFriendRequests": false,
            "block_clan_requests": false,
            "equipped_emblem": 302
        },
        "friendStatus": 0,
        "stats": {
            "seasonal_stats": [
                {
                    "season": 0,
                    "ranked": {
                        "k": 0,
                        "d": 0,
                        "a": 0,
                        "w": 0,
                        "l": 0
                    },
                    "casual": {
                        "k": 0,
                        "d": 0,
                        "a": 0,
                        "w": 0,
                        "l": 0
                    },
                    "custom": {
                        "k": 743,
                        "d": 667,
                        "a": 46,
                        "w": 0,
                        "l": 0
                    }
                },
                {
                    "season": 1,
                    "ranked": {
                        "k": 0,
                        "d": 0,
                        "a": 0,
                        "w": 0,
                        "l": 0
                    },
                    "casual": {
                        "k": 0,
                        "d": 0,
                        "a": 0,
                        "w": 0,
                        "l": 0
                    },
                    "custom": {
                        "k": 0,
                        "d": 0,
                        "a": 0,
                        "w": 0,
                        "l": 0
                    }
                },
                {
                    "season": 2,
                    "ranked": {
                        "k": 92,
                        "d": 57,
                        "a": 12,
                        "w": 7,
                        "l": 1
                    },
                    "casual": {
                        "k": 0,
                        "d": 0,
                        "a": 0,
                        "w": 23,
                        "l": 9
                    },
                    "custom": {
                        "k": 0,
                        "d": 0,
                        "a": 0,
                        "w": 0,
                        "l": 0
                    }
                },
                {
                    "season": 3,
                    "ranked": {
                        "k": 0,
                        "d": 0,
                        "a": 0,
                        "w": 0,
                        "l": 0
                    },
                    "casual": {
                        "k": 303,
                        "d": 96,
                        "a": 15,
                        "w": 11,
                        "l": 0
                    },
                    "custom": {
                        "k": 828,
                        "d": 61,
                        "a": 0,
                        "w": 0,
                        "l": 0
                    }
                },
                {
                    "season": 4,
                    "ranked": {
                        "k": 3454,
                        "d": 2124,
                        "a": 335,
                        "w": 99,
                        "l": 68
                    },
                    "casual": {
                        "k": 3254,
                        "d": 1024,
                        "a": 227,
                        "w": 21,
                        "l": 7
                    },
                    "custom": {
                        "k": 1646,
                        "d": 815,
                        "a": 93,
                        "w": 0,
                        "l": 0
                    }
                },
                {
                    "season": 5,
                    "ranked": {
                        "k": 1326,
                        "d": 1127,
                        "a": 166,
                        "w": 50,
                        "l": 30
                    },
                    "casual": {
                        "k": 2755,
                        "d": 865,
                        "a": 186,
                        "w": 31,
                        "l": 8
                    },
                    "custom": {
                        "k": 2291,
                        "d": 1491,
                        "a": 219,
                        "w": 0,
                        "l": 0
                    }
                },
                {
                    "season": 6,
                    "ranked": {
                        "k": 389,
                        "d": 299,
                        "a": 41,
                        "w": 21,
                        "l": 4
                    },
                    "casual": {
                        "k": 1119,
                        "d": 313,
                        "a": 71,
                        "w": 13,
                        "l": 1
                    },
                    "custom": {
                        "k": 462,
                        "d": 241,
                        "a": 32,
                        "w": 0,
                        "l": 0
                    }
                }
            ],
            "ranked": {
                "placement_matches_left": 0,
                "highest_rank": 9,
                "rating": 2168,
                "global_position": 241,
                "rank": 9
            }
        },
        "ban": null,
        "reports": [],
        "clan": {
            "basicInfo": {
                "name": "Mom esports",
                "tag": "Sexe"
            },
            "id": 101935,
            "memberRank": 10
        }
    }
]