[
    {
        "basicInfo": {
            "userID": 38615371,
            "name": "Shh",
            "userType": 1,
            "iconID": 35,
            "level": 344
        },
        "userSettings": {
            "blockFriendRequests": false,
            "block_clan_requests": false,
            "equipped_emblem": 317
        },
        "friendStatus": 0,
        "stats": {
            "seasonal_stats": [
                {
                    "season": 0,
                    "ranked": {
                        "k": 9771,
                        "d": 6016,
                        "a": 993,
                        "w": 453,
                        "l": 257
                    },
                    "casual": {
                        "k": 0,
                        "d": 0,
                        "a": 0,
                        "w": 1,
                        "l": 0
                    },
                    "custom": {
                        "k": 73513,
                        "d": 34915,
                        "a": 4921,
                        "w": 0,
                        "l": 0
                    }
                },
                {
                    "season": 1,
                    "ranked": {
                        "k": 5171,
                        "d": 3169,
                        "a": 515,
                        "w": 275,
                        "l": 119
                    },
                    "casual": {
                        "k": 0,
                        "d": 0,
                        "a": 0,
                        "w": 194,
                        "l": 30
                    },
                    "custom": {
                        "k": 0,
                        "d": 0,
                        "a": 0,
                        "w": 0,
                        "l": 0
                    }
                },
                {
                    "season": 2,
                    "ranked": {
                        "k": 12734,
                        "d": 8582,
                        "a": 1307,
                        "w": 585,
                        "l": 357
                    },
                    "casual": {
                        "k": 0,
                        "d": 0,
                        "a": 0,
                        "w": 53,
                        "l": 21
                    },
                    "custom": {
                        "k": 182,
                        "d": 116,
                        "a": 14,
                        "w": 1,
                        "l": 1
                    }
                },
                {
                    "season": 3,
                    "ranked": {
                        "k": 1591,
                        "d": 1186,
                        "a": 173,
                        "w": 62,
                        "l": 25
                    },
                    "casual": {
                        "k": 2370,
                        "d": 870,
                        "a": 219,
                        "w": 36,
                        "l": 10
                    },
                    "custom": {
                        "k": 8975,
                        "d": 5415,
                        "a": 685,
                        "w": 0,
                        "l": 0
                    }
                },
                {
                    "season": 4,
                    "ranked": {
                        "k": 411,
                        "d": 358,
                        "a": 60,
                        "w": 15,
                        "l": 12
                    },
                    "casual": {
                        "k": 490,
                        "d": 200,
                        "a": 26,
                        "w": 7,
                        "l": 1
                    },
                    "custom": {
                        "k": 299,
                        "d": 159,
                        "a": 11,
                        "w": 0,
                        "l": 0
                    }
                },
                {
                    "season": 5,
                    "ranked": {
                        "k": 2162,
                        "d": 1956,
                        "a": 319,
                        "w": 75,
                        "l": 60
                    },
                    "casual": {
                        "k": 665,
                        "d": 256,
                        "a": 64,
                        "w": 10,
                        "l": 2
                    },
                    "custom": {
                        "k": 257,
                        "d": 150,
                        "a": 11,
                        "w": 0,
                        "l": 0
                    }
                },
                {
                    "season": 6,
                    "ranked": {
                        "k": 2870,
                        "d": 2352,
                        "a": 414,
                        "w": 147,
                        "l": 37
                    },
                    "casual": {
                        "k": 5412,
                        "d": 2070,
                        "a": 355,
                        "w": 53,
                        "l": 11
                    },
                    "custom": {
                        "k": 117,
                        "d": 111,
                        "a": 1,
                        "w": 0,
                        "l": 0
                    }
                }
            ],
            "ranked": {
                "placement_matches_left": 0,
                "highest_rank": 9,
                "rating": 2274,
                "rank": 8
            }
        },
        "ban": {
            "Type": 1,
            "SecondsLeft": 168806
        },
        "reports": []
    }
]