[
    {
        "basicInfo": {
            "userID": 99136414,
            "name": "Sike",
            "userType": 1,
            "iconID": 16,
            "level": 484
        },
        "userSettings": {
            "blockFriendRequests": false,
            "block_clan_requests": false,
            "equipped_emblem": 16
        },
        "friendStatus": 0,
        "stats": {
            "seasonal_stats": [
                {
                    "season": 0,
                    "ranked": {
                        "k": 10579,
                        "d": 7194,
                        "a": 914,
                        "w": 477,
                        "l": 419
                    },
                    "casual": {
                        "k": 0,
                        "d": 0,
                        "a": 0,
                        "w": 0,
                        "l": 0
                    },
                    "custom": {
                        "k": 35901,
                        "d": 20953,
                        "a": 3043,
                        "w": 0,
                        "l": 0
                    }
                },
                {
                    "season": 1,
                    "ranked": {
                        "k": 549,
                        "d": 488,
                        "a": 74,
                        "w": 27,
                        "l": 26
                    },
                    "casual": {
                        "k": 0,
                        "d": 0,
                        "a": 0,
                        "w": 53,
                        "l": 38
                    },
                    "custom": {
                        "k": 0,
                        "d": 0,
                        "a": 0,
                        "w": 0,
                        "l": 0
                    }
                },
                {
                    "season": 2,
                    "ranked": {
                        "k": 12249,
                        "d": 11524,
                        "a": 1654,
                        "w": 640,
                        "l": 560
                    },
                    "casual": {
                        "k": 224,
                        "d": 117,
                        "a": 22,
                        "w": 501,
                        "l": 145
                    },
                    "custom": {
                        "k": 136,
                        "d": 37,
                        "a": 4,
                        "w": 0,
                        "l": 0
                    }
                },
                {
                    "season": 3,
                    "ranked": {
                        "k": 9308,
                        "d": 7725,
                        "a": 1160,
                        "w": 331,
                        "l": 202
                    },
                    "casual": {
                        "k": 8514,
                        "d": 4465,
                        "a": 763,
                        "w": 211,
                        "l": 46
                    },
                    "custom": {
                        "k": 7101,
                        "d": 517,
                        "a": 44,
                        "w": 0,
                        "l": 0
                    }
                },
                {
                    "season": 4,
                    "ranked": {
                        "k": 602,
                        "d": 690,
                        "a": 71,
                        "w": 39,
                        "l": 10
                    },
                    "casual": {
                        "k": 2255,
                        "d": 1328,
                        "a": 225,
                        "w": 69,
                        "l": 20
                    },
                    "custom": {
                        "k": 1085,
                        "d": 162,
                        "a": 17,
                        "w": 0,
                        "l": 0
                    }
                },
                {
                    "season": 5,
                    "ranked": {
                        "k": 591,
                        "d": 490,
                        "a": 98,
                        "w": 31,
                        "l": 6
                    },
                    "casual": {
                        "k": 483,
                        "d": 346,
                        "a": 52,
                        "w": 11,
                        "l": 4
                    },
                    "custom": {
                        "k": 11,
                        "d": 8,
                        "a": 0,
                        "w": 0,
                        "l": 0
                    }
                },
                {
                    "season": 6,
                    "ranked": {
                        "k": 224,
                        "d": 185,
                        "a": 33,
                        "w": 12,
                        "l": 2
                    },
                    "casual": {
                        "k": 249,
                        "d": 130,
                        "a": 33,
                        "w": 8,
                        "l": 2
                    },
                    "custom": {
                        "k": 14,
                        "d": 7,
                        "a": 0,
                        "w": 0,
                        "l": 0
                    }
                }
            ],
            "ranked": {
                "placement_matches_left": 0,
                "highest_rank": 9,
                "rating": 2243,
                "global_position": 94,
                "rank": 9
            }
        },
        "ban": null,
        "reports": [],
        "clan": {
            "basicInfo": {
                "name": "Team 2 Dieu",
                "tag": "dieu"
            },
            "id": 108447,
            "memberRank": 10
        }
    }
]