[
    {
        "basicInfo": {
            "userID": 78580242,
            "name": "Siurz",
            "userType": 1,
            "iconID": 0,
            "level": 200
        },
        "userSettings": {
            "blockFriendRequests": false,
            "block_clan_requests": false,
            "equipped_emblem": 293
        },
        "friendStatus": 0,
        "stats": {
            "seasonal_stats": [
                {
                    "season": 0,
                    "ranked": {
                        "k": 1047,
                        "d": 686,
                        "a": 112,
                        "w": 0,
                        "l": 0
                    },
                    "casual": {
                        "k": 0,
                        "d": 0,
                        "a": 0,
                        "w": 0,
                        "l": 0
                    },
                    "custom": {
                        "k": 9971,
                        "d": 3596,
                        "a": 627,
                        "w": 0,
                        "l": 0
                    }
                },
                {
                    "season": 1,
                    "ranked": {
                        "k": 0,
                        "d": 0,
                        "a": 0,
                        "w": 0,
                        "l": 0
                    },
                    "casual": {
                        "k": 0,
                        "d": 0,
                        "a": 0,
                        "w": 0,
                        "l": 0
                    },
                    "custom": {
                        "k": 0,
                        "d": 0,
                        "a": 0,
                        "w": 0,
                        "l": 0
                    }
                },
                {
                    "season": 2,
                    "ranked": {
                        "k": 0,
                        "d": 0,
                        "a": 0,
                        "w": 0,
                        "l": 0
                    },
                    "casual": {
                        "k": 0,
                        "d": 0,
                        "a": 0,
                        "w": 0,
                        "l": 0
                    },
                    "custom": {
                        "k": 0,
                        "d": 0,
                        "a": 0,
                        "w": 0,
                        "l": 0
                    }
                },
                {
                    "season": 3,
                    "ranked": {
                        "k": 1943,
                        "d": 1100,
                        "a": 189,
                        "w": 62,
                        "l": 23
                    },
                    "casual": {
                        "k": 5523,
                        "d": 1733,
                        "a": 344,
                        "w": 91,
                        "l": 22
                    },
                    "custom": {
                        "k": 658,
                        "d": 511,
                        "a": 64,
                        "w": 0,
                        "l": 0
                    }
                },
                {
                    "season": 4,
                    "ranked": {
                        "k": 2499,
                        "d": 2157,
                        "a": 310,
                        "w": 92,
                        "l": 63
                    },
                    "casual": {
                        "k": 22509,
                        "d": 8019,
                        "a": 1458,
                        "w": 241,
                        "l": 54
                    },
                    "custom": {
                        "k": 6035,
                        "d": 5299,
                        "a": 686,
                        "w": 0,
                        "l": 0
                    }
                },
                {
                    "season": 5,
                    "ranked": {
                        "k": 1611,
                        "d": 1531,
                        "a": 249,
                        "w": 64,
                        "l": 42
                    },
                    "casual": {
                        "k": 11060,
                        "d": 3998,
                        "a": 718,
                        "w": 105,
                        "l": 15
                    },
                    "custom": {
                        "k": 2804,
                        "d": 2607,
                        "a": 399,
                        "w": 0,
                        "l": 0
                    }
                },
                {
                    "season": 6,
                    "ranked": {
                        "k": 695,
                        "d": 599,
                        "a": 140,
                        "w": 39,
                        "l": 9
                    },
                    "casual": {
                        "k": 587,
                        "d": 181,
                        "a": 39,
                        "w": 1,
                        "l": 1
                    },
                    "custom": {
                        "k": 184,
                        "d": 195,
                        "a": 23,
                        "w": 0,
                        "l": 0
                    }
                }
            ],
            "ranked": {
                "placement_matches_left": 0,
                "highest_rank": 9,
                "rating": 2214,
                "global_position": 134,
                "rank": 9
            }
        },
        "ban": null,
        "reports": [],
        "clan": {
            "basicInfo": {
                "name": "Team47",
                "tag": "I47"
            },
            "id": 95868,
            "memberRank": 10
        }
    }
]