[
    {
        "basicInfo": {
            "userID": 87869548,
            "name": "Slowny-",
            "userType": 1,
            "iconID": 318,
            "level": 366
        },
        "userSettings": {
            "blockFriendRequests": false,
            "block_clan_requests": false,
            "equipped_emblem": 65
        },
        "friendStatus": 0,
        "stats": {
            "seasonal_stats": [
                {
                    "season": 0,
                    "ranked": {
                        "k": 5123,
                        "d": 4497,
                        "a": 800,
                        "w": 266,
                        "l": 208
                    },
                    "casual": {
                        "k": 0,
                        "d": 0,
                        "a": 0,
                        "w": 0,
                        "l": 0
                    },
                    "custom": {
                        "k": 88711,
                        "d": 56234,
                        "a": 8249,
                        "w": 0,
                        "l": 0
                    }
                },
                {
                    "season": 1,
                    "ranked": {
                        "k": 160,
                        "d": 133,
                        "a": 27,
                        "w": 7,
                        "l": 7
                    },
                    "casual": {
                        "k": 0,
                        "d": 0,
                        "a": 0,
                        "w": 15,
                        "l": 4
                    },
                    "custom": {
                        "k": 0,
                        "d": 0,
                        "a": 0,
                        "w": 0,
                        "l": 0
                    }
                },
                {
                    "season": 2,
                    "ranked": {
                        "k": 7938,
                        "d": 6848,
                        "a": 982,
                        "w": 410,
                        "l": 320
                    },
                    "casual": {
                        "k": 0,
                        "d": 0,
                        "a": 0,
                        "w": 151,
                        "l": 101
                    },
                    "custom": {
                        "k": 0,
                        "d": 0,
                        "a": 0,
                        "w": 0,
                        "l": 0
                    }
                },
                {
                    "season": 3,
                    "ranked": {
                        "k": 1119,
                        "d": 1094,
                        "a": 142,
                        "w": 40,
                        "l": 34
                    },
                    "casual": {
                        "k": 5117,
                        "d": 2536,
                        "a": 504,
                        "w": 103,
                        "l": 48
                    },
                    "custom": {
                        "k": 1221,
                        "d": 1059,
                        "a": 153,
                        "w": 0,
                        "l": 0
                    }
                },
                {
                    "season": 4,
                    "ranked": {
                        "k": 7525,
                        "d": 6677,
                        "a": 935,
                        "w": 284,
                        "l": 181
                    },
                    "casual": {
                        "k": 3013,
                        "d": 1479,
                        "a": 236,
                        "w": 29,
                        "l": 12
                    },
                    "custom": {
                        "k": 7805,
                        "d": 7236,
                        "a": 1049,
                        "w": 0,
                        "l": 0
                    }
                },
                {
                    "season": 5,
                    "ranked": {
                        "k": 5957,
                        "d": 3965,
                        "a": 752,
                        "w": 256,
                        "l": 54
                    },
                    "casual": {
                        "k": 1424,
                        "d": 599,
                        "a": 105,
                        "w": 12,
                        "l": 4
                    },
                    "custom": {
                        "k": 6233,
                        "d": 4840,
                        "a": 607,
                        "w": 0,
                        "l": 0
                    }
                },
                {
                    "season": 6,
                    "ranked": {
                        "k": 2671,
                        "d": 1783,
                        "a": 357,
                        "w": 119,
                        "l": 19
                    },
                    "casual": {
                        "k": 49,
                        "d": 22,
                        "a": 2,
                        "w": 0,
                        "l": 0
                    },
                    "custom": {
                        "k": 1095,
                        "d": 836,
                        "a": 92,
                        "w": 0,
                        "l": 0
                    }
                }
            ],
            "ranked": {
                "placement_matches_left": 0,
                "highest_rank": 9,
                "rating": 2208,
                "global_position": 146,
                "rank": 9
            }
        },
        "ban": null,
        "reports": [],
        "clan": {
            "basicInfo": {
                "name": "CsPRoGaMeRZ",
                "tag": "CsPG"
            },
            "id": 11,
            "memberRank": 10
        }
    }
]