[
    {
        "basicInfo": {
            "userID": 176936270,
            "name": "snzr",
            "userType": 1,
            "iconID": 243,
            "level": 177
        },
        "userSettings": {
            "blockFriendRequests": false,
            "block_clan_requests": false,
            "equipped_emblem": 243
        },
        "friendStatus": 0,
        "stats": {
            "seasonal_stats": [
                {
                    "season": 0,
                    "ranked": {
                        "k": 0,
                        "d": 0,
                        "a": 0,
                        "w": 0,
                        "l": 0
                    },
                    "casual": {
                        "k": 0,
                        "d": 0,
                        "a": 0,
                        "w": 0,
                        "l": 0
                    },
                    "custom": {
                        "k": 2,
                        "d": 1,
                        "a": 0,
                        "w": 0,
                        "l": 0
                    }
                },
                {
                    "season": 1,
                    "ranked": {
                        "k": 0,
                        "d": 0,
                        "a": 0,
                        "w": 0,
                        "l": 0
                    },
                    "casual": {
                        "k": 0,
                        "d": 0,
                        "a": 0,
                        "w": 0,
                        "l": 0
                    },
                    "custom": {
                        "k": 0,
                        "d": 0,
                        "a": 0,
                        "w": 0,
                        "l": 0
                    }
                },
                {
                    "season": 2,
                    "ranked": {
                        "k": 0,
                        "d": 0,
                        "a": 0,
                        "w": 0,
                        "l": 0
                    },
                    "casual": {
                        "k": 0,
                        "d": 0,
                        "a": 0,
                        "w": 0,
                        "l": 0
                    },
                    "custom": {
                        "k": 0,
                        "d": 0,
                        "a": 0,
                        "w": 0,
                        "l": 0
                    }
                },
                {
                    "season": 3,
                    "ranked": {
                        "k": 1180,
                        "d": 1356,
                        "a": 154,
                        "w": 42,
                        "l": 44
                    },
                    "casual": {
                        "k": 5241,
                        "d": 4304,
                        "a": 635,
                        "w": 153,
                        "l": 148
                    },
                    "custom": {
                        "k": 2740,
                        "d": 2817,
                        "a": 49,
                        "w": 0,
                        "l": 0
                    }
                },
                {
                    "season": 4,
                    "ranked": {
                        "k": 3937,
                        "d": 2605,
                        "a": 435,
                        "w": 133,
                        "l": 61
                    },
                    "casual": {
                        "k": 3610,
                        "d": 3109,
                        "a": 451,
                        "w": 130,
                        "l": 81
                    },
                    "custom": {
                        "k": 3000,
                        "d": 2451,
                        "a": 113,
                        "w": 0,
                        "l": 0
                    }
                },
                {
                    "season": 5,
                    "ranked": {
                        "k": 2085,
                        "d": 1608,
                        "a": 239,
                        "w": 63,
                        "l": 45
                    },
                    "casual": {
                        "k": 695,
                        "d": 295,
                        "a": 54,
                        "w": 5,
                        "l": 0
                    },
                    "custom": {
                        "k": 74,
                        "d": 69,
                        "a": 9,
                        "w": 0,
                        "l": 0
                    }
                },
                {
                    "season": 6,
                    "ranked": {
                        "k": 990,
                        "d": 760,
                        "a": 135,
                        "w": 44,
                        "l": 14
                    },
                    "casual": {
                        "k": 436,
                        "d": 187,
                        "a": 33,
                        "w": 5,
                        "l": 2
                    },
                    "custom": {
                        "k": 118,
                        "d": 88,
                        "a": 9,
                        "w": 0,
                        "l": 0
                    }
                }
            ],
            "ranked": {
                "placement_matches_left": 0,
                "highest_rank": 9,
                "rating": 2205,
                "global_position": 155,
                "rank": 9
            }
        },
        "ban": null,
        "reports": [],
        "clan": {
            "basicInfo": {
                "name": "Team Amplified",
                "tag": "AMP"
            },
            "id": 11874,
            "memberRank": 10
        }
    }
]