[
    {
        "basicInfo": {
            "userID": 179091904,
            "name": "SomeThing",
            "userType": 1,
            "iconID": 272,
            "level": 38
        },
        "userSettings": {
            "blockFriendRequests": false,
            "block_clan_requests": false,
            "equipped_emblem": 272
        },
        "friendStatus": 0,
        "stats": {
            "seasonal_stats": [
                {
                    "season": 0,
                    "ranked": {
                        "k": 0,
                        "d": 0,
                        "a": 0,
                        "w": 0,
                        "l": 0
                    },
                    "casual": {
                        "k": 0,
                        "d": 0,
                        "a": 0,
                        "w": 0,
                        "l": 0
                    },
                    "custom": {
                        "k": 64,
                        "d": 13,
                        "a": 5,
                        "w": 0,
                        "l": 0
                    }
                },
                {
                    "season": 1,
                    "ranked": {
                        "k": 0,
                        "d": 0,
                        "a": 0,
                        "w": 0,
                        "l": 0
                    },
                    "casual": {
                        "k": 0,
                        "d": 0,
                        "a": 0,
                        "w": 0,
                        "l": 0
                    },
                    "custom": {
                        "k": 0,
                        "d": 0,
                        "a": 0,
                        "w": 0,
                        "l": 0
                    }
                },
                {
                    "season": 2,
                    "ranked": {
                        "k": 0,
                        "d": 0,
                        "a": 0,
                        "w": 0,
                        "l": 0
                    },
                    "casual": {
                        "k": 0,
                        "d": 0,
                        "a": 0,
                        "w": 0,
                        "l": 0
                    },
                    "custom": {
                        "k": 0,
                        "d": 0,
                        "a": 0,
                        "w": 0,
                        "l": 0
                    }
                },
                {
                    "season": 3,
                    "ranked": {
                        "k": 354,
                        "d": 193,
                        "a": 24,
                        "w": 10,
                        "l": 5
                    },
                    "casual": {
                        "k": 896,
                        "d": 510,
                        "a": 65,
                        "w": 21,
                        "l": 5
                    },
                    "custom": {
                        "k": 691,
                        "d": 404,
                        "a": 42,
                        "w": 0,
                        "l": 0
                    }
                },
                {
                    "season": 4,
                    "ranked": {
                        "k": 195,
                        "d": 105,
                        "a": 26,
                        "w": 6,
                        "l": 3
                    },
                    "casual": {
                        "k": 305,
                        "d": 143,
                        "a": 20,
                        "w": 7,
                        "l": 3
                    },
                    "custom": {
                        "k": 0,
                        "d": 0,
                        "a": 0,
                        "w": 0,
                        "l": 0
                    }
                },
                {
                    "season": 5,
                    "ranked": {
                        "k": 463,
                        "d": 314,
                        "a": 53,
                        "w": 28,
                        "l": 3
                    },
                    "casual": {
                        "k": 674,
                        "d": 424,
                        "a": 55,
                        "w": 5,
                        "l": 4
                    },
                    "custom": {
                        "k": 120,
                        "d": 86,
                        "a": 4,
                        "w": 0,
                        "l": 0
                    }
                },
                {
                    "season": 6,
                    "ranked": {
                        "k": 182,
                        "d": 139,
                        "a": 16,
                        "w": 12,
                        "l": 0
                    },
                    "casual": {
                        "k": 87,
                        "d": 53,
                        "a": 11,
                        "w": 0,
                        "l": 1
                    },
                    "custom": {
                        "k": 120,
                        "d": 117,
                        "a": 0,
                        "w": 0,
                        "l": 0
                    }
                }
            ],
            "ranked": {
                "placement_matches_left": 0,
                "highest_rank": 9,
                "rating": 2211,
                "global_position": 140,
                "rank": 9
            }
        },
        "ban": null,
        "reports": []
    }
]