[
    {
        "basicInfo": {
            "userID": 5923281,
            "name": "SouI",
            "userType": 1,
            "iconID": 1,
            "level": 241
        },
        "userSettings": {
            "blockFriendRequests": false,
            "block_clan_requests": false,
            "equipped_emblem": 1
        },
        "friendStatus": 0,
        "stats": {
            "seasonal_stats": [
                {
                    "season": 0,
                    "ranked": {
                        "k": 9299,
                        "d": 5151,
                        "a": 903,
                        "w": 453,
                        "l": 221
                    },
                    "casual": {
                        "k": 0,
                        "d": 0,
                        "a": 0,
                        "w": 0,
                        "l": 1
                    },
                    "custom": {
                        "k": 53447,
                        "d": 28938,
                        "a": 4930,
                        "w": 0,
                        "l": 0
                    }
                },
                {
                    "season": 1,
                    "ranked": {
                        "k": 3179,
                        "d": 2119,
                        "a": 298,
                        "w": 156,
                        "l": 89
                    },
                    "casual": {
                        "k": 0,
                        "d": 0,
                        "a": 0,
                        "w": 24,
                        "l": 11
                    },
                    "custom": {
                        "k": 0,
                        "d": 0,
                        "a": 0,
                        "w": 0,
                        "l": 0
                    }
                },
                {
                    "season": 2,
                    "ranked": {
                        "k": 590,
                        "d": 440,
                        "a": 76,
                        "w": 42,
                        "l": 9
                    },
                    "casual": {
                        "k": 0,
                        "d": 0,
                        "a": 0,
                        "w": 5,
                        "l": 4
                    },
                    "custom": {
                        "k": 0,
                        "d": 0,
                        "a": 0,
                        "w": 0,
                        "l": 0
                    }
                },
                {
                    "season": 3,
                    "ranked": {
                        "k": 198,
                        "d": 121,
                        "a": 10,
                        "w": 9,
                        "l": 1
                    },
                    "casual": {
                        "k": 173,
                        "d": 44,
                        "a": 10,
                        "w": 1,
                        "l": 0
                    },
                    "custom": {
                        "k": 52,
                        "d": 53,
                        "a": 7,
                        "w": 0,
                        "l": 0
                    }
                },
                {
                    "season": 4,
                    "ranked": {
                        "k": 2514,
                        "d": 2137,
                        "a": 294,
                        "w": 84,
                        "l": 70
                    },
                    "casual": {
                        "k": 1554,
                        "d": 674,
                        "a": 151,
                        "w": 15,
                        "l": 1
                    },
                    "custom": {
                        "k": 1642,
                        "d": 1435,
                        "a": 171,
                        "w": 0,
                        "l": 0
                    }
                },
                {
                    "season": 5,
                    "ranked": {
                        "k": 1819,
                        "d": 1394,
                        "a": 206,
                        "w": 63,
                        "l": 39
                    },
                    "casual": {
                        "k": 385,
                        "d": 165,
                        "a": 44,
                        "w": 1,
                        "l": 0
                    },
                    "custom": {
                        "k": 200,
                        "d": 211,
                        "a": 25,
                        "w": 0,
                        "l": 0
                    }
                },
                {
                    "season": 6,
                    "ranked": {
                        "k": 575,
                        "d": 449,
                        "a": 84,
                        "w": 35,
                        "l": 5
                    },
                    "casual": {
                        "k": 232,
                        "d": 101,
                        "a": 30,
                        "w": 1,
                        "l": 0
                    },
                    "custom": {
                        "k": 80,
                        "d": 82,
                        "a": 18,
                        "w": 0,
                        "l": 0
                    }
                }
            ],
            "ranked": {
                "placement_matches_left": 0,
                "highest_rank": 9,
                "rating": 2301,
                "global_position": 44,
                "rank": 9
            }
        },
        "ban": null,
        "reports": [],
        "clan": {
            "basicInfo": {
                "name": "Team Exclusive",
                "tag": "EXCL"
            },
            "id": 33825,
            "memberRank": 10
        }
    }
]