[
    {
        "basicInfo": {
            "userID": 150059314,
            "name": "SSmult",
            "userType": 1,
            "iconID": 181,
            "level": 288
        },
        "userSettings": {
            "blockFriendRequests": false,
            "block_clan_requests": false,
            "equipped_emblem": 3
        },
        "friendStatus": 0,
        "stats": {
            "seasonal_stats": [
                {
                    "season": 0,
                    "ranked": {
                        "k": 4,
                        "d": 2,
                        "a": 0,
                        "w": 0,
                        "l": 0
                    },
                    "casual": {
                        "k": 0,
                        "d": 0,
                        "a": 0,
                        "w": 0,
                        "l": 0
                    },
                    "custom": {
                        "k": 11737,
                        "d": 6239,
                        "a": 1115,
                        "w": 0,
                        "l": 0
                    }
                },
                {
                    "season": 1,
                    "ranked": {
                        "k": 0,
                        "d": 0,
                        "a": 0,
                        "w": 0,
                        "l": 0
                    },
                    "casual": {
                        "k": 0,
                        "d": 0,
                        "a": 0,
                        "w": 2,
                        "l": 0
                    },
                    "custom": {
                        "k": 0,
                        "d": 0,
                        "a": 0,
                        "w": 0,
                        "l": 0
                    }
                },
                {
                    "season": 2,
                    "ranked": {
                        "k": 1416,
                        "d": 1126,
                        "a": 170,
                        "w": 73,
                        "l": 43
                    },
                    "casual": {
                        "k": 0,
                        "d": 0,
                        "a": 0,
                        "w": 236,
                        "l": 93
                    },
                    "custom": {
                        "k": 0,
                        "d": 0,
                        "a": 0,
                        "w": 0,
                        "l": 0
                    }
                },
                {
                    "season": 3,
                    "ranked": {
                        "k": 3129,
                        "d": 3011,
                        "a": 419,
                        "w": 118,
                        "l": 91
                    },
                    "casual": {
                        "k": 16418,
                        "d": 8094,
                        "a": 1517,
                        "w": 309,
                        "l": 120
                    },
                    "custom": {
                        "k": 1518,
                        "d": 1443,
                        "a": 163,
                        "w": 0,
                        "l": 0
                    }
                },
                {
                    "season": 4,
                    "ranked": {
                        "k": 4719,
                        "d": 4559,
                        "a": 567,
                        "w": 154,
                        "l": 142
                    },
                    "casual": {
                        "k": 16711,
                        "d": 8605,
                        "a": 1483,
                        "w": 109,
                        "l": 41
                    },
                    "custom": {
                        "k": 3760,
                        "d": 3218,
                        "a": 303,
                        "w": 0,
                        "l": 0
                    }
                },
                {
                    "season": 5,
                    "ranked": {
                        "k": 3452,
                        "d": 3263,
                        "a": 483,
                        "w": 113,
                        "l": 102
                    },
                    "casual": {
                        "k": 13412,
                        "d": 6725,
                        "a": 1220,
                        "w": 68,
                        "l": 23
                    },
                    "custom": {
                        "k": 197,
                        "d": 133,
                        "a": 17,
                        "w": 0,
                        "l": 0
                    }
                },
                {
                    "season": 6,
                    "ranked": {
                        "k": 317,
                        "d": 223,
                        "a": 48,
                        "w": 17,
                        "l": 0
                    },
                    "casual": {
                        "k": 4491,
                        "d": 2181,
                        "a": 372,
                        "w": 5,
                        "l": 5
                    },
                    "custom": {
                        "k": 527,
                        "d": 484,
                        "a": 59,
                        "w": 0,
                        "l": 0
                    }
                }
            ],
            "ranked": {
                "placement_matches_left": 0,
                "highest_rank": 9,
                "rating": 2223,
                "global_position": 120,
                "rank": 9
            }
        },
        "ban": null,
        "reports": [],
        "clan": {
            "basicInfo": {
                "name": "Evil impacto",
                "tag": "Ei"
            },
            "id": 58098,
            "memberRank": 10
        }
    }
]