[
    {
        "basicInfo": {
            "userID": 137195335,
            "name": "StarPlayer1",
            "userType": 1,
            "iconID": 255,
            "level": 690
        },
        "userSettings": {
            "blockFriendRequests": false,
            "block_clan_requests": false,
            "equipped_emblem": 255
        },
        "friendStatus": 0,
        "stats": {
            "seasonal_stats": [
                {
                    "season": 0,
                    "ranked": {
                        "k": 2295,
                        "d": 1971,
                        "a": 269,
                        "w": 115,
                        "l": 85
                    },
                    "casual": {
                        "k": 0,
                        "d": 0,
                        "a": 0,
                        "w": 1,
                        "l": 0
                    },
                    "custom": {
                        "k": 103187,
                        "d": 64122,
                        "a": 6295,
                        "w": 0,
                        "l": 0
                    }
                },
                {
                    "season": 1,
                    "ranked": {
                        "k": 10124,
                        "d": 8030,
                        "a": 1044,
                        "w": 483,
                        "l": 364
                    },
                    "casual": {
                        "k": 0,
                        "d": 0,
                        "a": 0,
                        "w": 292,
                        "l": 83
                    },
                    "custom": {
                        "k": 0,
                        "d": 0,
                        "a": 0,
                        "w": 0,
                        "l": 0
                    }
                },
                {
                    "season": 2,
                    "ranked": {
                        "k": 4680,
                        "d": 3901,
                        "a": 498,
                        "w": 242,
                        "l": 169
                    },
                    "casual": {
                        "k": 177,
                        "d": 83,
                        "a": 13,
                        "w": 237,
                        "l": 154
                    },
                    "custom": {
                        "k": 403,
                        "d": 321,
                        "a": 7,
                        "w": 0,
                        "l": 0
                    }
                },
                {
                    "season": 3,
                    "ranked": {
                        "k": 5090,
                        "d": 4449,
                        "a": 481,
                        "w": 179,
                        "l": 124
                    },
                    "casual": {
                        "k": 18508,
                        "d": 6435,
                        "a": 1189,
                        "w": 63,
                        "l": 20
                    },
                    "custom": {
                        "k": 18119,
                        "d": 14791,
                        "a": 1193,
                        "w": 0,
                        "l": 0
                    }
                },
                {
                    "season": 4,
                    "ranked": {
                        "k": 5571,
                        "d": 4614,
                        "a": 645,
                        "w": 191,
                        "l": 129
                    },
                    "casual": {
                        "k": 11883,
                        "d": 4425,
                        "a": 869,
                        "w": 70,
                        "l": 9
                    },
                    "custom": {
                        "k": 15755,
                        "d": 13313,
                        "a": 1052,
                        "w": 0,
                        "l": 0
                    }
                },
                {
                    "season": 5,
                    "ranked": {
                        "k": 5539,
                        "d": 3845,
                        "a": 629,
                        "w": 208,
                        "l": 87
                    },
                    "casual": {
                        "k": 5585,
                        "d": 2275,
                        "a": 457,
                        "w": 14,
                        "l": 3
                    },
                    "custom": {
                        "k": 8374,
                        "d": 7549,
                        "a": 667,
                        "w": 0,
                        "l": 0
                    }
                },
                {
                    "season": 6,
                    "ranked": {
                        "k": 3074,
                        "d": 1861,
                        "a": 372,
                        "w": 134,
                        "l": 22
                    },
                    "casual": {
                        "k": 4448,
                        "d": 1742,
                        "a": 328,
                        "w": 23,
                        "l": 3
                    },
                    "custom": {
                        "k": 6067,
                        "d": 4356,
                        "a": 482,
                        "w": 0,
                        "l": 0
                    }
                }
            ],
            "ranked": {
                "placement_matches_left": 0,
                "highest_rank": 9,
                "rating": 2331,
                "global_position": 31,
                "rank": 9
            }
        },
        "ban": null,
        "reports": [],
        "clan": {
            "basicInfo": {
                "name": "Monarchyyy",
                "tag": "MNCY"
            },
            "id": 68453,
            "memberRank": 10
        }
    }
]