[
    {
        "basicInfo": {
            "userID": 54599675,
            "name": "Surgez",
            "userType": 1,
            "iconID": 1,
            "level": 233
        },
        "userSettings": {
            "blockFriendRequests": false,
            "block_clan_requests": false,
            "equipped_emblem": 306
        },
        "friendStatus": 0,
        "stats": {
            "seasonal_stats": [
                {
                    "season": 0,
                    "ranked": {
                        "k": 4040,
                        "d": 2836,
                        "a": 485,
                        "w": 0,
                        "l": 176
                    },
                    "casual": {
                        "k": 6,
                        "d": 3,
                        "a": 0,
                        "w": 0,
                        "l": 0
                    },
                    "custom": {
                        "k": 58384,
                        "d": 36369,
                        "a": 5219,
                        "w": 0,
                        "l": 0
                    }
                },
                {
                    "season": 1,
                    "ranked": {
                        "k": 0,
                        "d": 0,
                        "a": 0,
                        "w": 0,
                        "l": 0
                    },
                    "casual": {
                        "k": 0,
                        "d": 0,
                        "a": 0,
                        "w": 0,
                        "l": 0
                    },
                    "custom": {
                        "k": 0,
                        "d": 0,
                        "a": 0,
                        "w": 0,
                        "l": 0
                    }
                },
                {
                    "season": 2,
                    "ranked": {
                        "k": 0,
                        "d": 0,
                        "a": 0,
                        "w": 0,
                        "l": 0
                    },
                    "casual": {
                        "k": 0,
                        "d": 0,
                        "a": 0,
                        "w": 0,
                        "l": 0
                    },
                    "custom": {
                        "k": 0,
                        "d": 0,
                        "a": 0,
                        "w": 0,
                        "l": 0
                    }
                },
                {
                    "season": 3,
                    "ranked": {
                        "k": 5839,
                        "d": 4575,
                        "a": 709,
                        "w": 229,
                        "l": 105
                    },
                    "casual": {
                        "k": 7344,
                        "d": 3720,
                        "a": 527,
                        "w": 54,
                        "l": 31
                    },
                    "custom": {
                        "k": 8591,
                        "d": 7497,
                        "a": 924,
                        "w": 0,
                        "l": 0
                    }
                },
                {
                    "season": 4,
                    "ranked": {
                        "k": 4717,
                        "d": 3258,
                        "a": 602,
                        "w": 193,
                        "l": 57
                    },
                    "casual": {
                        "k": 8911,
                        "d": 4142,
                        "a": 714,
                        "w": 40,
                        "l": 14
                    },
                    "custom": {
                        "k": 11528,
                        "d": 9171,
                        "a": 1357,
                        "w": 0,
                        "l": 0
                    }
                },
                {
                    "season": 5,
                    "ranked": {
                        "k": 3128,
                        "d": 2205,
                        "a": 430,
                        "w": 120,
                        "l": 48
                    },
                    "casual": {
                        "k": 7212,
                        "d": 3055,
                        "a": 533,
                        "w": 22,
                        "l": 6
                    },
                    "custom": {
                        "k": 4772,
                        "d": 3667,
                        "a": 624,
                        "w": 0,
                        "l": 0
                    }
                },
                {
                    "season": 6,
                    "ranked": {
                        "k": 4340,
                        "d": 2890,
                        "a": 650,
                        "w": 187,
                        "l": 40
                    },
                    "casual": {
                        "k": 7559,
                        "d": 3283,
                        "a": 585,
                        "w": 25,
                        "l": 6
                    },
                    "custom": {
                        "k": 2311,
                        "d": 1672,
                        "a": 239,
                        "w": 0,
                        "l": 0
                    }
                }
            ],
            "ranked": {
                "placement_matches_left": 0,
                "highest_rank": 9,
                "rating": 2297,
                "global_position": 45,
                "rank": 9
            }
        },
        "ban": null,
        "reports": [],
        "clan": {
            "basicInfo": {
                "name": "REIGN",
                "tag": "RGN"
            },
            "id": 4439,
            "memberRank": 10
        }
    }
]