[
    {
        "basicInfo": {
            "userID": 63954614,
            "name": "Swerd",
            "userType": 1,
            "iconID": 67,
            "level": 674
        },
        "userSettings": {
            "blockFriendRequests": true,
            "block_clan_requests": false,
            "equipped_emblem": 67
        },
        "friendStatus": 0,
        "stats": {
            "seasonal_stats": [
                {
                    "season": 0,
                    "ranked": {
                        "k": 23854,
                        "d": 23470,
                        "a": 2738,
                        "w": 1207,
                        "l": 982
                    },
                    "casual": {
                        "k": 0,
                        "d": 0,
                        "a": 0,
                        "w": 0,
                        "l": 0
                    },
                    "custom": {
                        "k": 100770,
                        "d": 53733,
                        "a": 6754,
                        "w": 0,
                        "l": 0
                    }
                },
                {
                    "season": 1,
                    "ranked": {
                        "k": 5765,
                        "d": 4673,
                        "a": 592,
                        "w": 250,
                        "l": 228
                    },
                    "casual": {
                        "k": 0,
                        "d": 0,
                        "a": 0,
                        "w": 183,
                        "l": 91
                    },
                    "custom": {
                        "k": 0,
                        "d": 0,
                        "a": 0,
                        "w": 0,
                        "l": 0
                    }
                },
                {
                    "season": 2,
                    "ranked": {
                        "k": 12417,
                        "d": 10679,
                        "a": 1511,
                        "w": 606,
                        "l": 468
                    },
                    "casual": {
                        "k": 0,
                        "d": 0,
                        "a": 0,
                        "w": 532,
                        "l": 205
                    },
                    "custom": {
                        "k": 0,
                        "d": 0,
                        "a": 0,
                        "w": 0,
                        "l": 0
                    }
                },
                {
                    "season": 3,
                    "ranked": {
                        "k": 5629,
                        "d": 4743,
                        "a": 563,
                        "w": 178,
                        "l": 141
                    },
                    "casual": {
                        "k": 5836,
                        "d": 2692,
                        "a": 430,
                        "w": 163,
                        "l": 40
                    },
                    "custom": {
                        "k": 3704,
                        "d": 2776,
                        "a": 317,
                        "w": 0,
                        "l": 0
                    }
                },
                {
                    "season": 4,
                    "ranked": {
                        "k": 2920,
                        "d": 2597,
                        "a": 269,
                        "w": 88,
                        "l": 88
                    },
                    "casual": {
                        "k": 7476,
                        "d": 3711,
                        "a": 693,
                        "w": 146,
                        "l": 24
                    },
                    "custom": {
                        "k": 4585,
                        "d": 2959,
                        "a": 377,
                        "w": 0,
                        "l": 0
                    }
                },
                {
                    "season": 5,
                    "ranked": {
                        "k": 3356,
                        "d": 2529,
                        "a": 327,
                        "w": 110,
                        "l": 79
                    },
                    "casual": {
                        "k": 2549,
                        "d": 1274,
                        "a": 253,
                        "w": 7,
                        "l": 1
                    },
                    "custom": {
                        "k": 1887,
                        "d": 1312,
                        "a": 153,
                        "w": 0,
                        "l": 0
                    }
                },
                {
                    "season": 6,
                    "ranked": {
                        "k": 2539,
                        "d": 2053,
                        "a": 285,
                        "w": 104,
                        "l": 54
                    },
                    "casual": {
                        "k": 330,
                        "d": 156,
                        "a": 43,
                        "w": 0,
                        "l": 1
                    },
                    "custom": {
                        "k": 156,
                        "d": 122,
                        "a": 19,
                        "w": 0,
                        "l": 0
                    }
                }
            ],
            "ranked": {
                "placement_matches_left": 0,
                "highest_rank": 9,
                "rating": 2184,
                "global_position": 203,
                "rank": 9
            }
        },
        "ban": null,
        "reports": [],
        "clan": {
            "basicInfo": {
                "name": "Whelve",
                "tag": "WlV"
            },
            "id": 93498,
            "memberRank": 10
        }
    }
]