[
    {
        "basicInfo": {
            "userID": 154385706,
            "name": "SymboIe",
            "userType": 1,
            "iconID": 255,
            "level": 731
        },
        "userSettings": {
            "blockFriendRequests": true,
            "block_clan_requests": false,
            "equipped_emblem": 255
        },
        "friendStatus": 0,
        "stats": {
            "seasonal_stats": [
                {
                    "season": 0,
                    "ranked": {
                        "k": 0,
                        "d": 0,
                        "a": 0,
                        "w": 0,
                        "l": 0
                    },
                    "casual": {
                        "k": 0,
                        "d": 0,
                        "a": 0,
                        "w": 0,
                        "l": 0
                    },
                    "custom": {
                        "k": 38510,
                        "d": 10729,
                        "a": 2620,
                        "w": 0,
                        "l": 0
                    }
                },
                {
                    "season": 1,
                    "ranked": {
                        "k": 0,
                        "d": 0,
                        "a": 0,
                        "w": 0,
                        "l": 0
                    },
                    "casual": {
                        "k": 0,
                        "d": 0,
                        "a": 0,
                        "w": 0,
                        "l": 0
                    },
                    "custom": {
                        "k": 0,
                        "d": 0,
                        "a": 0,
                        "w": 0,
                        "l": 0
                    }
                },
                {
                    "season": 2,
                    "ranked": {
                        "k": 8074,
                        "d": 7122,
                        "a": 1258,
                        "w": 462,
                        "l": 331
                    },
                    "casual": {
                        "k": 461,
                        "d": 125,
                        "a": 26,
                        "w": 826,
                        "l": 188
                    },
                    "custom": {
                        "k": 372,
                        "d": 137,
                        "a": 7,
                        "w": 0,
                        "l": 0
                    }
                },
                {
                    "season": 3,
                    "ranked": {
                        "k": 5604,
                        "d": 4646,
                        "a": 765,
                        "w": 245,
                        "l": 103
                    },
                    "casual": {
                        "k": 25332,
                        "d": 6819,
                        "a": 1746,
                        "w": 492,
                        "l": 90
                    },
                    "custom": {
                        "k": 12119,
                        "d": 3726,
                        "a": 445,
                        "w": 0,
                        "l": 0
                    }
                },
                {
                    "season": 4,
                    "ranked": {
                        "k": 8983,
                        "d": 6968,
                        "a": 1120,
                        "w": 307,
                        "l": 203
                    },
                    "casual": {
                        "k": 27161,
                        "d": 9579,
                        "a": 1835,
                        "w": 483,
                        "l": 68
                    },
                    "custom": {
                        "k": 6759,
                        "d": 5551,
                        "a": 632,
                        "w": 0,
                        "l": 0
                    }
                },
                {
                    "season": 5,
                    "ranked": {
                        "k": 2066,
                        "d": 1346,
                        "a": 273,
                        "w": 111,
                        "l": 20
                    },
                    "casual": {
                        "k": 13469,
                        "d": 4114,
                        "a": 865,
                        "w": 232,
                        "l": 38
                    },
                    "custom": {
                        "k": 7075,
                        "d": 5396,
                        "a": 505,
                        "w": 0,
                        "l": 0
                    }
                },
                {
                    "season": 6,
                    "ranked": {
                        "k": 3232,
                        "d": 2145,
                        "a": 469,
                        "w": 137,
                        "l": 48
                    },
                    "casual": {
                        "k": 6140,
                        "d": 1682,
                        "a": 332,
                        "w": 72,
                        "l": 13
                    },
                    "custom": {
                        "k": 1069,
                        "d": 836,
                        "a": 91,
                        "w": 0,
                        "l": 0
                    }
                }
            ],
            "ranked": {
                "placement_matches_left": 0,
                "highest_rank": 9,
                "rating": 2257,
                "global_position": 79,
                "rank": 9
            }
        },
        "ban": null,
        "reports": [],
        "clan": {
            "basicInfo": {
                "name": "Endurance GG",
                "tag": "eNc"
            },
            "id": 83019,
            "memberRank": 10
        }
    }
]