[
    {
        "basicInfo": {
            "userID": 98795880,
            "name": "TEB_YouTube",
            "userType": 1,
            "iconID": 1,
            "level": 470
        },
        "userSettings": {
            "blockFriendRequests": false,
            "block_clan_requests": false,
            "equipped_emblem": 1
        },
        "friendStatus": 0,
        "stats": {
            "seasonal_stats": [
                {
                    "season": 0,
                    "ranked": {
                        "k": 1568,
                        "d": 1284,
                        "a": 208,
                        "w": 90,
                        "l": 60
                    },
                    "casual": {
                        "k": 0,
                        "d": 0,
                        "a": 0,
                        "w": 0,
                        "l": 0
                    },
                    "custom": {
                        "k": 48511,
                        "d": 24134,
                        "a": 4265,
                        "w": 0,
                        "l": 0
                    }
                },
                {
                    "season": 1,
                    "ranked": {
                        "k": 445,
                        "d": 343,
                        "a": 53,
                        "w": 23,
                        "l": 16
                    },
                    "casual": {
                        "k": 0,
                        "d": 0,
                        "a": 0,
                        "w": 200,
                        "l": 109
                    },
                    "custom": {
                        "k": 0,
                        "d": 0,
                        "a": 0,
                        "w": 0,
                        "l": 0
                    }
                },
                {
                    "season": 2,
                    "ranked": {
                        "k": 5826,
                        "d": 5031,
                        "a": 737,
                        "w": 348,
                        "l": 232
                    },
                    "casual": {
                        "k": 126,
                        "d": 52,
                        "a": 11,
                        "w": 378,
                        "l": 220
                    },
                    "custom": {
                        "k": 3,
                        "d": 2,
                        "a": 0,
                        "w": 0,
                        "l": 0
                    }
                },
                {
                    "season": 3,
                    "ranked": {
                        "k": 2174,
                        "d": 1641,
                        "a": 270,
                        "w": 92,
                        "l": 36
                    },
                    "casual": {
                        "k": 9508,
                        "d": 3379,
                        "a": 657,
                        "w": 199,
                        "l": 82
                    },
                    "custom": {
                        "k": 1540,
                        "d": 1097,
                        "a": 148,
                        "w": 0,
                        "l": 0
                    }
                },
                {
                    "season": 4,
                    "ranked": {
                        "k": 465,
                        "d": 397,
                        "a": 60,
                        "w": 22,
                        "l": 9
                    },
                    "casual": {
                        "k": 5662,
                        "d": 1806,
                        "a": 369,
                        "w": 103,
                        "l": 16
                    },
                    "custom": {
                        "k": 3061,
                        "d": 2333,
                        "a": 313,
                        "w": 0,
                        "l": 0
                    }
                },
                {
                    "season": 5,
                    "ranked": {
                        "k": 797,
                        "d": 674,
                        "a": 108,
                        "w": 38,
                        "l": 18
                    },
                    "casual": {
                        "k": 5686,
                        "d": 1826,
                        "a": 430,
                        "w": 132,
                        "l": 19
                    },
                    "custom": {
                        "k": 976,
                        "d": 842,
                        "a": 100,
                        "w": 0,
                        "l": 0
                    }
                },
                {
                    "season": 6,
                    "ranked": {
                        "k": 372,
                        "d": 338,
                        "a": 57,
                        "w": 21,
                        "l": 7
                    },
                    "casual": {
                        "k": 2837,
                        "d": 995,
                        "a": 172,
                        "w": 53,
                        "l": 14
                    },
                    "custom": {
                        "k": 542,
                        "d": 444,
                        "a": 63,
                        "w": 0,
                        "l": 0
                    }
                }
            ],
            "ranked": {
                "placement_matches_left": 0,
                "highest_rank": 9,
                "rating": 2208,
                "global_position": 145,
                "rank": 9
            }
        },
        "ban": null,
        "reports": []
    }
]