[
    {
        "basicInfo": {
            "userID": 88030404,
            "name": "TenZ ES",
            "userType": 1,
            "iconID": 1,
            "level": 643
        },
        "userSettings": {
            "blockFriendRequests": false,
            "block_clan_requests": false,
            "equipped_emblem": 1
        },
        "friendStatus": 0,
        "stats": {
            "seasonal_stats": [
                {
                    "season": 0,
                    "ranked": {
                        "k": 7863,
                        "d": 7290,
                        "a": 1000,
                        "w": 463,
                        "l": 332
                    },
                    "casual": {
                        "k": 0,
                        "d": 0,
                        "a": 0,
                        "w": 10,
                        "l": 6
                    },
                    "custom": {
                        "k": 203388,
                        "d": 83005,
                        "a": 13337,
                        "w": 0,
                        "l": 0
                    }
                },
                {
                    "season": 1,
                    "ranked": {
                        "k": 2377,
                        "d": 2198,
                        "a": 316,
                        "w": 121,
                        "l": 115
                    },
                    "casual": {
                        "k": 0,
                        "d": 0,
                        "a": 0,
                        "w": 846,
                        "l": 113
                    },
                    "custom": {
                        "k": 0,
                        "d": 0,
                        "a": 0,
                        "w": 0,
                        "l": 0
                    }
                },
                {
                    "season": 2,
                    "ranked": {
                        "k": 1363,
                        "d": 1076,
                        "a": 138,
                        "w": 91,
                        "l": 35
                    },
                    "casual": {
                        "k": 0,
                        "d": 1,
                        "a": 0,
                        "w": 771,
                        "l": 189
                    },
                    "custom": {
                        "k": 78,
                        "d": 53,
                        "a": 8,
                        "w": 0,
                        "l": 0
                    }
                },
                {
                    "season": 3,
                    "ranked": {
                        "k": 1234,
                        "d": 1116,
                        "a": 147,
                        "w": 53,
                        "l": 33
                    },
                    "casual": {
                        "k": 11152,
                        "d": 3141,
                        "a": 723,
                        "w": 213,
                        "l": 39
                    },
                    "custom": {
                        "k": 27904,
                        "d": 9734,
                        "a": 974,
                        "w": 0,
                        "l": 0
                    }
                },
                {
                    "season": 4,
                    "ranked": {
                        "k": 1036,
                        "d": 998,
                        "a": 119,
                        "w": 45,
                        "l": 26
                    },
                    "casual": {
                        "k": 15034,
                        "d": 4396,
                        "a": 870,
                        "w": 197,
                        "l": 27
                    },
                    "custom": {
                        "k": 18864,
                        "d": 8610,
                        "a": 749,
                        "w": 0,
                        "l": 0
                    }
                },
                {
                    "season": 5,
                    "ranked": {
                        "k": 439,
                        "d": 364,
                        "a": 47,
                        "w": 20,
                        "l": 9
                    },
                    "casual": {
                        "k": 10840,
                        "d": 3021,
                        "a": 611,
                        "w": 34,
                        "l": 11
                    },
                    "custom": {
                        "k": 4922,
                        "d": 2102,
                        "a": 200,
                        "w": 0,
                        "l": 0
                    }
                },
                {
                    "season": 6,
                    "ranked": {
                        "k": 516,
                        "d": 417,
                        "a": 57,
                        "w": 27,
                        "l": 7
                    },
                    "casual": {
                        "k": 6424,
                        "d": 1805,
                        "a": 355,
                        "w": 11,
                        "l": 1
                    },
                    "custom": {
                        "k": 1280,
                        "d": 370,
                        "a": 61,
                        "w": 0,
                        "l": 0
                    }
                }
            ],
            "ranked": {
                "placement_matches_left": 0,
                "highest_rank": 9,
                "rating": 2266,
                "global_position": 68,
                "rank": 9
            }
        },
        "ban": null,
        "reports": [],
        "clan": {
            "basicInfo": {
                "name": "X Quadrant",
                "tag": "xQ"
            },
            "id": 83,
            "memberRank": 10
        }
    }
]