[
    {
        "basicInfo": {
            "userID": 35263684,
            "name": "The Arxka",
            "userType": 1,
            "iconID": 1,
            "level": 437
        },
        "userSettings": {
            "blockFriendRequests": false,
            "block_clan_requests": false,
            "equipped_emblem": 203
        },
        "friendStatus": 0,
        "stats": {
            "seasonal_stats": [
                {
                    "season": 0,
                    "ranked": {
                        "k": 1060,
                        "d": 754,
                        "a": 82,
                        "w": 50,
                        "l": 36
                    },
                    "casual": {
                        "k": 0,
                        "d": 0,
                        "a": 0,
                        "w": 0,
                        "l": 0
                    },
                    "custom": {
                        "k": 70914,
                        "d": 31610,
                        "a": 4434,
                        "w": 0,
                        "l": 0
                    }
                },
                {
                    "season": 1,
                    "ranked": {
                        "k": 899,
                        "d": 667,
                        "a": 82,
                        "w": 47,
                        "l": 34
                    },
                    "casual": {
                        "k": 0,
                        "d": 0,
                        "a": 0,
                        "w": 116,
                        "l": 24
                    },
                    "custom": {
                        "k": 0,
                        "d": 0,
                        "a": 0,
                        "w": 0,
                        "l": 0
                    }
                },
                {
                    "season": 2,
                    "ranked": {
                        "k": 1563,
                        "d": 1105,
                        "a": 144,
                        "w": 71,
                        "l": 52
                    },
                    "casual": {
                        "k": 0,
                        "d": 0,
                        "a": 0,
                        "w": 368,
                        "l": 94
                    },
                    "custom": {
                        "k": 38,
                        "d": 29,
                        "a": 4,
                        "w": 0,
                        "l": 0
                    }
                },
                {
                    "season": 3,
                    "ranked": {
                        "k": 582,
                        "d": 384,
                        "a": 58,
                        "w": 19,
                        "l": 11
                    },
                    "casual": {
                        "k": 10338,
                        "d": 2938,
                        "a": 658,
                        "w": 240,
                        "l": 36
                    },
                    "custom": {
                        "k": 9905,
                        "d": 5853,
                        "a": 611,
                        "w": 0,
                        "l": 0
                    }
                },
                {
                    "season": 4,
                    "ranked": {
                        "k": 603,
                        "d": 481,
                        "a": 61,
                        "w": 24,
                        "l": 12
                    },
                    "casual": {
                        "k": 11989,
                        "d": 3407,
                        "a": 590,
                        "w": 164,
                        "l": 17
                    },
                    "custom": {
                        "k": 7295,
                        "d": 5887,
                        "a": 687,
                        "w": 0,
                        "l": 0
                    }
                },
                {
                    "season": 5,
                    "ranked": {
                        "k": 1170,
                        "d": 852,
                        "a": 104,
                        "w": 43,
                        "l": 23
                    },
                    "casual": {
                        "k": 8989,
                        "d": 2410,
                        "a": 505,
                        "w": 126,
                        "l": 7
                    },
                    "custom": {
                        "k": 4460,
                        "d": 4130,
                        "a": 473,
                        "w": 0,
                        "l": 0
                    }
                },
                {
                    "season": 6,
                    "ranked": {
                        "k": 801,
                        "d": 687,
                        "a": 117,
                        "w": 41,
                        "l": 9
                    },
                    "casual": {
                        "k": 4638,
                        "d": 1378,
                        "a": 219,
                        "w": 60,
                        "l": 7
                    },
                    "custom": {
                        "k": 2700,
                        "d": 2896,
                        "a": 306,
                        "w": 0,
                        "l": 0
                    }
                }
            ],
            "ranked": {
                "placement_matches_left": 0,
                "highest_rank": 9,
                "rating": 2290,
                "global_position": 47,
                "rank": 9
            }
        },
        "ban": null,
        "reports": [],
        "clan": {
            "basicInfo": {
                "name": "Monarchyyy",
                "tag": "MNCY"
            },
            "id": 68453,
            "memberRank": 10
        }
    }
]