[
    {
        "basicInfo": {
            "userID": 56869537,
            "name": "The Sidemen",
            "userType": 1,
            "iconID": 36,
            "level": 478
        },
        "userSettings": {
            "blockFriendRequests": false,
            "block_clan_requests": false,
            "equipped_emblem": 36
        },
        "friendStatus": 0,
        "stats": {
            "seasonal_stats": [
                {
                    "season": 0,
                    "ranked": {
                        "k": 3098,
                        "d": 3220,
                        "a": 474,
                        "w": 159,
                        "l": 153
                    },
                    "casual": {
                        "k": 0,
                        "d": 0,
                        "a": 0,
                        "w": 0,
                        "l": 0
                    },
                    "custom": {
                        "k": 41519,
                        "d": 20426,
                        "a": 3832,
                        "w": 0,
                        "l": 0
                    }
                },
                {
                    "season": 1,
                    "ranked": {
                        "k": 475,
                        "d": 535,
                        "a": 63,
                        "w": 27,
                        "l": 26
                    },
                    "casual": {
                        "k": 0,
                        "d": 0,
                        "a": 0,
                        "w": 287,
                        "l": 102
                    },
                    "custom": {
                        "k": 0,
                        "d": 0,
                        "a": 0,
                        "w": 0,
                        "l": 0
                    }
                },
                {
                    "season": 2,
                    "ranked": {
                        "k": 714,
                        "d": 615,
                        "a": 103,
                        "w": 32,
                        "l": 31
                    },
                    "casual": {
                        "k": 0,
                        "d": 0,
                        "a": 0,
                        "w": 249,
                        "l": 105
                    },
                    "custom": {
                        "k": 0,
                        "d": 0,
                        "a": 0,
                        "w": 0,
                        "l": 0
                    }
                },
                {
                    "season": 3,
                    "ranked": {
                        "k": 17,
                        "d": 4,
                        "a": 2,
                        "w": 1,
                        "l": 0
                    },
                    "casual": {
                        "k": 185,
                        "d": 76,
                        "a": 15,
                        "w": 7,
                        "l": 4
                    },
                    "custom": {
                        "k": 0,
                        "d": 0,
                        "a": 0,
                        "w": 0,
                        "l": 0
                    }
                },
                {
                    "season": 4,
                    "ranked": {
                        "k": 955,
                        "d": 1216,
                        "a": 189,
                        "w": 35,
                        "l": 45
                    },
                    "casual": {
                        "k": 2682,
                        "d": 1480,
                        "a": 311,
                        "w": 71,
                        "l": 25
                    },
                    "custom": {
                        "k": 67,
                        "d": 40,
                        "a": 3,
                        "w": 0,
                        "l": 0
                    }
                },
                {
                    "season": 5,
                    "ranked": {
                        "k": 4069,
                        "d": 3179,
                        "a": 537,
                        "w": 167,
                        "l": 80
                    },
                    "casual": {
                        "k": 10737,
                        "d": 5424,
                        "a": 934,
                        "w": 144,
                        "l": 51
                    },
                    "custom": {
                        "k": 220,
                        "d": 173,
                        "a": 17,
                        "w": 0,
                        "l": 0
                    }
                },
                {
                    "season": 6,
                    "ranked": {
                        "k": 1136,
                        "d": 699,
                        "a": 138,
                        "w": 50,
                        "l": 9
                    },
                    "casual": {
                        "k": 3352,
                        "d": 1614,
                        "a": 224,
                        "w": 22,
                        "l": 6
                    },
                    "custom": {
                        "k": 230,
                        "d": 199,
                        "a": 27,
                        "w": 0,
                        "l": 0
                    }
                }
            ],
            "ranked": {
                "placement_matches_left": 0,
                "highest_rank": 9,
                "rating": 2233,
                "global_position": 104,
                "rank": 9
            }
        },
        "ban": null,
        "reports": [],
        "clan": {
            "basicInfo": {
                "name": "Vision Gaming GG",
                "tag": "vsn"
            },
            "id": 40509,
            "memberRank": 10
        }
    }
]