[
    {
        "basicInfo": {
            "userID": 40328760,
            "name": "Third",
            "userType": 1,
            "iconID": 318,
            "level": 535
        },
        "userSettings": {
            "blockFriendRequests": false,
            "block_clan_requests": false,
            "equipped_emblem": 210
        },
        "friendStatus": 0,
        "stats": {
            "seasonal_stats": [
                {
                    "season": 0,
                    "ranked": {
                        "k": 3650,
                        "d": 3784,
                        "a": 457,
                        "w": 198,
                        "l": 164
                    },
                    "casual": {
                        "k": 0,
                        "d": 0,
                        "a": 0,
                        "w": 0,
                        "l": 0
                    },
                    "custom": {
                        "k": 103854,
                        "d": 50463,
                        "a": 6666,
                        "w": 0,
                        "l": 0
                    }
                },
                {
                    "season": 1,
                    "ranked": {
                        "k": 1908,
                        "d": 1654,
                        "a": 241,
                        "w": 96,
                        "l": 87
                    },
                    "casual": {
                        "k": 0,
                        "d": 0,
                        "a": 0,
                        "w": 64,
                        "l": 29
                    },
                    "custom": {
                        "k": 0,
                        "d": 0,
                        "a": 0,
                        "w": 0,
                        "l": 0
                    }
                },
                {
                    "season": 2,
                    "ranked": {
                        "k": 4886,
                        "d": 4037,
                        "a": 600,
                        "w": 237,
                        "l": 189
                    },
                    "casual": {
                        "k": 5,
                        "d": 11,
                        "a": 1,
                        "w": 1234,
                        "l": 456
                    },
                    "custom": {
                        "k": 162,
                        "d": 107,
                        "a": 8,
                        "w": 0,
                        "l": 0
                    }
                },
                {
                    "season": 3,
                    "ranked": {
                        "k": 154,
                        "d": 124,
                        "a": 23,
                        "w": 7,
                        "l": 3
                    },
                    "casual": {
                        "k": 9764,
                        "d": 4360,
                        "a": 661,
                        "w": 274,
                        "l": 85
                    },
                    "custom": {
                        "k": 2669,
                        "d": 2089,
                        "a": 190,
                        "w": 0,
                        "l": 0
                    }
                },
                {
                    "season": 4,
                    "ranked": {
                        "k": 746,
                        "d": 458,
                        "a": 147,
                        "w": 38,
                        "l": 10
                    },
                    "casual": {
                        "k": 7826,
                        "d": 4216,
                        "a": 695,
                        "w": 253,
                        "l": 76
                    },
                    "custom": {
                        "k": 3192,
                        "d": 2593,
                        "a": 213,
                        "w": 0,
                        "l": 0
                    }
                },
                {
                    "season": 5,
                    "ranked": {
                        "k": 407,
                        "d": 313,
                        "a": 51,
                        "w": 14,
                        "l": 9
                    },
                    "casual": {
                        "k": 4807,
                        "d": 1963,
                        "a": 303,
                        "w": 115,
                        "l": 21
                    },
                    "custom": {
                        "k": 3283,
                        "d": 2054,
                        "a": 314,
                        "w": 0,
                        "l": 0
                    }
                },
                {
                    "season": 6,
                    "ranked": {
                        "k": 721,
                        "d": 433,
                        "a": 84,
                        "w": 46,
                        "l": 3
                    },
                    "casual": {
                        "k": 1800,
                        "d": 832,
                        "a": 108,
                        "w": 20,
                        "l": 2
                    },
                    "custom": {
                        "k": 1559,
                        "d": 1295,
                        "a": 209,
                        "w": 0,
                        "l": 0
                    }
                }
            ],
            "ranked": {
                "placement_matches_left": 0,
                "highest_rank": 9,
                "rating": 2311,
                "global_position": 39,
                "rank": 9
            }
        },
        "ban": null,
        "reports": [],
        "clan": {
            "basicInfo": {
                "name": "X Quadrant",
                "tag": "xQ"
            },
            "id": 83,
            "memberRank": 10
        }
    }
]