[
    {
        "basicInfo": {
            "userID": 156990936,
            "name": "Tiao -",
            "userType": 1,
            "iconID": 170,
            "level": 230
        },
        "userSettings": {
            "blockFriendRequests": false,
            "block_clan_requests": false,
            "equipped_emblem": 316
        },
        "friendStatus": 0,
        "stats": {
            "seasonal_stats": [
                {
                    "season": 0,
                    "ranked": {
                        "k": 0,
                        "d": 0,
                        "a": 0,
                        "w": 0,
                        "l": 0
                    },
                    "casual": {
                        "k": 0,
                        "d": 0,
                        "a": 0,
                        "w": 0,
                        "l": 0
                    },
                    "custom": {
                        "k": 42152,
                        "d": 22062,
                        "a": 2915,
                        "w": 0,
                        "l": 0
                    }
                },
                {
                    "season": 1,
                    "ranked": {
                        "k": 0,
                        "d": 0,
                        "a": 0,
                        "w": 0,
                        "l": 0
                    },
                    "casual": {
                        "k": 0,
                        "d": 0,
                        "a": 0,
                        "w": 0,
                        "l": 0
                    },
                    "custom": {
                        "k": 0,
                        "d": 0,
                        "a": 0,
                        "w": 0,
                        "l": 0
                    }
                },
                {
                    "season": 2,
                    "ranked": {
                        "k": 6915,
                        "d": 5317,
                        "a": 870,
                        "w": 383,
                        "l": 172
                    },
                    "casual": {
                        "k": 0,
                        "d": 0,
                        "a": 0,
                        "w": 127,
                        "l": 28
                    },
                    "custom": {
                        "k": 0,
                        "d": 0,
                        "a": 0,
                        "w": 0,
                        "l": 0
                    }
                },
                {
                    "season": 3,
                    "ranked": {
                        "k": 1329,
                        "d": 1038,
                        "a": 188,
                        "w": 38,
                        "l": 34
                    },
                    "casual": {
                        "k": 2000,
                        "d": 1140,
                        "a": 173,
                        "w": 37,
                        "l": 22
                    },
                    "custom": {
                        "k": 1303,
                        "d": 768,
                        "a": 116,
                        "w": 0,
                        "l": 0
                    }
                },
                {
                    "season": 4,
                    "ranked": {
                        "k": 4283,
                        "d": 3996,
                        "a": 496,
                        "w": 171,
                        "l": 98
                    },
                    "casual": {
                        "k": 924,
                        "d": 458,
                        "a": 76,
                        "w": 7,
                        "l": 2
                    },
                    "custom": {
                        "k": 3046,
                        "d": 2722,
                        "a": 382,
                        "w": 0,
                        "l": 0
                    }
                },
                {
                    "season": 5,
                    "ranked": {
                        "k": 2160,
                        "d": 1821,
                        "a": 256,
                        "w": 89,
                        "l": 33
                    },
                    "casual": {
                        "k": 808,
                        "d": 394,
                        "a": 68,
                        "w": 8,
                        "l": 0
                    },
                    "custom": {
                        "k": 3295,
                        "d": 3015,
                        "a": 344,
                        "w": 0,
                        "l": 0
                    }
                },
                {
                    "season": 6,
                    "ranked": {
                        "k": 634,
                        "d": 516,
                        "a": 104,
                        "w": 26,
                        "l": 8
                    },
                    "casual": {
                        "k": 207,
                        "d": 81,
                        "a": 15,
                        "w": 1,
                        "l": 0
                    },
                    "custom": {
                        "k": 79,
                        "d": 69,
                        "a": 9,
                        "w": 0,
                        "l": 0
                    }
                }
            ],
            "ranked": {
                "placement_matches_left": 0,
                "highest_rank": 9,
                "rating": 2174,
                "global_position": 231,
                "rank": 9
            }
        },
        "ban": null,
        "reports": [],
        "clan": {
            "basicInfo": {
                "name": "Winfinity",
                "tag": "winf"
            },
            "id": 86540,
            "memberRank": 10
        }
    }
]