[
    {
        "basicInfo": {
            "userID": 143747863,
            "name": "Till",
            "userType": 1,
            "iconID": 308,
            "level": 151
        },
        "userSettings": {
            "blockFriendRequests": false,
            "block_clan_requests": false,
            "equipped_emblem": 308
        },
        "friendStatus": 0,
        "stats": {
            "seasonal_stats": [
                {
                    "season": 0,
                    "ranked": {
                        "k": 0,
                        "d": 0,
                        "a": 0,
                        "w": 0,
                        "l": 0
                    },
                    "casual": {
                        "k": 0,
                        "d": 0,
                        "a": 0,
                        "w": 0,
                        "l": 0
                    },
                    "custom": {
                        "k": 20,
                        "d": 19,
                        "a": 3,
                        "w": 0,
                        "l": 0
                    }
                },
                {
                    "season": 1,
                    "ranked": {
                        "k": 0,
                        "d": 0,
                        "a": 0,
                        "w": 0,
                        "l": 0
                    },
                    "casual": {
                        "k": 0,
                        "d": 0,
                        "a": 0,
                        "w": 0,
                        "l": 0
                    },
                    "custom": {
                        "k": 0,
                        "d": 0,
                        "a": 0,
                        "w": 0,
                        "l": 0
                    }
                },
                {
                    "season": 2,
                    "ranked": {
                        "k": 0,
                        "d": 0,
                        "a": 0,
                        "w": 0,
                        "l": 0
                    },
                    "casual": {
                        "k": 0,
                        "d": 0,
                        "a": 0,
                        "w": 0,
                        "l": 0
                    },
                    "custom": {
                        "k": 0,
                        "d": 0,
                        "a": 0,
                        "w": 0,
                        "l": 0
                    }
                },
                {
                    "season": 3,
                    "ranked": {
                        "k": 0,
                        "d": 0,
                        "a": 0,
                        "w": 0,
                        "l": 0
                    },
                    "casual": {
                        "k": 111,
                        "d": 59,
                        "a": 12,
                        "w": 2,
                        "l": 0
                    },
                    "custom": {
                        "k": 0,
                        "d": 0,
                        "a": 0,
                        "w": 0,
                        "l": 0
                    }
                },
                {
                    "season": 4,
                    "ranked": {
                        "k": 1048,
                        "d": 838,
                        "a": 116,
                        "w": 31,
                        "l": 28
                    },
                    "casual": {
                        "k": 2044,
                        "d": 874,
                        "a": 160,
                        "w": 47,
                        "l": 20
                    },
                    "custom": {
                        "k": 13,
                        "d": 12,
                        "a": 0,
                        "w": 0,
                        "l": 0
                    }
                },
                {
                    "season": 5,
                    "ranked": {
                        "k": 5315,
                        "d": 4552,
                        "a": 802,
                        "w": 171,
                        "l": 123
                    },
                    "casual": {
                        "k": 3726,
                        "d": 1538,
                        "a": 259,
                        "w": 71,
                        "l": 23
                    },
                    "custom": {
                        "k": 2057,
                        "d": 310,
                        "a": 50,
                        "w": 0,
                        "l": 0
                    }
                },
                {
                    "season": 6,
                    "ranked": {
                        "k": 250,
                        "d": 210,
                        "a": 61,
                        "w": 13,
                        "l": 1
                    },
                    "casual": {
                        "k": 3718,
                        "d": 1404,
                        "a": 216,
                        "w": 72,
                        "l": 15
                    },
                    "custom": {
                        "k": 222,
                        "d": 266,
                        "a": 37,
                        "w": 0,
                        "l": 0
                    }
                }
            ],
            "ranked": {
                "placement_matches_left": 0,
                "highest_rank": 9,
                "rating": 2234,
                "global_position": 102,
                "rank": 9
            }
        },
        "ban": null,
        "reports": [],
        "clan": {
            "basicInfo": {
                "name": "The Best Legends",
                "tag": "TBL"
            },
            "id": 385,
            "memberRank": 10
        }
    }
]