[
    {
        "basicInfo": {
            "userID": 103126013,
            "name": "TLxcky",
            "userType": 1,
            "iconID": 273,
            "level": 380
        },
        "userSettings": {
            "blockFriendRequests": false,
            "block_clan_requests": false,
            "equipped_emblem": 273
        },
        "friendStatus": 0,
        "stats": {
            "seasonal_stats": [
                {
                    "season": 0,
                    "ranked": {
                        "k": 349,
                        "d": 456,
                        "a": 51,
                        "w": 22,
                        "l": 17
                    },
                    "casual": {
                        "k": 0,
                        "d": 0,
                        "a": 0,
                        "w": 0,
                        "l": 0
                    },
                    "custom": {
                        "k": 20771,
                        "d": 13004,
                        "a": 1601,
                        "w": 0,
                        "l": 0
                    }
                },
                {
                    "season": 1,
                    "ranked": {
                        "k": 558,
                        "d": 506,
                        "a": 74,
                        "w": 32,
                        "l": 22
                    },
                    "casual": {
                        "k": 0,
                        "d": 0,
                        "a": 0,
                        "w": 227,
                        "l": 96
                    },
                    "custom": {
                        "k": 0,
                        "d": 0,
                        "a": 0,
                        "w": 0,
                        "l": 0
                    }
                },
                {
                    "season": 2,
                    "ranked": {
                        "k": 2126,
                        "d": 1798,
                        "a": 313,
                        "w": 106,
                        "l": 88
                    },
                    "casual": {
                        "k": 0,
                        "d": 0,
                        "a": 0,
                        "w": 23,
                        "l": 13
                    },
                    "custom": {
                        "k": 0,
                        "d": 0,
                        "a": 0,
                        "w": 0,
                        "l": 0
                    }
                },
                {
                    "season": 3,
                    "ranked": {
                        "k": 3741,
                        "d": 3116,
                        "a": 479,
                        "w": 123,
                        "l": 101
                    },
                    "casual": {
                        "k": 19922,
                        "d": 7493,
                        "a": 1448,
                        "w": 578,
                        "l": 196
                    },
                    "custom": {
                        "k": 10449,
                        "d": 6670,
                        "a": 450,
                        "w": 0,
                        "l": 0
                    }
                },
                {
                    "season": 4,
                    "ranked": {
                        "k": 2511,
                        "d": 1830,
                        "a": 330,
                        "w": 85,
                        "l": 52
                    },
                    "casual": {
                        "k": 27124,
                        "d": 8996,
                        "a": 1641,
                        "w": 648,
                        "l": 106
                    },
                    "custom": {
                        "k": 14307,
                        "d": 11506,
                        "a": 775,
                        "w": 0,
                        "l": 0
                    }
                },
                {
                    "season": 5,
                    "ranked": {
                        "k": 1994,
                        "d": 1536,
                        "a": 306,
                        "w": 73,
                        "l": 38
                    },
                    "casual": {
                        "k": 6281,
                        "d": 2252,
                        "a": 424,
                        "w": 156,
                        "l": 25
                    },
                    "custom": {
                        "k": 7474,
                        "d": 5713,
                        "a": 795,
                        "w": 0,
                        "l": 0
                    }
                },
                {
                    "season": 6,
                    "ranked": {
                        "k": 1918,
                        "d": 1453,
                        "a": 344,
                        "w": 97,
                        "l": 21
                    },
                    "casual": {
                        "k": 4257,
                        "d": 1214,
                        "a": 187,
                        "w": 78,
                        "l": 6
                    },
                    "custom": {
                        "k": 1949,
                        "d": 1323,
                        "a": 115,
                        "w": 0,
                        "l": 0
                    }
                }
            ],
            "ranked": {
                "placement_matches_left": 0,
                "highest_rank": 9,
                "rating": 2196,
                "global_position": 178,
                "rank": 9
            }
        },
        "ban": null,
        "reports": [],
        "clan": {
            "basicInfo": {
                "name": "HYDR CLAN",
                "tag": "HYCL"
            },
            "id": 90326,
            "memberRank": 10
        }
    }
]