[
    {
        "basicInfo": {
            "userID": 80439893,
            "name": "Touky-",
            "userType": 1,
            "iconID": 122,
            "level": 558
        },
        "userSettings": {
            "blockFriendRequests": false,
            "block_clan_requests": false,
            "equipped_emblem": 122
        },
        "friendStatus": 0,
        "stats": {
            "seasonal_stats": [
                {
                    "season": 0,
                    "ranked": {
                        "k": 16627,
                        "d": 11943,
                        "a": 2081,
                        "w": 797,
                        "l": 485
                    },
                    "casual": {
                        "k": 0,
                        "d": 0,
                        "a": 0,
                        "w": 0,
                        "l": 0
                    },
                    "custom": {
                        "k": 134497,
                        "d": 76721,
                        "a": 12963,
                        "w": 0,
                        "l": 0
                    }
                },
                {
                    "season": 1,
                    "ranked": {
                        "k": 2498,
                        "d": 1942,
                        "a": 281,
                        "w": 136,
                        "l": 70
                    },
                    "casual": {
                        "k": 0,
                        "d": 0,
                        "a": 0,
                        "w": 49,
                        "l": 13
                    },
                    "custom": {
                        "k": 0,
                        "d": 0,
                        "a": 0,
                        "w": 0,
                        "l": 0
                    }
                },
                {
                    "season": 2,
                    "ranked": {
                        "k": 6646,
                        "d": 4928,
                        "a": 910,
                        "w": 311,
                        "l": 202
                    },
                    "casual": {
                        "k": 0,
                        "d": 0,
                        "a": 0,
                        "w": 38,
                        "l": 17
                    },
                    "custom": {
                        "k": 806,
                        "d": 512,
                        "a": 87,
                        "w": 0,
                        "l": 0
                    }
                },
                {
                    "season": 3,
                    "ranked": {
                        "k": 13234,
                        "d": 7808,
                        "a": 1400,
                        "w": 368,
                        "l": 214
                    },
                    "casual": {
                        "k": 1673,
                        "d": 607,
                        "a": 113,
                        "w": 21,
                        "l": 9
                    },
                    "custom": {
                        "k": 16216,
                        "d": 10365,
                        "a": 1585,
                        "w": 0,
                        "l": 0
                    }
                },
                {
                    "season": 4,
                    "ranked": {
                        "k": 5561,
                        "d": 4243,
                        "a": 743,
                        "w": 212,
                        "l": 100
                    },
                    "casual": {
                        "k": 1428,
                        "d": 560,
                        "a": 116,
                        "w": 17,
                        "l": 1
                    },
                    "custom": {
                        "k": 13106,
                        "d": 10179,
                        "a": 1572,
                        "w": 0,
                        "l": 0
                    }
                },
                {
                    "season": 5,
                    "ranked": {
                        "k": 2889,
                        "d": 2077,
                        "a": 415,
                        "w": 112,
                        "l": 38
                    },
                    "casual": {
                        "k": 2294,
                        "d": 712,
                        "a": 122,
                        "w": 25,
                        "l": 1
                    },
                    "custom": {
                        "k": 5176,
                        "d": 4449,
                        "a": 647,
                        "w": 0,
                        "l": 0
                    }
                },
                {
                    "season": 6,
                    "ranked": {
                        "k": 2606,
                        "d": 1839,
                        "a": 455,
                        "w": 108,
                        "l": 27
                    },
                    "casual": {
                        "k": 1733,
                        "d": 627,
                        "a": 90,
                        "w": 21,
                        "l": 4
                    },
                    "custom": {
                        "k": 1889,
                        "d": 1442,
                        "a": 251,
                        "w": 0,
                        "l": 0
                    }
                }
            ],
            "ranked": {
                "placement_matches_left": 0,
                "highest_rank": 9,
                "rating": 2232,
                "global_position": 105,
                "rank": 9
            }
        },
        "ban": null,
        "reports": [],
        "clan": {
            "basicInfo": {
                "name": "CsPRoGaMeRZ",
                "tag": "CsPG"
            },
            "id": 11,
            "memberRank": 10
        }
    }
]