[
    {
        "basicInfo": {
            "userID": 174729553,
            "name": "Transpire",
            "userType": 1,
            "iconID": 285,
            "level": 219
        },
        "userSettings": {
            "blockFriendRequests": false,
            "block_clan_requests": false,
            "equipped_emblem": 283
        },
        "friendStatus": 0,
        "stats": {
            "seasonal_stats": [
                {
                    "season": 0,
                    "ranked": {
                        "k": 0,
                        "d": 0,
                        "a": 0,
                        "w": 0,
                        "l": 0
                    },
                    "casual": {
                        "k": 0,
                        "d": 0,
                        "a": 0,
                        "w": 0,
                        "l": 0
                    },
                    "custom": {
                        "k": 5,
                        "d": 2,
                        "a": 0,
                        "w": 0,
                        "l": 0
                    }
                },
                {
                    "season": 1,
                    "ranked": {
                        "k": 0,
                        "d": 0,
                        "a": 0,
                        "w": 0,
                        "l": 0
                    },
                    "casual": {
                        "k": 0,
                        "d": 0,
                        "a": 0,
                        "w": 0,
                        "l": 0
                    },
                    "custom": {
                        "k": 0,
                        "d": 0,
                        "a": 0,
                        "w": 0,
                        "l": 0
                    }
                },
                {
                    "season": 2,
                    "ranked": {
                        "k": 0,
                        "d": 0,
                        "a": 0,
                        "w": 0,
                        "l": 0
                    },
                    "casual": {
                        "k": 0,
                        "d": 0,
                        "a": 0,
                        "w": 0,
                        "l": 0
                    },
                    "custom": {
                        "k": 0,
                        "d": 0,
                        "a": 0,
                        "w": 0,
                        "l": 0
                    }
                },
                {
                    "season": 3,
                    "ranked": {
                        "k": 5736,
                        "d": 4051,
                        "a": 636,
                        "w": 185,
                        "l": 125
                    },
                    "casual": {
                        "k": 7066,
                        "d": 2451,
                        "a": 461,
                        "w": 119,
                        "l": 29
                    },
                    "custom": {
                        "k": 2652,
                        "d": 1846,
                        "a": 203,
                        "w": 0,
                        "l": 0
                    }
                },
                {
                    "season": 4,
                    "ranked": {
                        "k": 1712,
                        "d": 1366,
                        "a": 199,
                        "w": 51,
                        "l": 44
                    },
                    "casual": {
                        "k": 12289,
                        "d": 4596,
                        "a": 831,
                        "w": 93,
                        "l": 19
                    },
                    "custom": {
                        "k": 2209,
                        "d": 961,
                        "a": 141,
                        "w": 0,
                        "l": 0
                    }
                },
                {
                    "season": 5,
                    "ranked": {
                        "k": 1409,
                        "d": 1164,
                        "a": 177,
                        "w": 61,
                        "l": 34
                    },
                    "casual": {
                        "k": 12497,
                        "d": 5016,
                        "a": 863,
                        "w": 296,
                        "l": 61
                    },
                    "custom": {
                        "k": 2901,
                        "d": 1887,
                        "a": 154,
                        "w": 0,
                        "l": 0
                    }
                },
                {
                    "season": 6,
                    "ranked": {
                        "k": 292,
                        "d": 181,
                        "a": 39,
                        "w": 17,
                        "l": 1
                    },
                    "casual": {
                        "k": 1544,
                        "d": 530,
                        "a": 103,
                        "w": 20,
                        "l": 1
                    },
                    "custom": {
                        "k": 396,
                        "d": 229,
                        "a": 26,
                        "w": 0,
                        "l": 0
                    }
                }
            ],
            "ranked": {
                "placement_matches_left": 0,
                "highest_rank": 9,
                "rating": 2201,
                "global_position": 164,
                "rank": 9
            }
        },
        "ban": null,
        "reports": []
    }
]