[
    {
        "basicInfo": {
            "userID": 1515499,
            "name": "Triton",
            "userType": 1,
            "iconID": 318,
            "level": 603
        },
        "userSettings": {
            "blockFriendRequests": false,
            "block_clan_requests": false,
            "equipped_emblem": 152
        },
        "friendStatus": 0,
        "stats": {
            "seasonal_stats": [
                {
                    "season": 0,
                    "ranked": {
                        "k": 768,
                        "d": 809,
                        "a": 97,
                        "w": 41,
                        "l": 33
                    },
                    "casual": {
                        "k": 0,
                        "d": 0,
                        "a": 0,
                        "w": 0,
                        "l": 0
                    },
                    "custom": {
                        "k": 35650,
                        "d": 20551,
                        "a": 2857,
                        "w": 0,
                        "l": 0
                    }
                },
                {
                    "season": 1,
                    "ranked": {
                        "k": 3401,
                        "d": 2746,
                        "a": 369,
                        "w": 156,
                        "l": 127
                    },
                    "casual": {
                        "k": 0,
                        "d": 0,
                        "a": 0,
                        "w": 201,
                        "l": 77
                    },
                    "custom": {
                        "k": 0,
                        "d": 0,
                        "a": 0,
                        "w": 0,
                        "l": 0
                    }
                },
                {
                    "season": 2,
                    "ranked": {
                        "k": 12981,
                        "d": 12889,
                        "a": 1630,
                        "w": 682,
                        "l": 555
                    },
                    "casual": {
                        "k": 69,
                        "d": 52,
                        "a": 6,
                        "w": 419,
                        "l": 364
                    },
                    "custom": {
                        "k": 212,
                        "d": 237,
                        "a": 11,
                        "w": 1,
                        "l": 1
                    }
                },
                {
                    "season": 3,
                    "ranked": {
                        "k": 4279,
                        "d": 4138,
                        "a": 596,
                        "w": 190,
                        "l": 102
                    },
                    "casual": {
                        "k": 13744,
                        "d": 6533,
                        "a": 1148,
                        "w": 371,
                        "l": 150
                    },
                    "custom": {
                        "k": 3445,
                        "d": 2417,
                        "a": 164,
                        "w": 0,
                        "l": 0
                    }
                },
                {
                    "season": 4,
                    "ranked": {
                        "k": 700,
                        "d": 478,
                        "a": 92,
                        "w": 31,
                        "l": 7
                    },
                    "casual": {
                        "k": 10011,
                        "d": 4627,
                        "a": 884,
                        "w": 313,
                        "l": 78
                    },
                    "custom": {
                        "k": 4957,
                        "d": 4208,
                        "a": 321,
                        "w": 0,
                        "l": 0
                    }
                },
                {
                    "season": 5,
                    "ranked": {
                        "k": 218,
                        "d": 159,
                        "a": 35,
                        "w": 10,
                        "l": 2
                    },
                    "casual": {
                        "k": 3589,
                        "d": 1753,
                        "a": 233,
                        "w": 116,
                        "l": 33
                    },
                    "custom": {
                        "k": 1322,
                        "d": 1149,
                        "a": 34,
                        "w": 0,
                        "l": 0
                    }
                },
                {
                    "season": 6,
                    "ranked": {
                        "k": 800,
                        "d": 425,
                        "a": 94,
                        "w": 45,
                        "l": 2
                    },
                    "casual": {
                        "k": 2729,
                        "d": 1175,
                        "a": 227,
                        "w": 62,
                        "l": 13
                    },
                    "custom": {
                        "k": 1414,
                        "d": 1157,
                        "a": 161,
                        "w": 0,
                        "l": 0
                    }
                }
            ],
            "ranked": {
                "placement_matches_left": 0,
                "highest_rank": 9,
                "rating": 2374,
                "global_position": 18,
                "rank": 9
            }
        },
        "ban": null,
        "reports": [],
        "clan": {
            "basicInfo": {
                "name": "SeMinaI",
                "tag": "SeM"
            },
            "id": 115034,
            "memberRank": 10
        }
    }
]