[
    {
        "basicInfo": {
            "userID": 159082201,
            "name": "tthur",
            "userType": 1,
            "iconID": 318,
            "level": 295
        },
        "userSettings": {
            "blockFriendRequests": false,
            "block_clan_requests": false,
            "equipped_emblem": 139
        },
        "friendStatus": 0,
        "stats": {
            "seasonal_stats": [
                {
                    "season": 0,
                    "ranked": {
                        "k": 0,
                        "d": 0,
                        "a": 0,
                        "w": 0,
                        "l": 0
                    },
                    "casual": {
                        "k": 0,
                        "d": 0,
                        "a": 0,
                        "w": 0,
                        "l": 0
                    },
                    "custom": {
                        "k": 14432,
                        "d": 8598,
                        "a": 1302,
                        "w": 0,
                        "l": 0
                    }
                },
                {
                    "season": 1,
                    "ranked": {
                        "k": 0,
                        "d": 0,
                        "a": 0,
                        "w": 0,
                        "l": 0
                    },
                    "casual": {
                        "k": 0,
                        "d": 0,
                        "a": 0,
                        "w": 0,
                        "l": 0
                    },
                    "custom": {
                        "k": 0,
                        "d": 0,
                        "a": 0,
                        "w": 0,
                        "l": 0
                    }
                },
                {
                    "season": 2,
                    "ranked": {
                        "k": 2802,
                        "d": 2416,
                        "a": 382,
                        "w": 130,
                        "l": 120
                    },
                    "casual": {
                        "k": 0,
                        "d": 0,
                        "a": 0,
                        "w": 325,
                        "l": 129
                    },
                    "custom": {
                        "k": 0,
                        "d": 0,
                        "a": 0,
                        "w": 0,
                        "l": 0
                    }
                },
                {
                    "season": 3,
                    "ranked": {
                        "k": 8775,
                        "d": 6373,
                        "a": 967,
                        "w": 261,
                        "l": 194
                    },
                    "casual": {
                        "k": 3022,
                        "d": 1646,
                        "a": 263,
                        "w": 48,
                        "l": 18
                    },
                    "custom": {
                        "k": 5750,
                        "d": 4347,
                        "a": 406,
                        "w": 0,
                        "l": 0
                    }
                },
                {
                    "season": 4,
                    "ranked": {
                        "k": 8433,
                        "d": 6649,
                        "a": 1045,
                        "w": 289,
                        "l": 193
                    },
                    "casual": {
                        "k": 3923,
                        "d": 1731,
                        "a": 267,
                        "w": 31,
                        "l": 5
                    },
                    "custom": {
                        "k": 7684,
                        "d": 5995,
                        "a": 828,
                        "w": 0,
                        "l": 0
                    }
                },
                {
                    "season": 5,
                    "ranked": {
                        "k": 3884,
                        "d": 2801,
                        "a": 555,
                        "w": 122,
                        "l": 80
                    },
                    "casual": {
                        "k": 2448,
                        "d": 955,
                        "a": 135,
                        "w": 23,
                        "l": 3
                    },
                    "custom": {
                        "k": 5444,
                        "d": 4416,
                        "a": 522,
                        "w": 0,
                        "l": 0
                    }
                },
                {
                    "season": 6,
                    "ranked": {
                        "k": 1552,
                        "d": 1125,
                        "a": 194,
                        "w": 56,
                        "l": 24
                    },
                    "casual": {
                        "k": 518,
                        "d": 179,
                        "a": 33,
                        "w": 0,
                        "l": 0
                    },
                    "custom": {
                        "k": 1621,
                        "d": 1359,
                        "a": 175,
                        "w": 0,
                        "l": 0
                    }
                }
            ],
            "ranked": {
                "placement_matches_left": 0,
                "highest_rank": 9,
                "rating": 2179,
                "global_position": 220,
                "rank": 9
            }
        },
        "ban": null,
        "reports": [],
        "clan": {
            "basicInfo": {
                "name": "Flawless Team",
                "tag": "less"
            },
            "id": 26103,
            "memberRank": 10
        }
    }
]