[
    {
        "basicInfo": {
            "userID": 68044928,
            "name": "ttos",
            "userType": 1,
            "iconID": 317,
            "level": 444
        },
        "userSettings": {
            "blockFriendRequests": true,
            "block_clan_requests": false,
            "equipped_emblem": 317
        },
        "friendStatus": 0,
        "stats": {
            "seasonal_stats": [
                {
                    "season": 0,
                    "ranked": {
                        "k": 26568,
                        "d": 13796,
                        "a": 2025,
                        "w": 1062,
                        "l": 614
                    },
                    "casual": {
                        "k": 0,
                        "d": 0,
                        "a": 0,
                        "w": 0,
                        "l": 0
                    },
                    "custom": {
                        "k": 136612,
                        "d": 38619,
                        "a": 4993,
                        "w": 0,
                        "l": 0
                    }
                },
                {
                    "season": 1,
                    "ranked": {
                        "k": 2652,
                        "d": 1371,
                        "a": 198,
                        "w": 100,
                        "l": 69
                    },
                    "casual": {
                        "k": 0,
                        "d": 0,
                        "a": 0,
                        "w": 12,
                        "l": 2
                    },
                    "custom": {
                        "k": 0,
                        "d": 0,
                        "a": 0,
                        "w": 0,
                        "l": 0
                    }
                },
                {
                    "season": 2,
                    "ranked": {
                        "k": 10120,
                        "d": 5300,
                        "a": 850,
                        "w": 412,
                        "l": 227
                    },
                    "casual": {
                        "k": 71,
                        "d": 43,
                        "a": 7,
                        "w": 84,
                        "l": 60
                    },
                    "custom": {
                        "k": 233,
                        "d": 156,
                        "a": 35,
                        "w": 0,
                        "l": 0
                    }
                },
                {
                    "season": 3,
                    "ranked": {
                        "k": 4867,
                        "d": 3032,
                        "a": 449,
                        "w": 184,
                        "l": 64
                    },
                    "casual": {
                        "k": 12896,
                        "d": 4452,
                        "a": 652,
                        "w": 180,
                        "l": 50
                    },
                    "custom": {
                        "k": 8057,
                        "d": 6923,
                        "a": 779,
                        "w": 0,
                        "l": 0
                    }
                },
                {
                    "season": 4,
                    "ranked": {
                        "k": 2471,
                        "d": 1613,
                        "a": 214,
                        "w": 109,
                        "l": 30
                    },
                    "casual": {
                        "k": 11597,
                        "d": 4202,
                        "a": 660,
                        "w": 144,
                        "l": 29
                    },
                    "custom": {
                        "k": 9469,
                        "d": 8140,
                        "a": 826,
                        "w": 0,
                        "l": 0
                    }
                },
                {
                    "season": 5,
                    "ranked": {
                        "k": 2685,
                        "d": 1637,
                        "a": 252,
                        "w": 134,
                        "l": 21
                    },
                    "casual": {
                        "k": 4593,
                        "d": 1774,
                        "a": 260,
                        "w": 26,
                        "l": 9
                    },
                    "custom": {
                        "k": 2839,
                        "d": 2656,
                        "a": 327,
                        "w": 0,
                        "l": 0
                    }
                },
                {
                    "season": 6,
                    "ranked": {
                        "k": 987,
                        "d": 703,
                        "a": 99,
                        "w": 48,
                        "l": 10
                    },
                    "casual": {
                        "k": 1776,
                        "d": 667,
                        "a": 76,
                        "w": 5,
                        "l": 3
                    },
                    "custom": {
                        "k": 715,
                        "d": 596,
                        "a": 94,
                        "w": 0,
                        "l": 0
                    }
                }
            ],
            "ranked": {
                "placement_matches_left": 0,
                "highest_rank": 9,
                "rating": 2312,
                "global_position": 38,
                "rank": 9
            }
        },
        "ban": null,
        "reports": []
    }
]