[
    {
        "basicInfo": {
            "userID": 105105332,
            "name": "TuIip",
            "userType": 1,
            "iconID": 295,
            "level": 327
        },
        "userSettings": {
            "blockFriendRequests": false,
            "block_clan_requests": false,
            "equipped_emblem": 3
        },
        "friendStatus": 0,
        "stats": {
            "seasonal_stats": [
                {
                    "season": 0,
                    "ranked": {
                        "k": 8,
                        "d": 8,
                        "a": 0,
                        "w": 0,
                        "l": 0
                    },
                    "casual": {
                        "k": 0,
                        "d": 0,
                        "a": 0,
                        "w": 0,
                        "l": 0
                    },
                    "custom": {
                        "k": 16966,
                        "d": 7670,
                        "a": 953,
                        "w": 0,
                        "l": 0
                    }
                },
                {
                    "season": 1,
                    "ranked": {
                        "k": 0,
                        "d": 0,
                        "a": 0,
                        "w": 0,
                        "l": 0
                    },
                    "casual": {
                        "k": 0,
                        "d": 0,
                        "a": 0,
                        "w": 0,
                        "l": 0
                    },
                    "custom": {
                        "k": 0,
                        "d": 0,
                        "a": 0,
                        "w": 0,
                        "l": 0
                    }
                },
                {
                    "season": 2,
                    "ranked": {
                        "k": 2348,
                        "d": 1717,
                        "a": 241,
                        "w": 111,
                        "l": 81
                    },
                    "casual": {
                        "k": 89,
                        "d": 37,
                        "a": 10,
                        "w": 191,
                        "l": 36
                    },
                    "custom": {
                        "k": 299,
                        "d": 85,
                        "a": 6,
                        "w": 0,
                        "l": 0
                    }
                },
                {
                    "season": 3,
                    "ranked": {
                        "k": 2229,
                        "d": 1677,
                        "a": 215,
                        "w": 76,
                        "l": 49
                    },
                    "casual": {
                        "k": 24653,
                        "d": 8085,
                        "a": 1643,
                        "w": 415,
                        "l": 125
                    },
                    "custom": {
                        "k": 9965,
                        "d": 5895,
                        "a": 588,
                        "w": 0,
                        "l": 0
                    }
                },
                {
                    "season": 4,
                    "ranked": {
                        "k": 945,
                        "d": 711,
                        "a": 111,
                        "w": 30,
                        "l": 20
                    },
                    "casual": {
                        "k": 9896,
                        "d": 3454,
                        "a": 674,
                        "w": 107,
                        "l": 15
                    },
                    "custom": {
                        "k": 5719,
                        "d": 3938,
                        "a": 376,
                        "w": 0,
                        "l": 0
                    }
                },
                {
                    "season": 5,
                    "ranked": {
                        "k": 493,
                        "d": 354,
                        "a": 70,
                        "w": 23,
                        "l": 6
                    },
                    "casual": {
                        "k": 5407,
                        "d": 1942,
                        "a": 373,
                        "w": 85,
                        "l": 13
                    },
                    "custom": {
                        "k": 5878,
                        "d": 4005,
                        "a": 292,
                        "w": 0,
                        "l": 0
                    }
                },
                {
                    "season": 6,
                    "ranked": {
                        "k": 294,
                        "d": 167,
                        "a": 35,
                        "w": 19,
                        "l": 1
                    },
                    "casual": {
                        "k": 2829,
                        "d": 829,
                        "a": 180,
                        "w": 17,
                        "l": 1
                    },
                    "custom": {
                        "k": 2620,
                        "d": 1971,
                        "a": 251,
                        "w": 0,
                        "l": 0
                    }
                }
            ],
            "ranked": {
                "placement_matches_left": 0,
                "highest_rank": 9,
                "rating": 2202,
                "global_position": 161,
                "rank": 9
            }
        },
        "ban": null,
        "reports": [],
        "clan": {
            "basicInfo": {
                "name": "No Mercy",
                "tag": "nM"
            },
            "id": 12,
            "memberRank": 10
        }
    }
]