[
    {
        "basicInfo": {
            "userID": 14462565,
            "name": "TuItankz",
            "userType": 1,
            "iconID": 18,
            "level": 519
        },
        "userSettings": {
            "blockFriendRequests": false,
            "block_clan_requests": false,
            "equipped_emblem": 62
        },
        "friendStatus": 0,
        "stats": {
            "seasonal_stats": [
                {
                    "season": 0,
                    "ranked": {
                        "k": 16047,
                        "d": 13520,
                        "a": 2292,
                        "w": 956,
                        "l": 478
                    },
                    "casual": {
                        "k": 0,
                        "d": 0,
                        "a": 0,
                        "w": 0,
                        "l": 2
                    },
                    "custom": {
                        "k": 78817,
                        "d": 50805,
                        "a": 7338,
                        "w": 0,
                        "l": 0
                    }
                },
                {
                    "season": 1,
                    "ranked": {
                        "k": 5390,
                        "d": 4662,
                        "a": 850,
                        "w": 328,
                        "l": 163
                    },
                    "casual": {
                        "k": 0,
                        "d": 0,
                        "a": 0,
                        "w": 230,
                        "l": 73
                    },
                    "custom": {
                        "k": 0,
                        "d": 0,
                        "a": 0,
                        "w": 0,
                        "l": 0
                    }
                },
                {
                    "season": 2,
                    "ranked": {
                        "k": 9920,
                        "d": 9433,
                        "a": 1683,
                        "w": 625,
                        "l": 312
                    },
                    "casual": {
                        "k": 0,
                        "d": 0,
                        "a": 0,
                        "w": 295,
                        "l": 82
                    },
                    "custom": {
                        "k": 1,
                        "d": 0,
                        "a": 1,
                        "w": 0,
                        "l": 0
                    }
                },
                {
                    "season": 3,
                    "ranked": {
                        "k": 3873,
                        "d": 3274,
                        "a": 562,
                        "w": 161,
                        "l": 68
                    },
                    "casual": {
                        "k": 9727,
                        "d": 5291,
                        "a": 907,
                        "w": 244,
                        "l": 78
                    },
                    "custom": {
                        "k": 1265,
                        "d": 1632,
                        "a": 114,
                        "w": 0,
                        "l": 0
                    }
                },
                {
                    "season": 4,
                    "ranked": {
                        "k": 312,
                        "d": 267,
                        "a": 47,
                        "w": 17,
                        "l": 4
                    },
                    "casual": {
                        "k": 3534,
                        "d": 2192,
                        "a": 275,
                        "w": 49,
                        "l": 15
                    },
                    "custom": {
                        "k": 1563,
                        "d": 1810,
                        "a": 157,
                        "w": 0,
                        "l": 0
                    }
                },
                {
                    "season": 5,
                    "ranked": {
                        "k": 3443,
                        "d": 2875,
                        "a": 491,
                        "w": 152,
                        "l": 59
                    },
                    "casual": {
                        "k": 3312,
                        "d": 1850,
                        "a": 282,
                        "w": 41,
                        "l": 16
                    },
                    "custom": {
                        "k": 1346,
                        "d": 1738,
                        "a": 142,
                        "w": 0,
                        "l": 0
                    }
                },
                {
                    "season": 6,
                    "ranked": {
                        "k": 152,
                        "d": 114,
                        "a": 31,
                        "w": 10,
                        "l": 0
                    },
                    "casual": {
                        "k": 7485,
                        "d": 3589,
                        "a": 483,
                        "w": 9,
                        "l": 6
                    },
                    "custom": {
                        "k": 1676,
                        "d": 1767,
                        "a": 217,
                        "w": 0,
                        "l": 0
                    }
                }
            ],
            "ranked": {
                "placement_matches_left": 0,
                "highest_rank": 9,
                "rating": 2235,
                "global_position": 100,
                "rank": 9
            }
        },
        "ban": null,
        "reports": [],
        "clan": {
            "basicInfo": {
                "name": "MercilessGG",
                "tag": "merc"
            },
            "id": 26438,
            "memberRank": 10
        }
    }
]