[
    {
        "basicInfo": {
            "userID": 91639217,
            "name": "txxt",
            "userType": 1,
            "iconID": 122,
            "level": 561
        },
        "userSettings": {
            "blockFriendRequests": false,
            "block_clan_requests": false,
            "equipped_emblem": 316
        },
        "friendStatus": 0,
        "stats": {
            "seasonal_stats": [
                {
                    "season": 0,
                    "ranked": {
                        "k": 814,
                        "d": 585,
                        "a": 112,
                        "w": 36,
                        "l": 25
                    },
                    "casual": {
                        "k": 0,
                        "d": 0,
                        "a": 0,
                        "w": 0,
                        "l": 0
                    },
                    "custom": {
                        "k": 13096,
                        "d": 7681,
                        "a": 1244,
                        "w": 0,
                        "l": 0
                    }
                },
                {
                    "season": 1,
                    "ranked": {
                        "k": 450,
                        "d": 322,
                        "a": 51,
                        "w": 24,
                        "l": 9
                    },
                    "casual": {
                        "k": 0,
                        "d": 0,
                        "a": 0,
                        "w": 162,
                        "l": 69
                    },
                    "custom": {
                        "k": 0,
                        "d": 0,
                        "a": 0,
                        "w": 0,
                        "l": 0
                    }
                },
                {
                    "season": 2,
                    "ranked": {
                        "k": 690,
                        "d": 606,
                        "a": 83,
                        "w": 30,
                        "l": 28
                    },
                    "casual": {
                        "k": 0,
                        "d": 0,
                        "a": 0,
                        "w": 237,
                        "l": 96
                    },
                    "custom": {
                        "k": 0,
                        "d": 0,
                        "a": 0,
                        "w": 0,
                        "l": 0
                    }
                },
                {
                    "season": 3,
                    "ranked": {
                        "k": 5230,
                        "d": 4599,
                        "a": 685,
                        "w": 172,
                        "l": 136
                    },
                    "casual": {
                        "k": 31398,
                        "d": 16133,
                        "a": 2615,
                        "w": 888,
                        "l": 292
                    },
                    "custom": {
                        "k": 8199,
                        "d": 5213,
                        "a": 289,
                        "w": 0,
                        "l": 0
                    }
                },
                {
                    "season": 4,
                    "ranked": {
                        "k": 4740,
                        "d": 4165,
                        "a": 540,
                        "w": 172,
                        "l": 111
                    },
                    "casual": {
                        "k": 36172,
                        "d": 17848,
                        "a": 2583,
                        "w": 641,
                        "l": 183
                    },
                    "custom": {
                        "k": 8299,
                        "d": 6731,
                        "a": 757,
                        "w": 0,
                        "l": 0
                    }
                },
                {
                    "season": 5,
                    "ranked": {
                        "k": 6561,
                        "d": 4303,
                        "a": 785,
                        "w": 250,
                        "l": 84
                    },
                    "casual": {
                        "k": 11054,
                        "d": 4559,
                        "a": 784,
                        "w": 133,
                        "l": 23
                    },
                    "custom": {
                        "k": 4047,
                        "d": 3402,
                        "a": 348,
                        "w": 0,
                        "l": 0
                    }
                },
                {
                    "season": 6,
                    "ranked": {
                        "k": 2024,
                        "d": 1435,
                        "a": 247,
                        "w": 78,
                        "l": 25
                    },
                    "casual": {
                        "k": 6478,
                        "d": 2765,
                        "a": 473,
                        "w": 111,
                        "l": 15
                    },
                    "custom": {
                        "k": 1406,
                        "d": 286,
                        "a": 49,
                        "w": 0,
                        "l": 0
                    }
                }
            ],
            "ranked": {
                "placement_matches_left": 0,
                "highest_rank": 9,
                "rating": 2197,
                "global_position": 171,
                "rank": 9
            }
        },
        "ban": null,
        "reports": []
    }
]