[
    {
        "basicInfo": {
            "userID": 149496936,
            "name": "Tyluh SA",
            "userType": 1,
            "iconID": 64,
            "level": 400
        },
        "userSettings": {
            "blockFriendRequests": false,
            "block_clan_requests": false,
            "equipped_emblem": 64
        },
        "friendStatus": 0,
        "stats": {
            "seasonal_stats": [
                {
                    "season": 0,
                    "ranked": {
                        "k": 0,
                        "d": 0,
                        "a": 0,
                        "w": 0,
                        "l": 0
                    },
                    "casual": {
                        "k": 0,
                        "d": 0,
                        "a": 0,
                        "w": 0,
                        "l": 0
                    },
                    "custom": {
                        "k": 60909,
                        "d": 27087,
                        "a": 4601,
                        "w": 0,
                        "l": 0
                    }
                },
                {
                    "season": 1,
                    "ranked": {
                        "k": 182,
                        "d": 136,
                        "a": 26,
                        "w": 9,
                        "l": 7
                    },
                    "casual": {
                        "k": 0,
                        "d": 0,
                        "a": 0,
                        "w": 232,
                        "l": 103
                    },
                    "custom": {
                        "k": 0,
                        "d": 0,
                        "a": 0,
                        "w": 0,
                        "l": 0
                    }
                },
                {
                    "season": 2,
                    "ranked": {
                        "k": 1368,
                        "d": 1246,
                        "a": 178,
                        "w": 72,
                        "l": 64
                    },
                    "casual": {
                        "k": 228,
                        "d": 139,
                        "a": 18,
                        "w": 697,
                        "l": 225
                    },
                    "custom": {
                        "k": 31,
                        "d": 24,
                        "a": 2,
                        "w": 0,
                        "l": 0
                    }
                },
                {
                    "season": 3,
                    "ranked": {
                        "k": 3720,
                        "d": 2898,
                        "a": 478,
                        "w": 145,
                        "l": 69
                    },
                    "casual": {
                        "k": 37270,
                        "d": 11991,
                        "a": 2472,
                        "w": 712,
                        "l": 149
                    },
                    "custom": {
                        "k": 13173,
                        "d": 10498,
                        "a": 1257,
                        "w": 0,
                        "l": 0
                    }
                },
                {
                    "season": 4,
                    "ranked": {
                        "k": 886,
                        "d": 718,
                        "a": 123,
                        "w": 32,
                        "l": 22
                    },
                    "casual": {
                        "k": 30424,
                        "d": 8150,
                        "a": 1715,
                        "w": 492,
                        "l": 88
                    },
                    "custom": {
                        "k": 8149,
                        "d": 6418,
                        "a": 812,
                        "w": 0,
                        "l": 0
                    }
                },
                {
                    "season": 5,
                    "ranked": {
                        "k": 710,
                        "d": 455,
                        "a": 60,
                        "w": 31,
                        "l": 9
                    },
                    "casual": {
                        "k": 14515,
                        "d": 3843,
                        "a": 770,
                        "w": 201,
                        "l": 29
                    },
                    "custom": {
                        "k": 4242,
                        "d": 3357,
                        "a": 375,
                        "w": 0,
                        "l": 0
                    }
                },
                {
                    "season": 6,
                    "ranked": {
                        "k": 679,
                        "d": 435,
                        "a": 93,
                        "w": 36,
                        "l": 4
                    },
                    "casual": {
                        "k": 563,
                        "d": 160,
                        "a": 24,
                        "w": 8,
                        "l": 0
                    },
                    "custom": {
                        "k": 280,
                        "d": 208,
                        "a": 31,
                        "w": 0,
                        "l": 0
                    }
                }
            ],
            "ranked": {
                "placement_matches_left": 0,
                "highest_rank": 9,
                "rating": 2302,
                "global_position": 43,
                "rank": 9
            }
        },
        "ban": null,
        "reports": [],
        "clan": {
            "basicInfo": {
                "name": "Underestimated",
                "tag": "UE"
            },
            "id": 1287,
            "memberRank": 10
        }
    }
]