[
    {
        "basicInfo": {
            "userID": 168567840,
            "name": "uncover",
            "userType": 1,
            "iconID": 316,
            "level": 135
        },
        "userSettings": {
            "blockFriendRequests": false,
            "block_clan_requests": false,
            "equipped_emblem": 316
        },
        "friendStatus": 0,
        "stats": {
            "seasonal_stats": [
                {
                    "season": 0,
                    "ranked": {
                        "k": 0,
                        "d": 0,
                        "a": 0,
                        "w": 0,
                        "l": 0
                    },
                    "casual": {
                        "k": 0,
                        "d": 0,
                        "a": 0,
                        "w": 0,
                        "l": 0
                    },
                    "custom": {
                        "k": 3130,
                        "d": 1575,
                        "a": 178,
                        "w": 0,
                        "l": 0
                    }
                },
                {
                    "season": 1,
                    "ranked": {
                        "k": 0,
                        "d": 0,
                        "a": 0,
                        "w": 0,
                        "l": 0
                    },
                    "casual": {
                        "k": 0,
                        "d": 0,
                        "a": 0,
                        "w": 0,
                        "l": 0
                    },
                    "custom": {
                        "k": 0,
                        "d": 0,
                        "a": 0,
                        "w": 0,
                        "l": 0
                    }
                },
                {
                    "season": 2,
                    "ranked": {
                        "k": 1473,
                        "d": 917,
                        "a": 158,
                        "w": 60,
                        "l": 38
                    },
                    "casual": {
                        "k": 137,
                        "d": 62,
                        "a": 11,
                        "w": 13,
                        "l": 1
                    },
                    "custom": {
                        "k": 89,
                        "d": 97,
                        "a": 10,
                        "w": 0,
                        "l": 0
                    }
                },
                {
                    "season": 3,
                    "ranked": {
                        "k": 3868,
                        "d": 3237,
                        "a": 413,
                        "w": 126,
                        "l": 100
                    },
                    "casual": {
                        "k": 12361,
                        "d": 5111,
                        "a": 910,
                        "w": 124,
                        "l": 41
                    },
                    "custom": {
                        "k": 6124,
                        "d": 5406,
                        "a": 389,
                        "w": 0,
                        "l": 0
                    }
                },
                {
                    "season": 4,
                    "ranked": {
                        "k": 559,
                        "d": 466,
                        "a": 65,
                        "w": 21,
                        "l": 11
                    },
                    "casual": {
                        "k": 814,
                        "d": 469,
                        "a": 63,
                        "w": 16,
                        "l": 7
                    },
                    "custom": {
                        "k": 547,
                        "d": 512,
                        "a": 65,
                        "w": 0,
                        "l": 0
                    }
                },
                {
                    "season": 5,
                    "ranked": {
                        "k": 940,
                        "d": 839,
                        "a": 178,
                        "w": 35,
                        "l": 21
                    },
                    "casual": {
                        "k": 1621,
                        "d": 715,
                        "a": 138,
                        "w": 21,
                        "l": 4
                    },
                    "custom": {
                        "k": 79,
                        "d": 65,
                        "a": 10,
                        "w": 0,
                        "l": 0
                    }
                },
                {
                    "season": 6,
                    "ranked": {
                        "k": 372,
                        "d": 278,
                        "a": 85,
                        "w": 20,
                        "l": 2
                    },
                    "casual": {
                        "k": 837,
                        "d": 300,
                        "a": 44,
                        "w": 12,
                        "l": 1
                    },
                    "custom": {
                        "k": 0,
                        "d": 0,
                        "a": 0,
                        "w": 0,
                        "l": 0
                    }
                }
            ],
            "ranked": {
                "placement_matches_left": 0,
                "highest_rank": 9,
                "rating": 2226,
                "global_position": 111,
                "rank": 9
            }
        },
        "ban": null,
        "reports": [],
        "clan": {
            "basicInfo": {
                "name": "X Quadrant",
                "tag": "xQ"
            },
            "id": 83,
            "memberRank": 10
        }
    }
]