[
    {
        "basicInfo": {
            "userID": 34891176,
            "name": "Unique",
            "userType": 1,
            "iconID": 47,
            "level": 281
        },
        "userSettings": {
            "blockFriendRequests": false,
            "block_clan_requests": false,
            "equipped_emblem": 47
        },
        "friendStatus": 0,
        "stats": {
            "seasonal_stats": [
                {
                    "season": 0,
                    "ranked": {
                        "k": 3770,
                        "d": 3628,
                        "a": 568,
                        "w": 183,
                        "l": 171
                    },
                    "casual": {
                        "k": 0,
                        "d": 0,
                        "a": 0,
                        "w": 0,
                        "l": 0
                    },
                    "custom": {
                        "k": 48988,
                        "d": 29202,
                        "a": 4544,
                        "w": 0,
                        "l": 0
                    }
                },
                {
                    "season": 1,
                    "ranked": {
                        "k": 1193,
                        "d": 1100,
                        "a": 125,
                        "w": 55,
                        "l": 59
                    },
                    "casual": {
                        "k": 0,
                        "d": 0,
                        "a": 0,
                        "w": 191,
                        "l": 70
                    },
                    "custom": {
                        "k": 0,
                        "d": 0,
                        "a": 0,
                        "w": 0,
                        "l": 0
                    }
                },
                {
                    "season": 2,
                    "ranked": {
                        "k": 1491,
                        "d": 1253,
                        "a": 161,
                        "w": 70,
                        "l": 58
                    },
                    "casual": {
                        "k": 123,
                        "d": 52,
                        "a": 7,
                        "w": 71,
                        "l": 57
                    },
                    "custom": {
                        "k": 162,
                        "d": 165,
                        "a": 21,
                        "w": 0,
                        "l": 0
                    }
                },
                {
                    "season": 3,
                    "ranked": {
                        "k": 1928,
                        "d": 2009,
                        "a": 275,
                        "w": 71,
                        "l": 57
                    },
                    "casual": {
                        "k": 4528,
                        "d": 1889,
                        "a": 343,
                        "w": 74,
                        "l": 33
                    },
                    "custom": {
                        "k": 3713,
                        "d": 2629,
                        "a": 303,
                        "w": 0,
                        "l": 0
                    }
                },
                {
                    "season": 4,
                    "ranked": {
                        "k": 2771,
                        "d": 2374,
                        "a": 374,
                        "w": 94,
                        "l": 77
                    },
                    "casual": {
                        "k": 4775,
                        "d": 1500,
                        "a": 338,
                        "w": 35,
                        "l": 5
                    },
                    "custom": {
                        "k": 3698,
                        "d": 3524,
                        "a": 269,
                        "w": 0,
                        "l": 0
                    }
                },
                {
                    "season": 5,
                    "ranked": {
                        "k": 2392,
                        "d": 2038,
                        "a": 358,
                        "w": 87,
                        "l": 63
                    },
                    "casual": {
                        "k": 5925,
                        "d": 1976,
                        "a": 350,
                        "w": 34,
                        "l": 3
                    },
                    "custom": {
                        "k": 1605,
                        "d": 1429,
                        "a": 149,
                        "w": 0,
                        "l": 0
                    }
                },
                {
                    "season": 6,
                    "ranked": {
                        "k": 1758,
                        "d": 1479,
                        "a": 306,
                        "w": 98,
                        "l": 24
                    },
                    "casual": {
                        "k": 4050,
                        "d": 1509,
                        "a": 250,
                        "w": 13,
                        "l": 1
                    },
                    "custom": {
                        "k": 547,
                        "d": 360,
                        "a": 14,
                        "w": 0,
                        "l": 0
                    }
                }
            ],
            "ranked": {
                "placement_matches_left": 0,
                "highest_rank": 9,
                "rating": 2221,
                "global_position": 125,
                "rank": 9
            }
        },
        "ban": null,
        "reports": [],
        "clan": {
            "basicInfo": {
                "name": "Sky2Fly",
                "tag": "S2F"
            },
            "id": 28,
            "memberRank": 40
        }
    }
]