[
    {
        "basicInfo": {
            "userID": 189420215,
            "name": "Unskill228",
            "userType": 1,
            "iconID": 311,
            "level": 237
        },
        "userSettings": {
            "blockFriendRequests": false,
            "block_clan_requests": false,
            "equipped_emblem": 311
        },
        "friendStatus": 0,
        "stats": {
            "seasonal_stats": [
                {
                    "season": 0,
                    "ranked": {
                        "k": 0,
                        "d": 0,
                        "a": 0,
                        "w": 0,
                        "l": 0
                    },
                    "casual": {
                        "k": 0,
                        "d": 0,
                        "a": 0,
                        "w": 0,
                        "l": 0
                    },
                    "custom": {
                        "k": 0,
                        "d": 0,
                        "a": 0,
                        "w": 0,
                        "l": 0
                    }
                },
                {
                    "season": 1,
                    "ranked": {
                        "k": 0,
                        "d": 0,
                        "a": 0,
                        "w": 0,
                        "l": 0
                    },
                    "casual": {
                        "k": 0,
                        "d": 0,
                        "a": 0,
                        "w": 0,
                        "l": 0
                    },
                    "custom": {
                        "k": 0,
                        "d": 0,
                        "a": 0,
                        "w": 0,
                        "l": 0
                    }
                },
                {
                    "season": 2,
                    "ranked": {
                        "k": 0,
                        "d": 0,
                        "a": 0,
                        "w": 0,
                        "l": 0
                    },
                    "casual": {
                        "k": 0,
                        "d": 0,
                        "a": 0,
                        "w": 0,
                        "l": 0
                    },
                    "custom": {
                        "k": 0,
                        "d": 0,
                        "a": 0,
                        "w": 0,
                        "l": 0
                    }
                },
                {
                    "season": 3,
                    "ranked": {
                        "k": 0,
                        "d": 0,
                        "a": 0,
                        "w": 0,
                        "l": 0
                    },
                    "casual": {
                        "k": 0,
                        "d": 0,
                        "a": 0,
                        "w": 0,
                        "l": 0
                    },
                    "custom": {
                        "k": 0,
                        "d": 0,
                        "a": 0,
                        "w": 0,
                        "l": 0
                    }
                },
                {
                    "season": 4,
                    "ranked": {
                        "k": 3039,
                        "d": 2439,
                        "a": 374,
                        "w": 105,
                        "l": 68
                    },
                    "casual": {
                        "k": 6094,
                        "d": 2859,
                        "a": 425,
                        "w": 88,
                        "l": 34
                    },
                    "custom": {
                        "k": 996,
                        "d": 782,
                        "a": 68,
                        "w": 0,
                        "l": 0
                    }
                },
                {
                    "season": 5,
                    "ranked": {
                        "k": 3713,
                        "d": 3449,
                        "a": 596,
                        "w": 132,
                        "l": 101
                    },
                    "casual": {
                        "k": 13187,
                        "d": 5470,
                        "a": 927,
                        "w": 230,
                        "l": 57
                    },
                    "custom": {
                        "k": 7622,
                        "d": 2293,
                        "a": 309,
                        "w": 0,
                        "l": 0
                    }
                },
                {
                    "season": 6,
                    "ranked": {
                        "k": 1560,
                        "d": 1283,
                        "a": 250,
                        "w": 66,
                        "l": 28
                    },
                    "casual": {
                        "k": 5600,
                        "d": 2128,
                        "a": 385,
                        "w": 99,
                        "l": 22
                    },
                    "custom": {
                        "k": 517,
                        "d": 542,
                        "a": 89,
                        "w": 0,
                        "l": 0
                    }
                }
            ],
            "ranked": {
                "placement_matches_left": 0,
                "highest_rank": 9,
                "rating": 2223,
                "global_position": 119,
                "rank": 9
            }
        },
        "ban": null,
        "reports": [],
        "clan": {
            "basicInfo": {
                "name": "Invidious eS",
                "tag": "invs"
            },
            "id": 501,
            "memberRank": 40
        }
    }
]