[
    {
        "basicInfo": {
            "userID": 161950770,
            "name": "VADYA IS EXON",
            "userType": 1,
            "iconID": 179,
            "level": 307
        },
        "userSettings": {
            "blockFriendRequests": false,
            "block_clan_requests": false,
            "equipped_emblem": 197
        },
        "friendStatus": 0,
        "stats": {
            "seasonal_stats": [
                {
                    "season": 0,
                    "ranked": {
                        "k": 0,
                        "d": 0,
                        "a": 0,
                        "w": 0,
                        "l": 0
                    },
                    "casual": {
                        "k": 0,
                        "d": 0,
                        "a": 0,
                        "w": 0,
                        "l": 0
                    },
                    "custom": {
                        "k": 16115,
                        "d": 7267,
                        "a": 1018,
                        "w": 0,
                        "l": 0
                    }
                },
                {
                    "season": 1,
                    "ranked": {
                        "k": 0,
                        "d": 0,
                        "a": 0,
                        "w": 0,
                        "l": 0
                    },
                    "casual": {
                        "k": 0,
                        "d": 0,
                        "a": 0,
                        "w": 0,
                        "l": 0
                    },
                    "custom": {
                        "k": 0,
                        "d": 0,
                        "a": 0,
                        "w": 0,
                        "l": 0
                    }
                },
                {
                    "season": 2,
                    "ranked": {
                        "k": 1071,
                        "d": 939,
                        "a": 195,
                        "w": 59,
                        "l": 37
                    },
                    "casual": {
                        "k": 0,
                        "d": 0,
                        "a": 0,
                        "w": 440,
                        "l": 114
                    },
                    "custom": {
                        "k": 0,
                        "d": 0,
                        "a": 0,
                        "w": 0,
                        "l": 0
                    }
                },
                {
                    "season": 3,
                    "ranked": {
                        "k": 2449,
                        "d": 2432,
                        "a": 343,
                        "w": 86,
                        "l": 76
                    },
                    "casual": {
                        "k": 7678,
                        "d": 3413,
                        "a": 685,
                        "w": 196,
                        "l": 72
                    },
                    "custom": {
                        "k": 2745,
                        "d": 2118,
                        "a": 96,
                        "w": 0,
                        "l": 0
                    }
                },
                {
                    "season": 4,
                    "ranked": {
                        "k": 485,
                        "d": 449,
                        "a": 74,
                        "w": 13,
                        "l": 17
                    },
                    "casual": {
                        "k": 4776,
                        "d": 2075,
                        "a": 441,
                        "w": 85,
                        "l": 28
                    },
                    "custom": {
                        "k": 818,
                        "d": 521,
                        "a": 34,
                        "w": 0,
                        "l": 0
                    }
                },
                {
                    "season": 5,
                    "ranked": {
                        "k": 2629,
                        "d": 2440,
                        "a": 389,
                        "w": 100,
                        "l": 68
                    },
                    "casual": {
                        "k": 7490,
                        "d": 3090,
                        "a": 643,
                        "w": 217,
                        "l": 61
                    },
                    "custom": {
                        "k": 3083,
                        "d": 1338,
                        "a": 58,
                        "w": 0,
                        "l": 0
                    }
                },
                {
                    "season": 6,
                    "ranked": {
                        "k": 279,
                        "d": 162,
                        "a": 43,
                        "w": 13,
                        "l": 1
                    },
                    "casual": {
                        "k": 2782,
                        "d": 1138,
                        "a": 246,
                        "w": 56,
                        "l": 21
                    },
                    "custom": {
                        "k": 395,
                        "d": 187,
                        "a": 3,
                        "w": 0,
                        "l": 0
                    }
                }
            ],
            "ranked": {
                "placement_matches_left": 0,
                "highest_rank": 9,
                "rating": 2182,
                "global_position": 212,
                "rank": 9
            }
        },
        "ban": null,
        "reports": [],
        "clan": {
            "basicInfo": {
                "name": "NIkE TeAM",
                "tag": "TmN"
            },
            "id": 67813,
            "memberRank": 10
        }
    }
]