[
    {
        "basicInfo": {
            "userID": 3339140,
            "name": "Vanish",
            "userType": 1,
            "iconID": 0,
            "level": 79
        },
        "userSettings": {
            "blockFriendRequests": false,
            "block_clan_requests": false,
            "equipped_emblem": 1
        },
        "friendStatus": 0,
        "stats": {
            "seasonal_stats": [
                {
                    "season": 0,
                    "ranked": {
                        "k": 8452,
                        "d": 4859,
                        "a": 951,
                        "w": 354,
                        "l": 273
                    },
                    "casual": {
                        "k": 0,
                        "d": 0,
                        "a": 0,
                        "w": 0,
                        "l": 0
                    },
                    "custom": {
                        "k": 160506,
                        "d": 90175,
                        "a": 14550,
                        "w": 0,
                        "l": 0
                    }
                },
                {
                    "season": 1,
                    "ranked": {
                        "k": 55,
                        "d": 29,
                        "a": 3,
                        "w": 4,
                        "l": 0
                    },
                    "casual": {
                        "k": 0,
                        "d": 0,
                        "a": 0,
                        "w": 0,
                        "l": 0
                    },
                    "custom": {
                        "k": 0,
                        "d": 0,
                        "a": 0,
                        "w": 0,
                        "l": 0
                    }
                },
                {
                    "season": 2,
                    "ranked": {
                        "k": 882,
                        "d": 686,
                        "a": 102,
                        "w": 40,
                        "l": 34
                    },
                    "casual": {
                        "k": 0,
                        "d": 0,
                        "a": 0,
                        "w": 9,
                        "l": 5
                    },
                    "custom": {
                        "k": 0,
                        "d": 0,
                        "a": 0,
                        "w": 0,
                        "l": 0
                    }
                },
                {
                    "season": 3,
                    "ranked": {
                        "k": 38,
                        "d": 23,
                        "a": 3,
                        "w": 1,
                        "l": 1
                    },
                    "casual": {
                        "k": 4,
                        "d": 2,
                        "a": 2,
                        "w": 0,
                        "l": 0
                    },
                    "custom": {
                        "k": 698,
                        "d": 643,
                        "a": 87,
                        "w": 0,
                        "l": 0
                    }
                },
                {
                    "season": 4,
                    "ranked": {
                        "k": 381,
                        "d": 288,
                        "a": 57,
                        "w": 15,
                        "l": 6
                    },
                    "casual": {
                        "k": 80,
                        "d": 26,
                        "a": 5,
                        "w": 6,
                        "l": 1
                    },
                    "custom": {
                        "k": 705,
                        "d": 646,
                        "a": 118,
                        "w": 0,
                        "l": 0
                    }
                },
                {
                    "season": 5,
                    "ranked": {
                        "k": 3812,
                        "d": 3281,
                        "a": 667,
                        "w": 160,
                        "l": 72
                    },
                    "casual": {
                        "k": 607,
                        "d": 217,
                        "a": 39,
                        "w": 8,
                        "l": 2
                    },
                    "custom": {
                        "k": 657,
                        "d": 436,
                        "a": 79,
                        "w": 0,
                        "l": 0
                    }
                },
                {
                    "season": 6,
                    "ranked": {
                        "k": 342,
                        "d": 202,
                        "a": 62,
                        "w": 16,
                        "l": 2
                    },
                    "casual": {
                        "k": 0,
                        "d": 0,
                        "a": 0,
                        "w": 0,
                        "l": 0
                    },
                    "custom": {
                        "k": 358,
                        "d": 275,
                        "a": 68,
                        "w": 0,
                        "l": 0
                    }
                }
            ],
            "ranked": {
                "placement_matches_left": 0,
                "highest_rank": 9,
                "rating": 2188,
                "global_position": 197,
                "rank": 9
            }
        },
        "ban": null,
        "reports": [],
        "clan": {
            "basicInfo": {
                "name": "XioN",
                "tag": "XioN"
            },
            "id": 86,
            "memberRank": 10
        }
    }
]