[
    {
        "basicInfo": {
            "userID": 159628028,
            "name": "Venoly",
            "userType": 1,
            "iconID": 254,
            "level": 369
        },
        "userSettings": {
            "blockFriendRequests": false,
            "block_clan_requests": false,
            "equipped_emblem": 254
        },
        "friendStatus": 0,
        "stats": {
            "seasonal_stats": [
                {
                    "season": 0,
                    "ranked": {
                        "k": 0,
                        "d": 0,
                        "a": 0,
                        "w": 0,
                        "l": 0
                    },
                    "casual": {
                        "k": 0,
                        "d": 0,
                        "a": 0,
                        "w": 0,
                        "l": 0
                    },
                    "custom": {
                        "k": 24703,
                        "d": 15521,
                        "a": 2272,
                        "w": 0,
                        "l": 0
                    }
                },
                {
                    "season": 1,
                    "ranked": {
                        "k": 0,
                        "d": 0,
                        "a": 0,
                        "w": 0,
                        "l": 0
                    },
                    "casual": {
                        "k": 0,
                        "d": 0,
                        "a": 0,
                        "w": 0,
                        "l": 0
                    },
                    "custom": {
                        "k": 0,
                        "d": 0,
                        "a": 0,
                        "w": 0,
                        "l": 0
                    }
                },
                {
                    "season": 2,
                    "ranked": {
                        "k": 11313,
                        "d": 7990,
                        "a": 1420,
                        "w": 539,
                        "l": 338
                    },
                    "casual": {
                        "k": 73,
                        "d": 32,
                        "a": 7,
                        "w": 114,
                        "l": 50
                    },
                    "custom": {
                        "k": 294,
                        "d": 303,
                        "a": 28,
                        "w": 0,
                        "l": 0
                    }
                },
                {
                    "season": 3,
                    "ranked": {
                        "k": 7747,
                        "d": 5772,
                        "a": 923,
                        "w": 276,
                        "l": 133
                    },
                    "casual": {
                        "k": 21785,
                        "d": 7634,
                        "a": 1180,
                        "w": 228,
                        "l": 91
                    },
                    "custom": {
                        "k": 18040,
                        "d": 16125,
                        "a": 1773,
                        "w": 0,
                        "l": 0
                    }
                },
                {
                    "season": 4,
                    "ranked": {
                        "k": 1433,
                        "d": 1135,
                        "a": 184,
                        "w": 49,
                        "l": 34
                    },
                    "casual": {
                        "k": 9983,
                        "d": 3259,
                        "a": 516,
                        "w": 99,
                        "l": 18
                    },
                    "custom": {
                        "k": 8466,
                        "d": 6706,
                        "a": 1053,
                        "w": 0,
                        "l": 0
                    }
                },
                {
                    "season": 5,
                    "ranked": {
                        "k": 652,
                        "d": 479,
                        "a": 87,
                        "w": 28,
                        "l": 7
                    },
                    "casual": {
                        "k": 1058,
                        "d": 349,
                        "a": 46,
                        "w": 9,
                        "l": 1
                    },
                    "custom": {
                        "k": 1250,
                        "d": 1131,
                        "a": 183,
                        "w": 0,
                        "l": 0
                    }
                },
                {
                    "season": 6,
                    "ranked": {
                        "k": 182,
                        "d": 133,
                        "a": 21,
                        "w": 7,
                        "l": 3
                    },
                    "casual": {
                        "k": 423,
                        "d": 133,
                        "a": 20,
                        "w": 4,
                        "l": 0
                    },
                    "custom": {
                        "k": 665,
                        "d": 579,
                        "a": 76,
                        "w": 0,
                        "l": 0
                    }
                }
            ],
            "ranked": {
                "placement_matches_left": 0,
                "highest_rank": 9,
                "rating": 2189,
                "global_position": 195,
                "rank": 9
            }
        },
        "ban": null,
        "reports": [],
        "clan": {
            "basicInfo": {
                "name": "Team Exclusive",
                "tag": "EXCL"
            },
            "id": 33825,
            "memberRank": 10
        }
    }
]