[
    {
        "basicInfo": {
            "userID": 161975028,
            "name": "verso",
            "userType": 1,
            "iconID": 317,
            "level": 71
        },
        "userSettings": {
            "blockFriendRequests": false,
            "block_clan_requests": false,
            "equipped_emblem": 317
        },
        "friendStatus": 0,
        "stats": {
            "seasonal_stats": [
                {
                    "season": 0,
                    "ranked": {
                        "k": 0,
                        "d": 0,
                        "a": 0,
                        "w": 0,
                        "l": 0
                    },
                    "casual": {
                        "k": 0,
                        "d": 0,
                        "a": 0,
                        "w": 0,
                        "l": 0
                    },
                    "custom": {
                        "k": 999,
                        "d": 150,
                        "a": 51,
                        "w": 0,
                        "l": 0
                    }
                },
                {
                    "season": 1,
                    "ranked": {
                        "k": 0,
                        "d": 0,
                        "a": 0,
                        "w": 0,
                        "l": 0
                    },
                    "casual": {
                        "k": 0,
                        "d": 0,
                        "a": 0,
                        "w": 0,
                        "l": 0
                    },
                    "custom": {
                        "k": 0,
                        "d": 0,
                        "a": 0,
                        "w": 0,
                        "l": 0
                    }
                },
                {
                    "season": 2,
                    "ranked": {
                        "k": 939,
                        "d": 630,
                        "a": 109,
                        "w": 48,
                        "l": 20
                    },
                    "casual": {
                        "k": 0,
                        "d": 0,
                        "a": 0,
                        "w": 21,
                        "l": 4
                    },
                    "custom": {
                        "k": 0,
                        "d": 0,
                        "a": 0,
                        "w": 0,
                        "l": 0
                    }
                },
                {
                    "season": 3,
                    "ranked": {
                        "k": 1671,
                        "d": 1167,
                        "a": 179,
                        "w": 49,
                        "l": 36
                    },
                    "casual": {
                        "k": 0,
                        "d": 0,
                        "a": 0,
                        "w": 0,
                        "l": 0
                    },
                    "custom": {
                        "k": 0,
                        "d": 0,
                        "a": 0,
                        "w": 0,
                        "l": 0
                    }
                },
                {
                    "season": 4,
                    "ranked": {
                        "k": 324,
                        "d": 148,
                        "a": 36,
                        "w": 14,
                        "l": 2
                    },
                    "casual": {
                        "k": 588,
                        "d": 115,
                        "a": 32,
                        "w": 6,
                        "l": 0
                    },
                    "custom": {
                        "k": 71,
                        "d": 36,
                        "a": 14,
                        "w": 0,
                        "l": 0
                    }
                },
                {
                    "season": 5,
                    "ranked": {
                        "k": 196,
                        "d": 130,
                        "a": 30,
                        "w": 9,
                        "l": 1
                    },
                    "casual": {
                        "k": 166,
                        "d": 39,
                        "a": 2,
                        "w": 22,
                        "l": 0
                    },
                    "custom": {
                        "k": 73,
                        "d": 61,
                        "a": 12,
                        "w": 0,
                        "l": 0
                    }
                },
                {
                    "season": 6,
                    "ranked": {
                        "k": 186,
                        "d": 120,
                        "a": 37,
                        "w": 8,
                        "l": 2
                    },
                    "casual": {
                        "k": 460,
                        "d": 119,
                        "a": 38,
                        "w": 12,
                        "l": 1
                    },
                    "custom": {
                        "k": 152,
                        "d": 111,
                        "a": 21,
                        "w": 0,
                        "l": 0
                    }
                }
            ],
            "ranked": {
                "placement_matches_left": 0,
                "highest_rank": 9,
                "rating": 2190,
                "global_position": 194,
                "rank": 9
            }
        },
        "ban": null,
        "reports": [],
        "clan": {
            "basicInfo": {
                "name": "Team Sakura",
                "tag": "saku"
            },
            "id": 95146,
            "memberRank": 10
        }
    }
]