[
    {
        "basicInfo": {
            "userID": 75979559,
            "name": "vNxTro",
            "userType": 1,
            "iconID": 308,
            "level": 1009
        },
        "userSettings": {
            "blockFriendRequests": true,
            "block_clan_requests": false,
            "equipped_emblem": 40
        },
        "friendStatus": 0,
        "stats": {
            "seasonal_stats": [
                {
                    "season": 0,
                    "ranked": {
                        "k": 34768,
                        "d": 19501,
                        "a": 3673,
                        "w": 1785,
                        "l": 622
                    },
                    "casual": {
                        "k": 0,
                        "d": 0,
                        "a": 0,
                        "w": 1,
                        "l": 0
                    },
                    "custom": {
                        "k": 178838,
                        "d": 60809,
                        "a": 10458,
                        "w": 0,
                        "l": 0
                    }
                },
                {
                    "season": 1,
                    "ranked": {
                        "k": 790,
                        "d": 443,
                        "a": 87,
                        "w": 43,
                        "l": 11
                    },
                    "casual": {
                        "k": 0,
                        "d": 0,
                        "a": 0,
                        "w": 453,
                        "l": 69
                    },
                    "custom": {
                        "k": 0,
                        "d": 0,
                        "a": 0,
                        "w": 0,
                        "l": 0
                    }
                },
                {
                    "season": 2,
                    "ranked": {
                        "k": 806,
                        "d": 529,
                        "a": 104,
                        "w": 41,
                        "l": 19
                    },
                    "casual": {
                        "k": 5,
                        "d": 2,
                        "a": 2,
                        "w": 1101,
                        "l": 241
                    },
                    "custom": {
                        "k": 815,
                        "d": 441,
                        "a": 67,
                        "w": 2,
                        "l": 2
                    }
                },
                {
                    "season": 3,
                    "ranked": {
                        "k": 3902,
                        "d": 2179,
                        "a": 416,
                        "w": 98,
                        "l": 64
                    },
                    "casual": {
                        "k": 64763,
                        "d": 18410,
                        "a": 3663,
                        "w": 1309,
                        "l": 263
                    },
                    "custom": {
                        "k": 9689,
                        "d": 4949,
                        "a": 678,
                        "w": 0,
                        "l": 0
                    }
                },
                {
                    "season": 4,
                    "ranked": {
                        "k": 623,
                        "d": 306,
                        "a": 64,
                        "w": 27,
                        "l": 4
                    },
                    "casual": {
                        "k": 43012,
                        "d": 12875,
                        "a": 2407,
                        "w": 754,
                        "l": 90
                    },
                    "custom": {
                        "k": 6499,
                        "d": 3804,
                        "a": 511,
                        "w": 0,
                        "l": 0
                    }
                },
                {
                    "season": 5,
                    "ranked": {
                        "k": 1409,
                        "d": 997,
                        "a": 162,
                        "w": 75,
                        "l": 9
                    },
                    "casual": {
                        "k": 8493,
                        "d": 2852,
                        "a": 545,
                        "w": 107,
                        "l": 11
                    },
                    "custom": {
                        "k": 4858,
                        "d": 3395,
                        "a": 591,
                        "w": 0,
                        "l": 0
                    }
                },
                {
                    "season": 6,
                    "ranked": {
                        "k": 1186,
                        "d": 888,
                        "a": 167,
                        "w": 66,
                        "l": 7
                    },
                    "casual": {
                        "k": 1933,
                        "d": 491,
                        "a": 113,
                        "w": 85,
                        "l": 8
                    },
                    "custom": {
                        "k": 1548,
                        "d": 1103,
                        "a": 199,
                        "w": 0,
                        "l": 0
                    }
                }
            ],
            "ranked": {
                "placement_matches_left": 0,
                "highest_rank": 9,
                "rating": 2418,
                "global_position": 7,
                "rank": 9
            }
        },
        "ban": null,
        "reports": [],
        "clan": {
            "basicInfo": {
                "name": "Team Exclusive",
                "tag": "EXCL"
            },
            "id": 33825,
            "memberRank": 10
        }
    }
]