[
    {
        "basicInfo": {
            "userID": 52871964,
            "name": "Wage",
            "userType": 1,
            "iconID": 0,
            "level": 32
        },
        "userSettings": {
            "blockFriendRequests": false,
            "block_clan_requests": false,
            "equipped_emblem": 105
        },
        "friendStatus": 0,
        "stats": {
            "seasonal_stats": [
                {
                    "season": 0,
                    "ranked": {
                        "k": 1489,
                        "d": 1310,
                        "a": 163,
                        "w": 69,
                        "l": 62
                    },
                    "casual": {
                        "k": 0,
                        "d": 0,
                        "a": 0,
                        "w": 0,
                        "l": 0
                    },
                    "custom": {
                        "k": 42171,
                        "d": 26627,
                        "a": 3557,
                        "w": 0,
                        "l": 0
                    }
                },
                {
                    "season": 1,
                    "ranked": {
                        "k": 1541,
                        "d": 1223,
                        "a": 138,
                        "w": 68,
                        "l": 62
                    },
                    "casual": {
                        "k": 0,
                        "d": 0,
                        "a": 0,
                        "w": 0,
                        "l": 1
                    },
                    "custom": {
                        "k": 0,
                        "d": 0,
                        "a": 0,
                        "w": 0,
                        "l": 0
                    }
                },
                {
                    "season": 2,
                    "ranked": {
                        "k": 12,
                        "d": 8,
                        "a": 1,
                        "w": 1,
                        "l": 0
                    },
                    "casual": {
                        "k": 0,
                        "d": 0,
                        "a": 0,
                        "w": 0,
                        "l": 0
                    },
                    "custom": {
                        "k": 0,
                        "d": 0,
                        "a": 0,
                        "w": 0,
                        "l": 0
                    }
                },
                {
                    "season": 3,
                    "ranked": {
                        "k": 28,
                        "d": 17,
                        "a": 3,
                        "w": 1,
                        "l": 0
                    },
                    "casual": {
                        "k": 64,
                        "d": 38,
                        "a": 5,
                        "w": 0,
                        "l": 0
                    },
                    "custom": {
                        "k": 303,
                        "d": 403,
                        "a": 48,
                        "w": 0,
                        "l": 0
                    }
                },
                {
                    "season": 4,
                    "ranked": {
                        "k": 136,
                        "d": 109,
                        "a": 11,
                        "w": 4,
                        "l": 3
                    },
                    "casual": {
                        "k": 0,
                        "d": 0,
                        "a": 0,
                        "w": 0,
                        "l": 0
                    },
                    "custom": {
                        "k": 229,
                        "d": 217,
                        "a": 33,
                        "w": 0,
                        "l": 0
                    }
                },
                {
                    "season": 5,
                    "ranked": {
                        "k": 366,
                        "d": 303,
                        "a": 49,
                        "w": 15,
                        "l": 7
                    },
                    "casual": {
                        "k": 0,
                        "d": 0,
                        "a": 0,
                        "w": 0,
                        "l": 0
                    },
                    "custom": {
                        "k": 98,
                        "d": 92,
                        "a": 14,
                        "w": 0,
                        "l": 0
                    }
                },
                {
                    "season": 6,
                    "ranked": {
                        "k": 325,
                        "d": 260,
                        "a": 67,
                        "w": 18,
                        "l": 3
                    },
                    "casual": {
                        "k": 0,
                        "d": 0,
                        "a": 0,
                        "w": 0,
                        "l": 0
                    },
                    "custom": {
                        "k": 12,
                        "d": 22,
                        "a": 2,
                        "w": 0,
                        "l": 0
                    }
                }
            ],
            "ranked": {
                "placement_matches_left": 0,
                "highest_rank": 9,
                "rating": 2194,
                "global_position": 182,
                "rank": 9
            }
        },
        "ban": null,
        "reports": [],
        "clan": {
            "basicInfo": {
                "name": "ez Rape",
                "tag": "ezR"
            },
            "id": 48725,
            "memberRank": 10
        }
    }
]