[
    {
        "basicInfo": {
            "userID": 74063261,
            "name": "WertiNZ",
            "userType": 1,
            "iconID": 30,
            "level": 505
        },
        "userSettings": {
            "blockFriendRequests": false,
            "block_clan_requests": false,
            "equipped_emblem": 30
        },
        "friendStatus": 0,
        "stats": {
            "seasonal_stats": [
                {
                    "season": 0,
                    "ranked": {
                        "k": 11727,
                        "d": 9550,
                        "a": 1154,
                        "w": 583,
                        "l": 411
                    },
                    "casual": {
                        "k": 0,
                        "d": 0,
                        "a": 0,
                        "w": 0,
                        "l": 0
                    },
                    "custom": {
                        "k": 47534,
                        "d": 20263,
                        "a": 2479,
                        "w": 0,
                        "l": 0
                    }
                },
                {
                    "season": 1,
                    "ranked": {
                        "k": 1059,
                        "d": 790,
                        "a": 104,
                        "w": 42,
                        "l": 36
                    },
                    "casual": {
                        "k": 0,
                        "d": 0,
                        "a": 0,
                        "w": 2,
                        "l": 0
                    },
                    "custom": {
                        "k": 0,
                        "d": 0,
                        "a": 0,
                        "w": 0,
                        "l": 0
                    }
                },
                {
                    "season": 2,
                    "ranked": {
                        "k": 5957,
                        "d": 4954,
                        "a": 712,
                        "w": 308,
                        "l": 211
                    },
                    "casual": {
                        "k": 125,
                        "d": 49,
                        "a": 8,
                        "w": 583,
                        "l": 90
                    },
                    "custom": {
                        "k": 503,
                        "d": 287,
                        "a": 6,
                        "w": 0,
                        "l": 0
                    }
                },
                {
                    "season": 3,
                    "ranked": {
                        "k": 513,
                        "d": 421,
                        "a": 62,
                        "w": 23,
                        "l": 6
                    },
                    "casual": {
                        "k": 9628,
                        "d": 3535,
                        "a": 740,
                        "w": 235,
                        "l": 51
                    },
                    "custom": {
                        "k": 2936,
                        "d": 1577,
                        "a": 92,
                        "w": 0,
                        "l": 0
                    }
                },
                {
                    "season": 4,
                    "ranked": {
                        "k": 4690,
                        "d": 4230,
                        "a": 555,
                        "w": 148,
                        "l": 134
                    },
                    "casual": {
                        "k": 6629,
                        "d": 2501,
                        "a": 450,
                        "w": 123,
                        "l": 25
                    },
                    "custom": {
                        "k": 1047,
                        "d": 546,
                        "a": 15,
                        "w": 0,
                        "l": 0
                    }
                },
                {
                    "season": 5,
                    "ranked": {
                        "k": 3367,
                        "d": 2786,
                        "a": 377,
                        "w": 101,
                        "l": 85
                    },
                    "casual": {
                        "k": 4712,
                        "d": 1715,
                        "a": 312,
                        "w": 66,
                        "l": 14
                    },
                    "custom": {
                        "k": 449,
                        "d": 294,
                        "a": 33,
                        "w": 0,
                        "l": 0
                    }
                },
                {
                    "season": 6,
                    "ranked": {
                        "k": 3844,
                        "d": 2849,
                        "a": 471,
                        "w": 147,
                        "l": 66
                    },
                    "casual": {
                        "k": 2727,
                        "d": 928,
                        "a": 152,
                        "w": 29,
                        "l": 5
                    },
                    "custom": {
                        "k": 1863,
                        "d": 781,
                        "a": 50,
                        "w": 0,
                        "l": 0
                    }
                }
            ],
            "ranked": {
                "placement_matches_left": 0,
                "highest_rank": 9,
                "rating": 2204,
                "global_position": 157,
                "rank": 9
            }
        },
        "ban": null,
        "reports": [],
        "clan": {
            "basicInfo": {
                "name": "Blizzard Legion",
                "tag": "Blzr"
            },
            "id": 50555,
            "memberRank": 10
        }
    }
]