[
    {
        "basicInfo": {
            "userID": 108938548,
            "name": "who is gab",
            "userType": 1,
            "iconID": 149,
            "level": 364
        },
        "userSettings": {
            "blockFriendRequests": false,
            "block_clan_requests": false,
            "equipped_emblem": 149
        },
        "friendStatus": 0,
        "stats": {
            "seasonal_stats": [
                {
                    "season": 0,
                    "ranked": {
                        "k": 3730,
                        "d": 3518,
                        "a": 482,
                        "w": 185,
                        "l": 153
                    },
                    "casual": {
                        "k": 0,
                        "d": 0,
                        "a": 0,
                        "w": 0,
                        "l": 0
                    },
                    "custom": {
                        "k": 38010,
                        "d": 21403,
                        "a": 2597,
                        "w": 0,
                        "l": 0
                    }
                },
                {
                    "season": 1,
                    "ranked": {
                        "k": 4725,
                        "d": 3934,
                        "a": 567,
                        "w": 226,
                        "l": 181
                    },
                    "casual": {
                        "k": 0,
                        "d": 0,
                        "a": 0,
                        "w": 77,
                        "l": 41
                    },
                    "custom": {
                        "k": 0,
                        "d": 0,
                        "a": 0,
                        "w": 0,
                        "l": 0
                    }
                },
                {
                    "season": 2,
                    "ranked": {
                        "k": 3909,
                        "d": 3382,
                        "a": 471,
                        "w": 183,
                        "l": 156
                    },
                    "casual": {
                        "k": 0,
                        "d": 0,
                        "a": 0,
                        "w": 28,
                        "l": 4
                    },
                    "custom": {
                        "k": 0,
                        "d": 0,
                        "a": 0,
                        "w": 0,
                        "l": 0
                    }
                },
                {
                    "season": 3,
                    "ranked": {
                        "k": 10814,
                        "d": 7676,
                        "a": 1240,
                        "w": 291,
                        "l": 237
                    },
                    "casual": {
                        "k": 3493,
                        "d": 1698,
                        "a": 288,
                        "w": 107,
                        "l": 41
                    },
                    "custom": {
                        "k": 4987,
                        "d": 2306,
                        "a": 90,
                        "w": 0,
                        "l": 0
                    }
                },
                {
                    "season": 4,
                    "ranked": {
                        "k": 4597,
                        "d": 3662,
                        "a": 556,
                        "w": 156,
                        "l": 110
                    },
                    "casual": {
                        "k": 4951,
                        "d": 1825,
                        "a": 344,
                        "w": 45,
                        "l": 4
                    },
                    "custom": {
                        "k": 11547,
                        "d": 2983,
                        "a": 290,
                        "w": 0,
                        "l": 0
                    }
                },
                {
                    "season": 5,
                    "ranked": {
                        "k": 3617,
                        "d": 2995,
                        "a": 534,
                        "w": 119,
                        "l": 98
                    },
                    "casual": {
                        "k": 2105,
                        "d": 1016,
                        "a": 171,
                        "w": 22,
                        "l": 12
                    },
                    "custom": {
                        "k": 2787,
                        "d": 2737,
                        "a": 304,
                        "w": 0,
                        "l": 0
                    }
                },
                {
                    "season": 6,
                    "ranked": {
                        "k": 512,
                        "d": 423,
                        "a": 97,
                        "w": 28,
                        "l": 7
                    },
                    "casual": {
                        "k": 108,
                        "d": 57,
                        "a": 8,
                        "w": 2,
                        "l": 0
                    },
                    "custom": {
                        "k": 72,
                        "d": 76,
                        "a": 0,
                        "w": 0,
                        "l": 0
                    }
                }
            ],
            "ranked": {
                "placement_matches_left": 0,
                "highest_rank": 9,
                "rating": 2226,
                "global_position": 113,
                "rank": 9
            }
        },
        "ban": null,
        "reports": [],
        "clan": {
            "basicInfo": {
                "name": "DeviI",
                "tag": "EviI"
            },
            "id": 80448,
            "memberRank": 10
        }
    }
]