[
    {
        "basicInfo": {
            "userID": 176755707,
            "name": "Whole New World",
            "userType": 1,
            "iconID": 317,
            "level": 77
        },
        "userSettings": {
            "blockFriendRequests": false,
            "block_clan_requests": false,
            "equipped_emblem": 317
        },
        "friendStatus": 0,
        "stats": {
            "seasonal_stats": [
                {
                    "season": 0,
                    "ranked": {
                        "k": 0,
                        "d": 0,
                        "a": 0,
                        "w": 0,
                        "l": 0
                    },
                    "casual": {
                        "k": 0,
                        "d": 0,
                        "a": 0,
                        "w": 0,
                        "l": 0
                    },
                    "custom": {
                        "k": 33,
                        "d": 16,
                        "a": 1,
                        "w": 0,
                        "l": 0
                    }
                },
                {
                    "season": 1,
                    "ranked": {
                        "k": 0,
                        "d": 0,
                        "a": 0,
                        "w": 0,
                        "l": 0
                    },
                    "casual": {
                        "k": 0,
                        "d": 0,
                        "a": 0,
                        "w": 0,
                        "l": 0
                    },
                    "custom": {
                        "k": 0,
                        "d": 0,
                        "a": 0,
                        "w": 0,
                        "l": 0
                    }
                },
                {
                    "season": 2,
                    "ranked": {
                        "k": 0,
                        "d": 0,
                        "a": 0,
                        "w": 0,
                        "l": 0
                    },
                    "casual": {
                        "k": 0,
                        "d": 0,
                        "a": 0,
                        "w": 0,
                        "l": 0
                    },
                    "custom": {
                        "k": 0,
                        "d": 0,
                        "a": 0,
                        "w": 0,
                        "l": 0
                    }
                },
                {
                    "season": 3,
                    "ranked": {
                        "k": 0,
                        "d": 0,
                        "a": 0,
                        "w": 0,
                        "l": 0
                    },
                    "casual": {
                        "k": 0,
                        "d": 0,
                        "a": 0,
                        "w": 0,
                        "l": 0
                    },
                    "custom": {
                        "k": 0,
                        "d": 0,
                        "a": 0,
                        "w": 0,
                        "l": 0
                    }
                },
                {
                    "season": 4,
                    "ranked": {
                        "k": 1379,
                        "d": 767,
                        "a": 114,
                        "w": 45,
                        "l": 19
                    },
                    "casual": {
                        "k": 1739,
                        "d": 651,
                        "a": 85,
                        "w": 24,
                        "l": 6
                    },
                    "custom": {
                        "k": 104,
                        "d": 94,
                        "a": 0,
                        "w": 0,
                        "l": 0
                    }
                },
                {
                    "season": 5,
                    "ranked": {
                        "k": 2928,
                        "d": 2473,
                        "a": 359,
                        "w": 86,
                        "l": 79
                    },
                    "casual": {
                        "k": 3296,
                        "d": 1132,
                        "a": 166,
                        "w": 40,
                        "l": 9
                    },
                    "custom": {
                        "k": 1037,
                        "d": 582,
                        "a": 32,
                        "w": 0,
                        "l": 0
                    }
                },
                {
                    "season": 6,
                    "ranked": {
                        "k": 391,
                        "d": 382,
                        "a": 71,
                        "w": 26,
                        "l": 3
                    },
                    "casual": {
                        "k": 218,
                        "d": 189,
                        "a": 18,
                        "w": 1,
                        "l": 0
                    },
                    "custom": {
                        "k": 67,
                        "d": 116,
                        "a": 7,
                        "w": 0,
                        "l": 0
                    }
                }
            ],
            "ranked": {
                "placement_matches_left": 0,
                "highest_rank": 9,
                "rating": 2210,
                "global_position": 143,
                "rank": 9
            }
        },
        "ban": null,
        "reports": [],
        "clan": {
            "basicInfo": {
                "name": "satan",
                "tag": "satn"
            },
            "id": 115771,
            "memberRank": 10
        }
    }
]