[
    {
        "basicInfo": {
            "userID": 17660790,
            "name": "Xabigo",
            "userType": 1,
            "iconID": 132,
            "level": 621
        },
        "userSettings": {
            "blockFriendRequests": false,
            "block_clan_requests": false,
            "equipped_emblem": 132
        },
        "friendStatus": 0,
        "stats": {
            "seasonal_stats": [
                {
                    "season": 0,
                    "ranked": {
                        "k": 1441,
                        "d": 1099,
                        "a": 135,
                        "w": 63,
                        "l": 60
                    },
                    "casual": {
                        "k": 0,
                        "d": 0,
                        "a": 0,
                        "w": 0,
                        "l": 0
                    },
                    "custom": {
                        "k": 11606,
                        "d": 8989,
                        "a": 1246,
                        "w": 0,
                        "l": 0
                    }
                },
                {
                    "season": 1,
                    "ranked": {
                        "k": 4990,
                        "d": 4322,
                        "a": 611,
                        "w": 233,
                        "l": 221
                    },
                    "casual": {
                        "k": 0,
                        "d": 0,
                        "a": 0,
                        "w": 79,
                        "l": 47
                    },
                    "custom": {
                        "k": 0,
                        "d": 0,
                        "a": 0,
                        "w": 0,
                        "l": 0
                    }
                },
                {
                    "season": 2,
                    "ranked": {
                        "k": 5093,
                        "d": 5005,
                        "a": 665,
                        "w": 250,
                        "l": 241
                    },
                    "casual": {
                        "k": 0,
                        "d": 0,
                        "a": 0,
                        "w": 12,
                        "l": 6
                    },
                    "custom": {
                        "k": 0,
                        "d": 0,
                        "a": 0,
                        "w": 0,
                        "l": 0
                    }
                },
                {
                    "season": 3,
                    "ranked": {
                        "k": 9194,
                        "d": 7446,
                        "a": 996,
                        "w": 265,
                        "l": 239
                    },
                    "casual": {
                        "k": 587,
                        "d": 337,
                        "a": 48,
                        "w": 14,
                        "l": 3
                    },
                    "custom": {
                        "k": 152,
                        "d": 118,
                        "a": 17,
                        "w": 0,
                        "l": 0
                    }
                },
                {
                    "season": 4,
                    "ranked": {
                        "k": 12485,
                        "d": 11233,
                        "a": 1574,
                        "w": 415,
                        "l": 316
                    },
                    "casual": {
                        "k": 2131,
                        "d": 1079,
                        "a": 166,
                        "w": 36,
                        "l": 13
                    },
                    "custom": {
                        "k": 1942,
                        "d": 2160,
                        "a": 163,
                        "w": 0,
                        "l": 0
                    }
                },
                {
                    "season": 5,
                    "ranked": {
                        "k": 3932,
                        "d": 3548,
                        "a": 564,
                        "w": 125,
                        "l": 104
                    },
                    "casual": {
                        "k": 867,
                        "d": 477,
                        "a": 98,
                        "w": 8,
                        "l": 4
                    },
                    "custom": {
                        "k": 155,
                        "d": 215,
                        "a": 10,
                        "w": 0,
                        "l": 0
                    }
                },
                {
                    "season": 6,
                    "ranked": {
                        "k": 3925,
                        "d": 3325,
                        "a": 568,
                        "w": 158,
                        "l": 71
                    },
                    "casual": {
                        "k": 289,
                        "d": 208,
                        "a": 28,
                        "w": 1,
                        "l": 1
                    },
                    "custom": {
                        "k": 101,
                        "d": 112,
                        "a": 16,
                        "w": 0,
                        "l": 0
                    }
                }
            ],
            "ranked": {
                "placement_matches_left": 0,
                "highest_rank": 9,
                "rating": 2201,
                "global_position": 163,
                "rank": 9
            }
        },
        "ban": null,
        "reports": [],
        "clan": {
            "basicInfo": {
                "name": "XabiTwillRznt",
                "tag": "tXr"
            },
            "id": 115621,
            "memberRank": 40
        }
    }
]