[
    {
        "basicInfo": {
            "userID": 75469011,
            "name": "Xuel",
            "userType": 1,
            "iconID": 293,
            "level": 33
        },
        "userSettings": {
            "blockFriendRequests": false,
            "block_clan_requests": false,
            "equipped_emblem": 293
        },
        "friendStatus": 0,
        "stats": {
            "seasonal_stats": [
                {
                    "season": 0,
                    "ranked": {
                        "k": 3403,
                        "d": 2868,
                        "a": 353,
                        "w": 317,
                        "l": 0
                    },
                    "casual": {
                        "k": 0,
                        "d": 0,
                        "a": 0,
                        "w": 0,
                        "l": 0
                    },
                    "custom": {
                        "k": 40218,
                        "d": 22328,
                        "a": 3145,
                        "w": 0,
                        "l": 0
                    }
                },
                {
                    "season": 1,
                    "ranked": {
                        "k": 0,
                        "d": 0,
                        "a": 0,
                        "w": 0,
                        "l": 0
                    },
                    "casual": {
                        "k": 0,
                        "d": 0,
                        "a": 0,
                        "w": 0,
                        "l": 0
                    },
                    "custom": {
                        "k": 0,
                        "d": 0,
                        "a": 0,
                        "w": 0,
                        "l": 0
                    }
                },
                {
                    "season": 2,
                    "ranked": {
                        "k": 48,
                        "d": 30,
                        "a": 6,
                        "w": 4,
                        "l": 0
                    },
                    "casual": {
                        "k": 0,
                        "d": 0,
                        "a": 0,
                        "w": 2,
                        "l": 1
                    },
                    "custom": {
                        "k": 0,
                        "d": 0,
                        "a": 0,
                        "w": 0,
                        "l": 0
                    }
                },
                {
                    "season": 3,
                    "ranked": {
                        "k": 0,
                        "d": 0,
                        "a": 0,
                        "w": 0,
                        "l": 0
                    },
                    "casual": {
                        "k": 213,
                        "d": 108,
                        "a": 21,
                        "w": 2,
                        "l": 1
                    },
                    "custom": {
                        "k": 151,
                        "d": 145,
                        "a": 22,
                        "w": 0,
                        "l": 0
                    }
                },
                {
                    "season": 4,
                    "ranked": {
                        "k": 0,
                        "d": 0,
                        "a": 0,
                        "w": 0,
                        "l": 0
                    },
                    "casual": {
                        "k": 0,
                        "d": 0,
                        "a": 0,
                        "w": 0,
                        "l": 0
                    },
                    "custom": {
                        "k": 38,
                        "d": 35,
                        "a": 6,
                        "w": 0,
                        "l": 0
                    }
                },
                {
                    "season": 5,
                    "ranked": {
                        "k": 1182,
                        "d": 843,
                        "a": 134,
                        "w": 40,
                        "l": 22
                    },
                    "casual": {
                        "k": 291,
                        "d": 96,
                        "a": 14,
                        "w": 3,
                        "l": 1
                    },
                    "custom": {
                        "k": 41,
                        "d": 39,
                        "a": 6,
                        "w": 0,
                        "l": 0
                    }
                },
                {
                    "season": 6,
                    "ranked": {
                        "k": 277,
                        "d": 170,
                        "a": 40,
                        "w": 15,
                        "l": 1
                    },
                    "casual": {
                        "k": 83,
                        "d": 23,
                        "a": 4,
                        "w": 0,
                        "l": 0
                    },
                    "custom": {
                        "k": 0,
                        "d": 0,
                        "a": 0,
                        "w": 0,
                        "l": 0
                    }
                }
            ],
            "ranked": {
                "placement_matches_left": 0,
                "highest_rank": 9,
                "rating": 2179,
                "global_position": 217,
                "rank": 9
            }
        },
        "ban": null,
        "reports": [],
        "clan": {
            "basicInfo": {
                "name": "T4KEN",
                "tag": "T4"
            },
            "id": 79049,
            "memberRank": 10
        }
    }
]