[
    {
        "basicInfo": {
            "userID": 36377904,
            "name": "xyz",
            "userType": 1,
            "iconID": 316,
            "level": 96
        },
        "userSettings": {
            "blockFriendRequests": false,
            "block_clan_requests": false,
            "equipped_emblem": 316
        },
        "friendStatus": 0,
        "stats": {
            "seasonal_stats": [
                {
                    "season": 0,
                    "ranked": {
                        "k": 2966,
                        "d": 2188,
                        "a": 287,
                        "w": 139,
                        "l": 103
                    },
                    "casual": {
                        "k": 0,
                        "d": 0,
                        "a": 0,
                        "w": 0,
                        "l": 0
                    },
                    "custom": {
                        "k": 91330,
                        "d": 59724,
                        "a": 8327,
                        "w": 0,
                        "l": 0
                    }
                },
                {
                    "season": 1,
                    "ranked": {
                        "k": 13,
                        "d": 9,
                        "a": 0,
                        "w": 1,
                        "l": 0
                    },
                    "casual": {
                        "k": 0,
                        "d": 0,
                        "a": 0,
                        "w": 0,
                        "l": 2
                    },
                    "custom": {
                        "k": 0,
                        "d": 0,
                        "a": 0,
                        "w": 0,
                        "l": 0
                    }
                },
                {
                    "season": 2,
                    "ranked": {
                        "k": 779,
                        "d": 643,
                        "a": 85,
                        "w": 38,
                        "l": 29
                    },
                    "casual": {
                        "k": 0,
                        "d": 0,
                        "a": 0,
                        "w": 1,
                        "l": 2
                    },
                    "custom": {
                        "k": 110,
                        "d": 63,
                        "a": 10,
                        "w": 0,
                        "l": 0
                    }
                },
                {
                    "season": 3,
                    "ranked": {
                        "k": 710,
                        "d": 645,
                        "a": 95,
                        "w": 20,
                        "l": 23
                    },
                    "casual": {
                        "k": 845,
                        "d": 557,
                        "a": 113,
                        "w": 17,
                        "l": 10
                    },
                    "custom": {
                        "k": 6242,
                        "d": 6675,
                        "a": 485,
                        "w": 0,
                        "l": 0
                    }
                },
                {
                    "season": 4,
                    "ranked": {
                        "k": 1823,
                        "d": 1819,
                        "a": 257,
                        "w": 73,
                        "l": 56
                    },
                    "casual": {
                        "k": 6726,
                        "d": 2167,
                        "a": 384,
                        "w": 84,
                        "l": 13
                    },
                    "custom": {
                        "k": 6012,
                        "d": 6167,
                        "a": 542,
                        "w": 0,
                        "l": 0
                    }
                },
                {
                    "season": 5,
                    "ranked": {
                        "k": 277,
                        "d": 299,
                        "a": 43,
                        "w": 11,
                        "l": 10
                    },
                    "casual": {
                        "k": 341,
                        "d": 95,
                        "a": 17,
                        "w": 2,
                        "l": 0
                    },
                    "custom": {
                        "k": 2913,
                        "d": 3052,
                        "a": 237,
                        "w": 0,
                        "l": 0
                    }
                },
                {
                    "season": 6,
                    "ranked": {
                        "k": 333,
                        "d": 320,
                        "a": 46,
                        "w": 19,
                        "l": 5
                    },
                    "casual": {
                        "k": 3,
                        "d": 1,
                        "a": 1,
                        "w": 0,
                        "l": 0
                    },
                    "custom": {
                        "k": 201,
                        "d": 221,
                        "a": 14,
                        "w": 0,
                        "l": 0
                    }
                }
            ],
            "ranked": {
                "placement_matches_left": 0,
                "highest_rank": 8,
                "rating": 2221,
                "global_position": 124,
                "rank": 9
            }
        },
        "ban": null,
        "reports": [],
        "clan": {
            "basicInfo": {
                "name": "Team Metaphor",
                "tag": "MPHR"
            },
            "id": 48713,
            "memberRank": 40
        }
    }
]