[
    {
        "basicInfo": {
            "userID": 73134676,
            "name": "XzHOuZ",
            "userType": 1,
            "iconID": 308,
            "level": 299
        },
        "userSettings": {
            "blockFriendRequests": false,
            "block_clan_requests": false,
            "equipped_emblem": 223
        },
        "friendStatus": 0,
        "stats": {
            "seasonal_stats": [
                {
                    "season": 0,
                    "ranked": {
                        "k": 965,
                        "d": 971,
                        "a": 134,
                        "w": 53,
                        "l": 47
                    },
                    "casual": {
                        "k": 0,
                        "d": 0,
                        "a": 0,
                        "w": 0,
                        "l": 0
                    },
                    "custom": {
                        "k": 5480,
                        "d": 4021,
                        "a": 635,
                        "w": 0,
                        "l": 0
                    }
                },
                {
                    "season": 1,
                    "ranked": {
                        "k": 129,
                        "d": 141,
                        "a": 14,
                        "w": 6,
                        "l": 8
                    },
                    "casual": {
                        "k": 0,
                        "d": 0,
                        "a": 0,
                        "w": 1,
                        "l": 2
                    },
                    "custom": {
                        "k": 0,
                        "d": 0,
                        "a": 0,
                        "w": 0,
                        "l": 0
                    }
                },
                {
                    "season": 2,
                    "ranked": {
                        "k": 1224,
                        "d": 1127,
                        "a": 157,
                        "w": 66,
                        "l": 56
                    },
                    "casual": {
                        "k": 0,
                        "d": 0,
                        "a": 0,
                        "w": 100,
                        "l": 15
                    },
                    "custom": {
                        "k": 0,
                        "d": 0,
                        "a": 0,
                        "w": 0,
                        "l": 0
                    }
                },
                {
                    "season": 3,
                    "ranked": {
                        "k": 5683,
                        "d": 4947,
                        "a": 572,
                        "w": 166,
                        "l": 153
                    },
                    "casual": {
                        "k": 5107,
                        "d": 2172,
                        "a": 416,
                        "w": 113,
                        "l": 45
                    },
                    "custom": {
                        "k": 239,
                        "d": 231,
                        "a": 23,
                        "w": 0,
                        "l": 0
                    }
                },
                {
                    "season": 4,
                    "ranked": {
                        "k": 3151,
                        "d": 2948,
                        "a": 381,
                        "w": 116,
                        "l": 85
                    },
                    "casual": {
                        "k": 4371,
                        "d": 2013,
                        "a": 303,
                        "w": 61,
                        "l": 19
                    },
                    "custom": {
                        "k": 2707,
                        "d": 2698,
                        "a": 282,
                        "w": 0,
                        "l": 0
                    }
                },
                {
                    "season": 5,
                    "ranked": {
                        "k": 2394,
                        "d": 2027,
                        "a": 286,
                        "w": 75,
                        "l": 62
                    },
                    "casual": {
                        "k": 4551,
                        "d": 1879,
                        "a": 277,
                        "w": 36,
                        "l": 10
                    },
                    "custom": {
                        "k": 8079,
                        "d": 6900,
                        "a": 727,
                        "w": 0,
                        "l": 0
                    }
                },
                {
                    "season": 6,
                    "ranked": {
                        "k": 846,
                        "d": 673,
                        "a": 96,
                        "w": 40,
                        "l": 11
                    },
                    "casual": {
                        "k": 1167,
                        "d": 510,
                        "a": 75,
                        "w": 10,
                        "l": 1
                    },
                    "custom": {
                        "k": 1143,
                        "d": 1239,
                        "a": 147,
                        "w": 0,
                        "l": 0
                    }
                }
            ],
            "ranked": {
                "placement_matches_left": 0,
                "highest_rank": 9,
                "rating": 2169,
                "global_position": 240,
                "rank": 9
            }
        },
        "ban": null,
        "reports": []
    }
]