[
    {
        "basicInfo": {
            "userID": 121059738,
            "name": "Yachty",
            "userType": 1,
            "iconID": 318,
            "level": 357
        },
        "userSettings": {
            "blockFriendRequests": false,
            "block_clan_requests": false,
            "equipped_emblem": 53
        },
        "friendStatus": 0,
        "stats": {
            "seasonal_stats": [
                {
                    "season": 0,
                    "ranked": {
                        "k": 6803,
                        "d": 3405,
                        "a": 695,
                        "w": 344,
                        "l": 172
                    },
                    "casual": {
                        "k": 0,
                        "d": 0,
                        "a": 0,
                        "w": 0,
                        "l": 0
                    },
                    "custom": {
                        "k": 61848,
                        "d": 29673,
                        "a": 4972,
                        "w": 0,
                        "l": 0
                    }
                },
                {
                    "season": 1,
                    "ranked": {
                        "k": 521,
                        "d": 435,
                        "a": 74,
                        "w": 31,
                        "l": 17
                    },
                    "casual": {
                        "k": 0,
                        "d": 0,
                        "a": 0,
                        "w": 8,
                        "l": 2
                    },
                    "custom": {
                        "k": 0,
                        "d": 0,
                        "a": 0,
                        "w": 0,
                        "l": 0
                    }
                },
                {
                    "season": 2,
                    "ranked": {
                        "k": 3152,
                        "d": 2290,
                        "a": 400,
                        "w": 185,
                        "l": 91
                    },
                    "casual": {
                        "k": 32,
                        "d": 20,
                        "a": 5,
                        "w": 76,
                        "l": 35
                    },
                    "custom": {
                        "k": 475,
                        "d": 372,
                        "a": 53,
                        "w": 0,
                        "l": 0
                    }
                },
                {
                    "season": 3,
                    "ranked": {
                        "k": 2537,
                        "d": 1616,
                        "a": 281,
                        "w": 81,
                        "l": 43
                    },
                    "casual": {
                        "k": 12059,
                        "d": 4550,
                        "a": 937,
                        "w": 207,
                        "l": 79
                    },
                    "custom": {
                        "k": 8000,
                        "d": 6479,
                        "a": 889,
                        "w": 0,
                        "l": 0
                    }
                },
                {
                    "season": 4,
                    "ranked": {
                        "k": 567,
                        "d": 457,
                        "a": 68,
                        "w": 24,
                        "l": 11
                    },
                    "casual": {
                        "k": 9474,
                        "d": 3839,
                        "a": 832,
                        "w": 145,
                        "l": 53
                    },
                    "custom": {
                        "k": 2754,
                        "d": 2982,
                        "a": 387,
                        "w": 0,
                        "l": 0
                    }
                },
                {
                    "season": 5,
                    "ranked": {
                        "k": 666,
                        "d": 517,
                        "a": 87,
                        "w": 26,
                        "l": 11
                    },
                    "casual": {
                        "k": 2903,
                        "d": 1212,
                        "a": 234,
                        "w": 32,
                        "l": 12
                    },
                    "custom": {
                        "k": 2362,
                        "d": 2298,
                        "a": 314,
                        "w": 0,
                        "l": 0
                    }
                },
                {
                    "season": 6,
                    "ranked": {
                        "k": 869,
                        "d": 592,
                        "a": 110,
                        "w": 36,
                        "l": 10
                    },
                    "casual": {
                        "k": 1059,
                        "d": 310,
                        "a": 60,
                        "w": 6,
                        "l": 1
                    },
                    "custom": {
                        "k": 1371,
                        "d": 1281,
                        "a": 237,
                        "w": 0,
                        "l": 0
                    }
                }
            ],
            "ranked": {
                "placement_matches_left": 0,
                "highest_rank": 9,
                "rating": 2224,
                "global_position": 117,
                "rank": 9
            }
        },
        "ban": null,
        "reports": [],
        "clan": {
            "basicInfo": {
                "name": "SeMinal",
                "tag": "sM"
            },
            "id": 169,
            "memberRank": 10
        }
    }
]