[
    {
        "basicInfo": {
            "userID": 162551729,
            "name": "yjuuchi5p",
            "userType": 1,
            "iconID": 221,
            "level": 239
        },
        "userSettings": {
            "blockFriendRequests": false,
            "block_clan_requests": false,
            "equipped_emblem": 221
        },
        "friendStatus": 0,
        "stats": {
            "seasonal_stats": [
                {
                    "season": 0,
                    "ranked": {
                        "k": 0,
                        "d": 0,
                        "a": 0,
                        "w": 0,
                        "l": 0
                    },
                    "casual": {
                        "k": 0,
                        "d": 0,
                        "a": 0,
                        "w": 0,
                        "l": 0
                    },
                    "custom": {
                        "k": 2872,
                        "d": 1541,
                        "a": 205,
                        "w": 0,
                        "l": 0
                    }
                },
                {
                    "season": 1,
                    "ranked": {
                        "k": 0,
                        "d": 0,
                        "a": 0,
                        "w": 0,
                        "l": 0
                    },
                    "casual": {
                        "k": 0,
                        "d": 0,
                        "a": 0,
                        "w": 0,
                        "l": 0
                    },
                    "custom": {
                        "k": 0,
                        "d": 0,
                        "a": 0,
                        "w": 0,
                        "l": 0
                    }
                },
                {
                    "season": 2,
                    "ranked": {
                        "k": 611,
                        "d": 510,
                        "a": 94,
                        "w": 31,
                        "l": 21
                    },
                    "casual": {
                        "k": 0,
                        "d": 0,
                        "a": 0,
                        "w": 15,
                        "l": 9
                    },
                    "custom": {
                        "k": 0,
                        "d": 0,
                        "a": 0,
                        "w": 0,
                        "l": 0
                    }
                },
                {
                    "season": 3,
                    "ranked": {
                        "k": 2326,
                        "d": 1842,
                        "a": 247,
                        "w": 77,
                        "l": 57
                    },
                    "casual": {
                        "k": 2723,
                        "d": 1272,
                        "a": 215,
                        "w": 55,
                        "l": 14
                    },
                    "custom": {
                        "k": 1194,
                        "d": 931,
                        "a": 75,
                        "w": 0,
                        "l": 0
                    }
                },
                {
                    "season": 4,
                    "ranked": {
                        "k": 6151,
                        "d": 4738,
                        "a": 702,
                        "w": 201,
                        "l": 149
                    },
                    "casual": {
                        "k": 6371,
                        "d": 2699,
                        "a": 507,
                        "w": 87,
                        "l": 25
                    },
                    "custom": {
                        "k": 23460,
                        "d": 5272,
                        "a": 539,
                        "w": 0,
                        "l": 0
                    }
                },
                {
                    "season": 5,
                    "ranked": {
                        "k": 1651,
                        "d": 1111,
                        "a": 189,
                        "w": 71,
                        "l": 24
                    },
                    "casual": {
                        "k": 21088,
                        "d": 5412,
                        "a": 899,
                        "w": 34,
                        "l": 11
                    },
                    "custom": {
                        "k": 6727,
                        "d": 2018,
                        "a": 179,
                        "w": 0,
                        "l": 0
                    }
                },
                {
                    "season": 6,
                    "ranked": {
                        "k": 694,
                        "d": 443,
                        "a": 72,
                        "w": 24,
                        "l": 9
                    },
                    "casual": {
                        "k": 6531,
                        "d": 2074,
                        "a": 285,
                        "w": 2,
                        "l": 1
                    },
                    "custom": {
                        "k": 183,
                        "d": 152,
                        "a": 31,
                        "w": 0,
                        "l": 0
                    }
                }
            ],
            "ranked": {
                "placement_matches_left": 0,
                "highest_rank": 9,
                "rating": 2194,
                "global_position": 184,
                "rank": 9
            }
        },
        "ban": null,
        "reports": [],
        "clan": {
            "basicInfo": {
                "name": "Oblivious Monks",
                "tag": "oZen"
            },
            "id": 71984,
            "memberRank": 10
        }
    }
]