[
    {
        "basicInfo": {
            "userID": 160886721,
            "name": "youngest",
            "userType": 1,
            "iconID": 0,
            "level": 366
        },
        "userSettings": {
            "blockFriendRequests": false,
            "block_clan_requests": false,
            "equipped_emblem": 221
        },
        "friendStatus": 0,
        "stats": {
            "seasonal_stats": [
                {
                    "season": 0,
                    "ranked": {
                        "k": 12,
                        "d": 24,
                        "a": 0,
                        "w": 0,
                        "l": 1
                    },
                    "casual": {
                        "k": 0,
                        "d": 0,
                        "a": 0,
                        "w": 0,
                        "l": 0
                    },
                    "custom": {
                        "k": 9597,
                        "d": 11259,
                        "a": 981,
                        "w": 0,
                        "l": 0
                    }
                },
                {
                    "season": 1,
                    "ranked": {
                        "k": 0,
                        "d": 0,
                        "a": 0,
                        "w": 0,
                        "l": 0
                    },
                    "casual": {
                        "k": 0,
                        "d": 0,
                        "a": 0,
                        "w": 0,
                        "l": 0
                    },
                    "custom": {
                        "k": 0,
                        "d": 0,
                        "a": 0,
                        "w": 0,
                        "l": 0
                    }
                },
                {
                    "season": 2,
                    "ranked": {
                        "k": 4821,
                        "d": 5733,
                        "a": 606,
                        "w": 245,
                        "l": 303
                    },
                    "casual": {
                        "k": 0,
                        "d": 0,
                        "a": 0,
                        "w": 212,
                        "l": 245
                    },
                    "custom": {
                        "k": 25,
                        "d": 33,
                        "a": 0,
                        "w": 2,
                        "l": 2
                    }
                },
                {
                    "season": 3,
                    "ranked": {
                        "k": 2362,
                        "d": 2789,
                        "a": 276,
                        "w": 90,
                        "l": 90
                    },
                    "casual": {
                        "k": 3348,
                        "d": 3302,
                        "a": 400,
                        "w": 72,
                        "l": 86
                    },
                    "custom": {
                        "k": 1102,
                        "d": 1561,
                        "a": 9,
                        "w": 0,
                        "l": 0
                    }
                },
                {
                    "season": 4,
                    "ranked": {
                        "k": 6293,
                        "d": 6406,
                        "a": 842,
                        "w": 228,
                        "l": 189
                    },
                    "casual": {
                        "k": 8729,
                        "d": 4987,
                        "a": 681,
                        "w": 179,
                        "l": 59
                    },
                    "custom": {
                        "k": 1798,
                        "d": 2142,
                        "a": 191,
                        "w": 0,
                        "l": 0
                    }
                },
                {
                    "season": 5,
                    "ranked": {
                        "k": 2706,
                        "d": 2823,
                        "a": 423,
                        "w": 115,
                        "l": 65
                    },
                    "casual": {
                        "k": 3715,
                        "d": 1764,
                        "a": 228,
                        "w": 79,
                        "l": 30
                    },
                    "custom": {
                        "k": 4796,
                        "d": 1036,
                        "a": 157,
                        "w": 0,
                        "l": 0
                    }
                },
                {
                    "season": 6,
                    "ranked": {
                        "k": 499,
                        "d": 602,
                        "a": 106,
                        "w": 28,
                        "l": 9
                    },
                    "casual": {
                        "k": 431,
                        "d": 183,
                        "a": 21,
                        "w": 6,
                        "l": 2
                    },
                    "custom": {
                        "k": 0,
                        "d": 0,
                        "a": 0,
                        "w": 0,
                        "l": 0
                    }
                }
            ],
            "ranked": {
                "placement_matches_left": 0,
                "highest_rank": 9,
                "rating": 2221,
                "global_position": 127,
                "rank": 9
            }
        },
        "ban": null,
        "reports": []
    }
]