[
    {
        "basicInfo": {
            "userID": 58927868,
            "name": "Yozuro",
            "userType": 1,
            "iconID": 307,
            "level": 307
        },
        "userSettings": {
            "blockFriendRequests": false,
            "block_clan_requests": false,
            "equipped_emblem": 307
        },
        "friendStatus": 0,
        "stats": {
            "seasonal_stats": [
                {
                    "season": 0,
                    "ranked": {
                        "k": 6685,
                        "d": 6338,
                        "a": 871,
                        "w": 360,
                        "l": 253
                    },
                    "casual": {
                        "k": 0,
                        "d": 0,
                        "a": 0,
                        "w": 0,
                        "l": 0
                    },
                    "custom": {
                        "k": 94376,
                        "d": 48976,
                        "a": 6390,
                        "w": 0,
                        "l": 0
                    }
                },
                {
                    "season": 1,
                    "ranked": {
                        "k": 1992,
                        "d": 1284,
                        "a": 215,
                        "w": 93,
                        "l": 55
                    },
                    "casual": {
                        "k": 0,
                        "d": 0,
                        "a": 0,
                        "w": 22,
                        "l": 12
                    },
                    "custom": {
                        "k": 0,
                        "d": 0,
                        "a": 0,
                        "w": 0,
                        "l": 0
                    }
                },
                {
                    "season": 2,
                    "ranked": {
                        "k": 8884,
                        "d": 6918,
                        "a": 988,
                        "w": 435,
                        "l": 316
                    },
                    "casual": {
                        "k": 14,
                        "d": 4,
                        "a": 1,
                        "w": 61,
                        "l": 17
                    },
                    "custom": {
                        "k": 262,
                        "d": 201,
                        "a": 20,
                        "w": 0,
                        "l": 0
                    }
                },
                {
                    "season": 3,
                    "ranked": {
                        "k": 4740,
                        "d": 3772,
                        "a": 593,
                        "w": 191,
                        "l": 79
                    },
                    "casual": {
                        "k": 6333,
                        "d": 2123,
                        "a": 306,
                        "w": 42,
                        "l": 4
                    },
                    "custom": {
                        "k": 7779,
                        "d": 5269,
                        "a": 621,
                        "w": 0,
                        "l": 0
                    }
                },
                {
                    "season": 4,
                    "ranked": {
                        "k": 2816,
                        "d": 2635,
                        "a": 335,
                        "w": 80,
                        "l": 87
                    },
                    "casual": {
                        "k": 6763,
                        "d": 2632,
                        "a": 390,
                        "w": 36,
                        "l": 5
                    },
                    "custom": {
                        "k": 9208,
                        "d": 7106,
                        "a": 766,
                        "w": 0,
                        "l": 0
                    }
                },
                {
                    "season": 5,
                    "ranked": {
                        "k": 2963,
                        "d": 2762,
                        "a": 379,
                        "w": 111,
                        "l": 74
                    },
                    "casual": {
                        "k": 3854,
                        "d": 1602,
                        "a": 228,
                        "w": 10,
                        "l": 1
                    },
                    "custom": {
                        "k": 4641,
                        "d": 4765,
                        "a": 250,
                        "w": 0,
                        "l": 0
                    }
                },
                {
                    "season": 6,
                    "ranked": {
                        "k": 1147,
                        "d": 1207,
                        "a": 156,
                        "w": 63,
                        "l": 25
                    },
                    "casual": {
                        "k": 4682,
                        "d": 1838,
                        "a": 367,
                        "w": 29,
                        "l": 5
                    },
                    "custom": {
                        "k": 1034,
                        "d": 1221,
                        "a": 126,
                        "w": 0,
                        "l": 0
                    }
                }
            ],
            "ranked": {
                "placement_matches_left": 0,
                "highest_rank": 9,
                "rating": 2218,
                "global_position": 132,
                "rank": 9
            }
        },
        "ban": null,
        "reports": [],
        "clan": {
            "basicInfo": {
                "name": "Endurance GG",
                "tag": "eNc"
            },
            "id": 83019,
            "memberRank": 10
        }
    }
]