[
    {
        "basicInfo": {
            "userID": 161096589,
            "name": "yumpovayo",
            "userType": 1,
            "iconID": 244,
            "level": 92
        },
        "userSettings": {
            "blockFriendRequests": false,
            "block_clan_requests": false,
            "equipped_emblem": 234
        },
        "friendStatus": 0,
        "stats": {
            "seasonal_stats": [
                {
                    "season": 0,
                    "ranked": {
                        "k": 0,
                        "d": 0,
                        "a": 0,
                        "w": 0,
                        "l": 0
                    },
                    "casual": {
                        "k": 0,
                        "d": 0,
                        "a": 0,
                        "w": 0,
                        "l": 0
                    },
                    "custom": {
                        "k": 3048,
                        "d": 2035,
                        "a": 232,
                        "w": 0,
                        "l": 0
                    }
                },
                {
                    "season": 1,
                    "ranked": {
                        "k": 0,
                        "d": 0,
                        "a": 0,
                        "w": 0,
                        "l": 0
                    },
                    "casual": {
                        "k": 0,
                        "d": 0,
                        "a": 0,
                        "w": 0,
                        "l": 0
                    },
                    "custom": {
                        "k": 0,
                        "d": 0,
                        "a": 0,
                        "w": 0,
                        "l": 0
                    }
                },
                {
                    "season": 2,
                    "ranked": {
                        "k": 452,
                        "d": 383,
                        "a": 54,
                        "w": 25,
                        "l": 19
                    },
                    "casual": {
                        "k": 0,
                        "d": 0,
                        "a": 0,
                        "w": 21,
                        "l": 5
                    },
                    "custom": {
                        "k": 0,
                        "d": 0,
                        "a": 0,
                        "w": 0,
                        "l": 0
                    }
                },
                {
                    "season": 3,
                    "ranked": {
                        "k": 169,
                        "d": 112,
                        "a": 22,
                        "w": 4,
                        "l": 4
                    },
                    "casual": {
                        "k": 295,
                        "d": 131,
                        "a": 21,
                        "w": 6,
                        "l": 2
                    },
                    "custom": {
                        "k": 1487,
                        "d": 1425,
                        "a": 146,
                        "w": 0,
                        "l": 0
                    }
                },
                {
                    "season": 4,
                    "ranked": {
                        "k": 2337,
                        "d": 1898,
                        "a": 252,
                        "w": 84,
                        "l": 51
                    },
                    "casual": {
                        "k": 2590,
                        "d": 880,
                        "a": 126,
                        "w": 37,
                        "l": 13
                    },
                    "custom": {
                        "k": 1448,
                        "d": 1333,
                        "a": 136,
                        "w": 0,
                        "l": 0
                    }
                },
                {
                    "season": 5,
                    "ranked": {
                        "k": 2347,
                        "d": 2162,
                        "a": 338,
                        "w": 85,
                        "l": 62
                    },
                    "casual": {
                        "k": 3288,
                        "d": 1269,
                        "a": 116,
                        "w": 3,
                        "l": 1
                    },
                    "custom": {
                        "k": 174,
                        "d": 204,
                        "a": 26,
                        "w": 0,
                        "l": 0
                    }
                },
                {
                    "season": 6,
                    "ranked": {
                        "k": 775,
                        "d": 592,
                        "a": 113,
                        "w": 38,
                        "l": 8
                    },
                    "casual": {
                        "k": 3744,
                        "d": 1554,
                        "a": 196,
                        "w": 3,
                        "l": 1
                    },
                    "custom": {
                        "k": 496,
                        "d": 519,
                        "a": 99,
                        "w": 0,
                        "l": 0
                    }
                }
            ],
            "ranked": {
                "placement_matches_left": 0,
                "highest_rank": 9,
                "rating": 2276,
                "global_position": 59,
                "rank": 9
            }
        },
        "ban": null,
        "reports": []
    }
]