[
    {
        "basicInfo": {
            "userID": 147604441,
            "name": "Zamari",
            "userType": 1,
            "iconID": 71,
            "level": 187
        },
        "userSettings": {
            "blockFriendRequests": false,
            "block_clan_requests": false,
            "equipped_emblem": 193
        },
        "friendStatus": 0,
        "stats": {
            "seasonal_stats": [
                {
                    "season": 0,
                    "ranked": {
                        "k": 0,
                        "d": 0,
                        "a": 0,
                        "w": 0,
                        "l": 0
                    },
                    "casual": {
                        "k": 0,
                        "d": 0,
                        "a": 0,
                        "w": 0,
                        "l": 0
                    },
                    "custom": {
                        "k": 2836,
                        "d": 2604,
                        "a": 329,
                        "w": 0,
                        "l": 0
                    }
                },
                {
                    "season": 1,
                    "ranked": {
                        "k": 0,
                        "d": 0,
                        "a": 0,
                        "w": 0,
                        "l": 0
                    },
                    "casual": {
                        "k": 0,
                        "d": 0,
                        "a": 0,
                        "w": 0,
                        "l": 0
                    },
                    "custom": {
                        "k": 0,
                        "d": 0,
                        "a": 0,
                        "w": 0,
                        "l": 0
                    }
                },
                {
                    "season": 2,
                    "ranked": {
                        "k": 1122,
                        "d": 1148,
                        "a": 145,
                        "w": 55,
                        "l": 57
                    },
                    "casual": {
                        "k": 0,
                        "d": 0,
                        "a": 0,
                        "w": 81,
                        "l": 74
                    },
                    "custom": {
                        "k": 0,
                        "d": 0,
                        "a": 0,
                        "w": 0,
                        "l": 0
                    }
                },
                {
                    "season": 3,
                    "ranked": {
                        "k": 2767,
                        "d": 2322,
                        "a": 318,
                        "w": 100,
                        "l": 65
                    },
                    "casual": {
                        "k": 6233,
                        "d": 3962,
                        "a": 656,
                        "w": 169,
                        "l": 95
                    },
                    "custom": {
                        "k": 4930,
                        "d": 389,
                        "a": 23,
                        "w": 0,
                        "l": 0
                    }
                },
                {
                    "season": 4,
                    "ranked": {
                        "k": 1017,
                        "d": 647,
                        "a": 97,
                        "w": 45,
                        "l": 10
                    },
                    "casual": {
                        "k": 4059,
                        "d": 1692,
                        "a": 270,
                        "w": 101,
                        "l": 24
                    },
                    "custom": {
                        "k": 4578,
                        "d": 3242,
                        "a": 306,
                        "w": 0,
                        "l": 0
                    }
                },
                {
                    "season": 5,
                    "ranked": {
                        "k": 904,
                        "d": 539,
                        "a": 102,
                        "w": 45,
                        "l": 6
                    },
                    "casual": {
                        "k": 843,
                        "d": 299,
                        "a": 44,
                        "w": 10,
                        "l": 1
                    },
                    "custom": {
                        "k": 482,
                        "d": 343,
                        "a": 33,
                        "w": 0,
                        "l": 0
                    }
                },
                {
                    "season": 6,
                    "ranked": {
                        "k": 574,
                        "d": 303,
                        "a": 41,
                        "w": 34,
                        "l": 0
                    },
                    "casual": {
                        "k": 555,
                        "d": 206,
                        "a": 37,
                        "w": 6,
                        "l": 0
                    },
                    "custom": {
                        "k": 1237,
                        "d": 848,
                        "a": 41,
                        "w": 0,
                        "l": 0
                    }
                }
            ],
            "ranked": {
                "placement_matches_left": 0,
                "highest_rank": 9,
                "rating": 2438,
                "global_position": 3,
                "rank": 9
            }
        },
        "ban": null,
        "reports": [],
        "clan": {
            "basicInfo": {
                "name": "Underestimated",
                "tag": "UE"
            },
            "id": 1287,
            "memberRank": 10
        }
    }
]