[
    {
        "basicInfo": {
            "userID": 142766339,
            "name": "zay0n",
            "userType": 1,
            "iconID": 152,
            "level": 775
        },
        "userSettings": {
            "blockFriendRequests": false,
            "block_clan_requests": false,
            "equipped_emblem": 315
        },
        "friendStatus": 0,
        "stats": {
            "seasonal_stats": [
                {
                    "season": 0,
                    "ranked": {
                        "k": 0,
                        "d": 0,
                        "a": 0,
                        "w": 0,
                        "l": 0
                    },
                    "casual": {
                        "k": 0,
                        "d": 0,
                        "a": 0,
                        "w": 0,
                        "l": 0
                    },
                    "custom": {
                        "k": 10940,
                        "d": 5845,
                        "a": 548,
                        "w": 0,
                        "l": 0
                    }
                },
                {
                    "season": 1,
                    "ranked": {
                        "k": 9,
                        "d": 18,
                        "a": 8,
                        "w": 2,
                        "l": 0
                    },
                    "casual": {
                        "k": 0,
                        "d": 0,
                        "a": 0,
                        "w": 11,
                        "l": 0
                    },
                    "custom": {
                        "k": 0,
                        "d": 0,
                        "a": 0,
                        "w": 0,
                        "l": 0
                    }
                },
                {
                    "season": 2,
                    "ranked": {
                        "k": 16415,
                        "d": 12188,
                        "a": 2216,
                        "w": 726,
                        "l": 604
                    },
                    "casual": {
                        "k": 14,
                        "d": 7,
                        "a": 0,
                        "w": 98,
                        "l": 70
                    },
                    "custom": {
                        "k": 193,
                        "d": 137,
                        "a": 6,
                        "w": 0,
                        "l": 0
                    }
                },
                {
                    "season": 3,
                    "ranked": {
                        "k": 18444,
                        "d": 14905,
                        "a": 2240,
                        "w": 603,
                        "l": 454
                    },
                    "casual": {
                        "k": 10816,
                        "d": 5603,
                        "a": 878,
                        "w": 233,
                        "l": 111
                    },
                    "custom": {
                        "k": 7072,
                        "d": 3923,
                        "a": 175,
                        "w": 0,
                        "l": 0
                    }
                },
                {
                    "season": 4,
                    "ranked": {
                        "k": 12432,
                        "d": 10956,
                        "a": 1698,
                        "w": 431,
                        "l": 333
                    },
                    "casual": {
                        "k": 20332,
                        "d": 8383,
                        "a": 1629,
                        "w": 277,
                        "l": 77
                    },
                    "custom": {
                        "k": 10084,
                        "d": 5850,
                        "a": 410,
                        "w": 0,
                        "l": 0
                    }
                },
                {
                    "season": 5,
                    "ranked": {
                        "k": 6180,
                        "d": 5424,
                        "a": 927,
                        "w": 228,
                        "l": 158
                    },
                    "casual": {
                        "k": 7926,
                        "d": 3421,
                        "a": 602,
                        "w": 102,
                        "l": 36
                    },
                    "custom": {
                        "k": 5204,
                        "d": 4291,
                        "a": 158,
                        "w": 0,
                        "l": 0
                    }
                },
                {
                    "season": 6,
                    "ranked": {
                        "k": 4529,
                        "d": 3792,
                        "a": 846,
                        "w": 196,
                        "l": 95
                    },
                    "casual": {
                        "k": 4687,
                        "d": 1668,
                        "a": 371,
                        "w": 72,
                        "l": 15
                    },
                    "custom": {
                        "k": 1074,
                        "d": 727,
                        "a": 39,
                        "w": 0,
                        "l": 0
                    }
                }
            ],
            "ranked": {
                "placement_matches_left": 0,
                "highest_rank": 9,
                "rating": 2180,
                "global_position": 216,
                "rank": 9
            }
        },
        "ban": null,
        "reports": []
    }
]