[
    {
        "basicInfo": {
            "userID": 156180673,
            "name": "Zeko",
            "userType": 1,
            "iconID": 316,
            "level": 92
        },
        "userSettings": {
            "blockFriendRequests": false,
            "block_clan_requests": false,
            "equipped_emblem": 316
        },
        "friendStatus": 0,
        "stats": {
            "seasonal_stats": [
                {
                    "season": 0,
                    "ranked": {
                        "k": 0,
                        "d": 0,
                        "a": 0,
                        "w": 0,
                        "l": 0
                    },
                    "casual": {
                        "k": 0,
                        "d": 0,
                        "a": 0,
                        "w": 0,
                        "l": 0
                    },
                    "custom": {
                        "k": 266,
                        "d": 129,
                        "a": 6,
                        "w": 0,
                        "l": 0
                    }
                },
                {
                    "season": 1,
                    "ranked": {
                        "k": 0,
                        "d": 0,
                        "a": 0,
                        "w": 0,
                        "l": 0
                    },
                    "casual": {
                        "k": 0,
                        "d": 0,
                        "a": 0,
                        "w": 0,
                        "l": 0
                    },
                    "custom": {
                        "k": 0,
                        "d": 0,
                        "a": 0,
                        "w": 0,
                        "l": 0
                    }
                },
                {
                    "season": 2,
                    "ranked": {
                        "k": 353,
                        "d": 226,
                        "a": 45,
                        "w": 20,
                        "l": 8
                    },
                    "casual": {
                        "k": 0,
                        "d": 0,
                        "a": 0,
                        "w": 1,
                        "l": 0
                    },
                    "custom": {
                        "k": 0,
                        "d": 0,
                        "a": 0,
                        "w": 0,
                        "l": 0
                    }
                },
                {
                    "season": 3,
                    "ranked": {
                        "k": 224,
                        "d": 166,
                        "a": 25,
                        "w": 5,
                        "l": 7
                    },
                    "casual": {
                        "k": 34,
                        "d": 19,
                        "a": 2,
                        "w": 1,
                        "l": 1
                    },
                    "custom": {
                        "k": 6,
                        "d": 220,
                        "a": 0,
                        "w": 0,
                        "l": 0
                    }
                },
                {
                    "season": 4,
                    "ranked": {
                        "k": 1333,
                        "d": 982,
                        "a": 178,
                        "w": 50,
                        "l": 23
                    },
                    "casual": {
                        "k": 4724,
                        "d": 1416,
                        "a": 320,
                        "w": 82,
                        "l": 8
                    },
                    "custom": {
                        "k": 7233,
                        "d": 2431,
                        "a": 384,
                        "w": 0,
                        "l": 0
                    }
                },
                {
                    "season": 5,
                    "ranked": {
                        "k": 542,
                        "d": 352,
                        "a": 81,
                        "w": 31,
                        "l": 3
                    },
                    "casual": {
                        "k": 785,
                        "d": 264,
                        "a": 53,
                        "w": 17,
                        "l": 7
                    },
                    "custom": {
                        "k": 661,
                        "d": 508,
                        "a": 38,
                        "w": 0,
                        "l": 0
                    }
                },
                {
                    "season": 6,
                    "ranked": {
                        "k": 200,
                        "d": 134,
                        "a": 20,
                        "w": 10,
                        "l": 2
                    },
                    "casual": {
                        "k": 171,
                        "d": 54,
                        "a": 13,
                        "w": 3,
                        "l": 0
                    },
                    "custom": {
                        "k": 3,
                        "d": 0,
                        "a": 0,
                        "w": 0,
                        "l": 0
                    }
                }
            ],
            "ranked": {
                "placement_matches_left": 0,
                "highest_rank": 9,
                "rating": 2369,
                "global_position": 19,
                "rank": 9
            }
        },
        "ban": null,
        "reports": [],
        "clan": {
            "basicInfo": {
                "name": "Sky2Fly",
                "tag": "S2F"
            },
            "id": 28,
            "memberRank": 10
        }
    }
]