[
    {
        "basicInfo": {
            "userID": 172614111,
            "name": "zGod -",
            "userType": 1,
            "iconID": 1,
            "level": 208
        },
        "userSettings": {
            "blockFriendRequests": false,
            "block_clan_requests": false,
            "equipped_emblem": 1
        },
        "friendStatus": 0,
        "stats": {
            "seasonal_stats": [
                {
                    "season": 0,
                    "ranked": {
                        "k": 0,
                        "d": 0,
                        "a": 0,
                        "w": 0,
                        "l": 0
                    },
                    "casual": {
                        "k": 0,
                        "d": 0,
                        "a": 0,
                        "w": 0,
                        "l": 0
                    },
                    "custom": {
                        "k": 2166,
                        "d": 1632,
                        "a": 219,
                        "w": 0,
                        "l": 0
                    }
                },
                {
                    "season": 1,
                    "ranked": {
                        "k": 0,
                        "d": 0,
                        "a": 0,
                        "w": 0,
                        "l": 0
                    },
                    "casual": {
                        "k": 0,
                        "d": 0,
                        "a": 0,
                        "w": 0,
                        "l": 0
                    },
                    "custom": {
                        "k": 0,
                        "d": 0,
                        "a": 0,
                        "w": 0,
                        "l": 0
                    }
                },
                {
                    "season": 2,
                    "ranked": {
                        "k": 0,
                        "d": 0,
                        "a": 0,
                        "w": 0,
                        "l": 0
                    },
                    "casual": {
                        "k": 58,
                        "d": 28,
                        "a": 8,
                        "w": 2,
                        "l": 0
                    },
                    "custom": {
                        "k": 487,
                        "d": 279,
                        "a": 43,
                        "w": 0,
                        "l": 0
                    }
                },
                {
                    "season": 3,
                    "ranked": {
                        "k": 5215,
                        "d": 3803,
                        "a": 635,
                        "w": 203,
                        "l": 74
                    },
                    "casual": {
                        "k": 5486,
                        "d": 2434,
                        "a": 371,
                        "w": 123,
                        "l": 48
                    },
                    "custom": {
                        "k": 35929,
                        "d": 24586,
                        "a": 2824,
                        "w": 0,
                        "l": 0
                    }
                },
                {
                    "season": 4,
                    "ranked": {
                        "k": 1245,
                        "d": 874,
                        "a": 168,
                        "w": 58,
                        "l": 15
                    },
                    "casual": {
                        "k": 4926,
                        "d": 2220,
                        "a": 338,
                        "w": 86,
                        "l": 33
                    },
                    "custom": {
                        "k": 18957,
                        "d": 13559,
                        "a": 1562,
                        "w": 0,
                        "l": 0
                    }
                },
                {
                    "season": 5,
                    "ranked": {
                        "k": 962,
                        "d": 659,
                        "a": 92,
                        "w": 35,
                        "l": 16
                    },
                    "casual": {
                        "k": 1466,
                        "d": 670,
                        "a": 87,
                        "w": 19,
                        "l": 4
                    },
                    "custom": {
                        "k": 5045,
                        "d": 3705,
                        "a": 533,
                        "w": 0,
                        "l": 0
                    }
                },
                {
                    "season": 6,
                    "ranked": {
                        "k": 890,
                        "d": 523,
                        "a": 114,
                        "w": 29,
                        "l": 9
                    },
                    "casual": {
                        "k": 972,
                        "d": 404,
                        "a": 67,
                        "w": 5,
                        "l": 2
                    },
                    "custom": {
                        "k": 2514,
                        "d": 1595,
                        "a": 234,
                        "w": 0,
                        "l": 0
                    }
                }
            ],
            "ranked": {
                "placement_matches_left": 0,
                "highest_rank": 9,
                "rating": 2167,
                "global_position": 248,
                "rank": 9
            }
        },
        "ban": null,
        "reports": [],
        "clan": {
            "basicInfo": {
                "name": "CsPRoGaMeRZ",
                "tag": "CsPG"
            },
            "id": 11,
            "memberRank": 10
        }
    }
]