[
    {
        "basicInfo": {
            "userID": 104160116,
            "name": "Ziren",
            "userType": 1,
            "iconID": 62,
            "level": 348
        },
        "userSettings": {
            "blockFriendRequests": false,
            "block_clan_requests": false,
            "equipped_emblem": 56
        },
        "friendStatus": 0,
        "stats": {
            "seasonal_stats": [
                {
                    "season": 0,
                    "ranked": {
                        "k": 10943,
                        "d": 8791,
                        "a": 1277,
                        "w": 507,
                        "l": 420
                    },
                    "casual": {
                        "k": 0,
                        "d": 0,
                        "a": 0,
                        "w": 0,
                        "l": 0
                    },
                    "custom": {
                        "k": 101005,
                        "d": 45764,
                        "a": 5207,
                        "w": 0,
                        "l": 0
                    }
                },
                {
                    "season": 1,
                    "ranked": {
                        "k": 4089,
                        "d": 3460,
                        "a": 468,
                        "w": 208,
                        "l": 167
                    },
                    "casual": {
                        "k": 0,
                        "d": 0,
                        "a": 0,
                        "w": 292,
                        "l": 63
                    },
                    "custom": {
                        "k": 0,
                        "d": 0,
                        "a": 0,
                        "w": 0,
                        "l": 0
                    }
                },
                {
                    "season": 2,
                    "ranked": {
                        "k": 4460,
                        "d": 3241,
                        "a": 488,
                        "w": 184,
                        "l": 158
                    },
                    "casual": {
                        "k": 0,
                        "d": 0,
                        "a": 0,
                        "w": 120,
                        "l": 56
                    },
                    "custom": {
                        "k": 0,
                        "d": 0,
                        "a": 0,
                        "w": 0,
                        "l": 0
                    }
                },
                {
                    "season": 3,
                    "ranked": {
                        "k": 1372,
                        "d": 841,
                        "a": 100,
                        "w": 35,
                        "l": 29
                    },
                    "casual": {
                        "k": 601,
                        "d": 327,
                        "a": 45,
                        "w": 9,
                        "l": 5
                    },
                    "custom": {
                        "k": 419,
                        "d": 602,
                        "a": 5,
                        "w": 0,
                        "l": 0
                    }
                },
                {
                    "season": 4,
                    "ranked": {
                        "k": 3126,
                        "d": 2829,
                        "a": 356,
                        "w": 111,
                        "l": 79
                    },
                    "casual": {
                        "k": 9488,
                        "d": 3997,
                        "a": 577,
                        "w": 329,
                        "l": 62
                    },
                    "custom": {
                        "k": 2337,
                        "d": 1862,
                        "a": 108,
                        "w": 0,
                        "l": 0
                    }
                },
                {
                    "season": 5,
                    "ranked": {
                        "k": 2859,
                        "d": 2354,
                        "a": 287,
                        "w": 97,
                        "l": 65
                    },
                    "casual": {
                        "k": 9151,
                        "d": 3645,
                        "a": 518,
                        "w": 135,
                        "l": 29
                    },
                    "custom": {
                        "k": 1727,
                        "d": 1464,
                        "a": 146,
                        "w": 0,
                        "l": 0
                    }
                },
                {
                    "season": 6,
                    "ranked": {
                        "k": 1522,
                        "d": 1222,
                        "a": 235,
                        "w": 71,
                        "l": 22
                    },
                    "casual": {
                        "k": 4182,
                        "d": 1632,
                        "a": 238,
                        "w": 35,
                        "l": 6
                    },
                    "custom": {
                        "k": 2312,
                        "d": 2097,
                        "a": 188,
                        "w": 0,
                        "l": 0
                    }
                }
            ],
            "ranked": {
                "placement_matches_left": 0,
                "highest_rank": 9,
                "rating": 2212,
                "global_position": 137,
                "rank": 9
            }
        },
        "ban": null,
        "reports": [],
        "clan": {
            "basicInfo": {
                "name": "Nvyus",
                "tag": "nvy"
            },
            "id": 17640,
            "memberRank": 10
        }
    }
]